leverdatum,productcode,product,leverancier,aantal,besteleenheid,bedrag
2023-09-04,BIER01,Pils fust 50L,Brouwerij Noord,2,fust,236.0
2023-09-07,BIER01,Pils fust 50L,Brouwerij Noord,1,fust,118.0
2023-09-11,BIER01,Pils fust 50L,Brouwerij Noord,2,fust,236.0
2023-09-18,BIER01,Pils fust 50L,Brouwerij Noord,1,fust,118.0
2023-09-21,BIER01,Pils fust 50L,Brouwerij Noord,1,fust,118.0
2023-09-25,BIER01,Pils fust 50L,Brouwerij Noord,1,fust,118.0
2023-09-28,BIER01,Pils fust 50L,Brouwerij Noord,1,fust,118.0
2023-10-02,BIER01,Pils fust 50L,Brouwerij Noord,2,fust,236.0
2023-10-05,BIER01,Pils fust 50L,Brouwerij Noord,1,fust,118.0
2023-10-09,BIER01,Pils fust 50L,Brouwerij Noord,1,fust,118.0
2023-10-12,BIER01,Pils fust 50L,Brouwerij Noord,1,fust,118.0
2023-10-16,BIER01,Pils fust 50L,Brouwerij Noord,1,fust,118.0
2023-10-19,BIER01,Pils fust 50L,Brouwerij Noord,1,fust,118.0
2023-10-23,BIER01,Pils fust 50L,Brouwerij Noord,1,fust,118.0
2023-10-26,BIER01,Pils fust 50L,Brouwerij Noord,2,fust,236.0
2023-11-02,BIER01,Pils fust 50L,Brouwerij Noord,1,fust,118.0
2023-11-06,BIER01,Pils fust 50L,Brouwerij Noord,1,fust,118.0
2023-11-09,BIER01,Pils fust 50L,Brouwerij Noord,1,fust,118.0
2023-11-13,BIER01,Pils fust 50L,Brouwerij Noord,1,fust,118.0
2023-11-16,BIER01,Pils fust 50L,Brouwerij Noord,1,fust,118.0
2023-11-20,BIER01,Pils fust 50L,Brouwerij Noord,1,fust,118.0
2023-11-23,BIER01,Pils fust 50L,Brouwerij Noord,1,fust,118.0
2023-11-30,BIER01,Pils fust 50L,Brouwerij Noord,1,fust,118.0
2023-12-04,BIER01,Pils fust 50L,Brouwerij Noord,1,fust,118.0
2023-12-07,BIER01,Pils fust 50L,Brouwerij Noord,1,fust,118.0
2023-12-11,BIER01,Pils fust 50L,Brouwerij Noord,1,fust,118.0
2023-12-14,BIER01,Pils fust 50L,Brouwerij Noord,1,fust,118.0
2023-12-21,BIER01,Pils fust 50L,Brouwerij Noord,1,fust,118.0
2023-12-25,BIER01,Pils fust 50L,Brouwerij Noord,1,fust,118.0
2023-12-28,BIER01,Pils fust 50L,Brouwerij Noord,1,fust,118.0
2024-01-04,BIER01,Pils fust 50L,Brouwerij Noord,1,fust,118.0
2024-01-11,BIER01,Pils fust 50L,Brouwerij Noord,1,fust,118.0
2024-01-18,BIER01,Pils fust 50L,Brouwerij Noord,1,fust,118.0
2024-01-22,BIER01,Pils fust 50L,Brouwerij Noord,1,fust,118.0
2024-01-29,BIER01,Pils fust 50L,Brouwerij Noord,1,fust,118.0
2024-02-01,BIER01,Pils fust 50L,Brouwerij Noord,1,fust,118.0
2024-02-05,BIER01,Pils fust 50L,Brouwerij Noord,1,fust,118.0
2024-02-08,BIER01,Pils fust 50L,Brouwerij Noord,1,fust,118.0
2024-02-12,BIER01,Pils fust 50L,Brouwerij Noord,1,fust,118.0
2024-02-15,BIER01,Pils fust 50L,Brouwerij Noord,1,fust,118.0
2024-02-22,BIER01,Pils fust 50L,Brouwerij Noord,1,fust,118.0
2024-02-26,BIER01,Pils fust 50L,Brouwerij Noord,1,fust,118.0
2024-02-29,BIER01,Pils fust 50L,Brouwerij Noord,1,fust,118.0
2024-03-07,BIER01,Pils fust 50L,Brouwerij Noord,1,fust,118.0
2024-03-11,BIER01,Pils fust 50L,Brouwerij Noord,1,fust,118.0
2024-03-18,BIER01,Pils fust 50L,Brouwerij Noord,1,fust,118.0
2024-03-21,BIER01,Pils fust 50L,Brouwerij Noord,1,fust,118.0
2024-03-25,BIER01,Pils fust 50L,Brouwerij Noord,1,fust,118.0
2024-03-28,BIER01,Pils fust 50L,Brouwerij Noord,1,fust,118.0
2024-04-01,BIER01,Pils fust 50L,Brouwerij Noord,1,fust,118.0
2024-04-04,BIER01,Pils fust 50L,Brouwerij Noord,1,fust,118.0
2024-04-08,BIER01,Pils fust 50L,Brouwerij Noord,1,fust,118.0
2024-04-15,BIER01,Pils fust 50L,Brouwerij Noord,1,fust,118.0
2024-04-18,BIER01,Pils fust 50L,Brouwerij Noord,1,fust,118.0
2024-04-22,BIER01,Pils fust 50L,Brouwerij Noord,1,fust,118.0
2024-04-25,BIER01,Pils fust 50L,Brouwerij Noord,1,fust,118.0
2024-04-29,BIER01,Pils fust 50L,Brouwerij Noord,1,fust,118.0
2024-05-02,BIER01,Pils fust 50L,Brouwerij Noord,1,fust,118.0
2024-05-06,BIER01,Pils fust 50L,Brouwerij Noord,2,fust,236.0
2024-05-09,BIER01,Pils fust 50L,Brouwerij Noord,1,fust,118.0
2024-05-13,BIER01,Pils fust 50L,Brouwerij Noord,1,fust,118.0
2024-05-16,BIER01,Pils fust 50L,Brouwerij Noord,1,fust,118.0
2024-05-20,BIER01,Pils fust 50L,Brouwerij Noord,2,fust,236.0
2024-05-23,BIER01,Pils fust 50L,Brouwerij Noord,1,fust,118.0
2024-05-27,BIER01,Pils fust 50L,Brouwerij Noord,1,fust,118.0
2024-05-30,BIER01,Pils fust 50L,Brouwerij Noord,1,fust,118.0
2024-06-03,BIER01,Pils fust 50L,Brouwerij Noord,2,fust,236.0
2024-06-06,BIER01,Pils fust 50L,Brouwerij Noord,1,fust,118.0
2024-06-10,BIER01,Pils fust 50L,Brouwerij Noord,2,fust,236.0
2024-06-13,BIER01,Pils fust 50L,Brouwerij Noord,1,fust,118.0
2024-06-17,BIER01,Pils fust 50L,Brouwerij Noord,1,fust,118.0
2024-06-20,BIER01,Pils fust 50L,Brouwerij Noord,2,fust,236.0
2024-06-24,BIER01,Pils fust 50L,Brouwerij Noord,1,fust,118.0
2024-06-27,BIER01,Pils fust 50L,Brouwerij Noord,1,fust,118.0
2024-07-01,BIER01,Pils fust 50L,Brouwerij Noord,2,fust,236.0
2024-07-04,BIER01,Pils fust 50L,Brouwerij Noord,1,fust,118.0
2024-07-08,BIER01,Pils fust 50L,Brouwerij Noord,2,fust,236.0
2024-07-11,BIER01,Pils fust 50L,Brouwerij Noord,2,fust,236.0
2024-07-15,BIER01,Pils fust 50L,Brouwerij Noord,1,fust,118.0
2024-07-18,BIER01,Pils fust 50L,Brouwerij Noord,1,fust,118.0
2024-07-22,BIER01,Pils fust 50L,Brouwerij Noord,1,fust,118.0
2024-07-25,BIER01,Pils fust 50L,Brouwerij Noord,2,fust,236.0
2024-07-29,BIER01,Pils fust 50L,Brouwerij Noord,2,fust,236.0
2024-08-01,BIER01,Pils fust 50L,Brouwerij Noord,1,fust,118.0
2024-08-05,BIER01,Pils fust 50L,Brouwerij Noord,2,fust,236.0
2024-08-08,BIER01,Pils fust 50L,Brouwerij Noord,1,fust,118.0
2024-08-12,BIER01,Pils fust 50L,Brouwerij Noord,2,fust,236.0
2024-08-15,BIER01,Pils fust 50L,Brouwerij Noord,1,fust,118.0
2024-08-19,BIER01,Pils fust 50L,Brouwerij Noord,1,fust,118.0
2024-08-22,BIER01,Pils fust 50L,Brouwerij Noord,2,fust,236.0
2024-08-26,BIER01,Pils fust 50L,Brouwerij Noord,1,fust,118.0
2024-08-29,BIER01,Pils fust 50L,Brouwerij Noord,1,fust,118.0
2024-09-02,BIER01,Pils fust 50L,Brouwerij Noord,2,fust,236.0
2024-09-05,BIER01,Pils fust 50L,Brouwerij Noord,1,fust,118.0
2024-09-09,BIER01,Pils fust 50L,Brouwerij Noord,1,fust,118.0
2024-09-12,BIER01,Pils fust 50L,Brouwerij Noord,1,fust,118.0
2024-09-16,BIER01,Pils fust 50L,Brouwerij Noord,1,fust,118.0
2024-09-19,BIER01,Pils fust 50L,Brouwerij Noord,1,fust,118.0
2024-09-23,BIER01,Pils fust 50L,Brouwerij Noord,2,fust,236.0
2024-09-26,BIER01,Pils fust 50L,Brouwerij Noord,1,fust,118.0
2024-09-30,BIER01,Pils fust 50L,Brouwerij Noord,1,fust,118.0
2024-10-03,BIER01,Pils fust 50L,Brouwerij Noord,1,fust,118.0
2024-10-07,BIER01,Pils fust 50L,Brouwerij Noord,1,fust,118.0
2024-10-10,BIER01,Pils fust 50L,Brouwerij Noord,1,fust,118.0
2024-10-14,BIER01,Pils fust 50L,Brouwerij Noord,1,fust,118.0
2024-10-17,BIER01,Pils fust 50L,Brouwerij Noord,1,fust,118.0
2024-10-21,BIER01,Pils fust 50L,Brouwerij Noord,1,fust,118.0
2024-10-24,BIER01,Pils fust 50L,Brouwerij Noord,1,fust,118.0
2024-10-28,BIER01,Pils fust 50L,Brouwerij Noord,1,fust,118.0
2024-10-31,BIER01,Pils fust 50L,Brouwerij Noord,1,fust,118.0
2024-11-04,BIER01,Pils fust 50L,Brouwerij Noord,1,fust,118.0
2024-11-07,BIER01,Pils fust 50L,Brouwerij Noord,1,fust,118.0
2024-11-11,BIER01,Pils fust 50L,Brouwerij Noord,1,fust,118.0
2024-11-14,BIER01,Pils fust 50L,Brouwerij Noord,1,fust,118.0
2024-11-21,BIER01,Pils fust 50L,Brouwerij Noord,1,fust,118.0
2024-11-25,BIER01,Pils fust 50L,Brouwerij Noord,1,fust,118.0
2024-11-28,BIER01,Pils fust 50L,Brouwerij Noord,1,fust,118.0
2024-12-02,BIER01,Pils fust 50L,Brouwerij Noord,1,fust,118.0
2024-12-09,BIER01,Pils fust 50L,Brouwerij Noord,1,fust,118.0
2024-12-12,BIER01,Pils fust 50L,Brouwerij Noord,1,fust,118.0
2024-12-16,BIER01,Pils fust 50L,Brouwerij Noord,1,fust,118.0
2024-12-19,BIER01,Pils fust 50L,Brouwerij Noord,1,fust,118.0
2024-12-23,BIER01,Pils fust 50L,Brouwerij Noord,1,fust,118.0
2024-12-26,BIER01,Pils fust 50L,Brouwerij Noord,1,fust,118.0
2024-12-30,BIER01,Pils fust 50L,Brouwerij Noord,1,fust,118.0
2025-01-06,BIER01,Pils fust 50L,Brouwerij Noord,1,fust,118.0
2025-01-13,BIER01,Pils fust 50L,Brouwerij Noord,1,fust,118.0
2025-01-20,BIER01,Pils fust 50L,Brouwerij Noord,1,fust,118.0
2025-01-27,BIER01,Pils fust 50L,Brouwerij Noord,1,fust,118.0
2025-02-03,BIER01,Pils fust 50L,Brouwerij Noord,1,fust,118.0
2025-02-06,BIER01,Pils fust 50L,Brouwerij Noord,1,fust,118.0
2025-02-10,BIER01,Pils fust 50L,Brouwerij Noord,1,fust,118.0
2025-02-13,BIER01,Pils fust 50L,Brouwerij Noord,1,fust,118.0
2025-02-17,BIER01,Pils fust 50L,Brouwerij Noord,1,fust,118.0
2025-02-24,BIER01,Pils fust 50L,Brouwerij Noord,1,fust,118.0
2025-02-27,BIER01,Pils fust 50L,Brouwerij Noord,1,fust,118.0
2025-03-03,BIER01,Pils fust 50L,Brouwerij Noord,1,fust,118.0
2025-03-06,BIER01,Pils fust 50L,Brouwerij Noord,1,fust,118.0
2025-03-10,BIER01,Pils fust 50L,Brouwerij Noord,1,fust,118.0
2025-03-17,BIER01,Pils fust 50L,Brouwerij Noord,1,fust,118.0
2025-03-20,BIER01,Pils fust 50L,Brouwerij Noord,1,fust,118.0
2025-03-24,BIER01,Pils fust 50L,Brouwerij Noord,1,fust,118.0
2025-03-27,BIER01,Pils fust 50L,Brouwerij Noord,1,fust,118.0
2025-03-31,BIER01,Pils fust 50L,Brouwerij Noord,1,fust,118.0
2025-04-03,BIER01,Pils fust 50L,Brouwerij Noord,1,fust,118.0
2025-04-07,BIER01,Pils fust 50L,Brouwerij Noord,1,fust,118.0
2025-04-10,BIER01,Pils fust 50L,Brouwerij Noord,1,fust,118.0
2025-04-14,BIER01,Pils fust 50L,Brouwerij Noord,1,fust,118.0
2025-04-21,BIER01,Pils fust 50L,Brouwerij Noord,1,fust,118.0
2025-04-24,BIER01,Pils fust 50L,Brouwerij Noord,1,fust,118.0
2025-04-28,BIER01,Pils fust 50L,Brouwerij Noord,2,fust,236.0
2025-05-01,BIER01,Pils fust 50L,Brouwerij Noord,1,fust,118.0
2025-05-05,BIER01,Pils fust 50L,Brouwerij Noord,1,fust,118.0
2025-05-08,BIER01,Pils fust 50L,Brouwerij Noord,1,fust,118.0
2025-05-12,BIER01,Pils fust 50L,Brouwerij Noord,1,fust,118.0
2025-05-15,BIER01,Pils fust 50L,Brouwerij Noord,1,fust,118.0
2025-05-19,BIER01,Pils fust 50L,Brouwerij Noord,2,fust,236.0
2025-05-22,BIER01,Pils fust 50L,Brouwerij Noord,1,fust,118.0
2025-05-26,BIER01,Pils fust 50L,Brouwerij Noord,1,fust,118.0
2025-05-29,BIER01,Pils fust 50L,Brouwerij Noord,2,fust,236.0
2025-06-02,BIER01,Pils fust 50L,Brouwerij Noord,1,fust,118.0
2025-06-05,BIER01,Pils fust 50L,Brouwerij Noord,2,fust,236.0
2025-06-09,BIER01,Pils fust 50L,Brouwerij Noord,1,fust,118.0
2025-06-12,BIER01,Pils fust 50L,Brouwerij Noord,2,fust,236.0
2025-06-16,BIER01,Pils fust 50L,Brouwerij Noord,2,fust,236.0
2025-06-19,BIER01,Pils fust 50L,Brouwerij Noord,1,fust,118.0
2025-06-23,BIER01,Pils fust 50L,Brouwerij Noord,2,fust,236.0
2025-06-26,BIER01,Pils fust 50L,Brouwerij Noord,1,fust,118.0
2025-06-30,BIER01,Pils fust 50L,Brouwerij Noord,2,fust,236.0
2025-07-03,BIER01,Pils fust 50L,Brouwerij Noord,1,fust,118.0
2025-07-07,BIER01,Pils fust 50L,Brouwerij Noord,2,fust,236.0
2025-07-10,BIER01,Pils fust 50L,Brouwerij Noord,1,fust,118.0
2025-07-14,BIER01,Pils fust 50L,Brouwerij Noord,2,fust,236.0
2025-07-17,BIER01,Pils fust 50L,Brouwerij Noord,2,fust,236.0
2025-07-21,BIER01,Pils fust 50L,Brouwerij Noord,1,fust,118.0
2025-07-24,BIER01,Pils fust 50L,Brouwerij Noord,2,fust,236.0
2025-07-28,BIER01,Pils fust 50L,Brouwerij Noord,2,fust,236.0
2025-07-31,BIER01,Pils fust 50L,Brouwerij Noord,2,fust,236.0
2025-08-04,BIER01,Pils fust 50L,Brouwerij Noord,2,fust,236.0
2025-08-07,BIER01,Pils fust 50L,Brouwerij Noord,1,fust,118.0
2025-08-11,BIER01,Pils fust 50L,Brouwerij Noord,2,fust,236.0
2025-08-14,BIER01,Pils fust 50L,Brouwerij Noord,2,fust,236.0
2025-08-18,BIER01,Pils fust 50L,Brouwerij Noord,1,fust,118.0
2025-08-21,BIER01,Pils fust 50L,Brouwerij Noord,1,fust,118.0
2025-08-25,BIER01,Pils fust 50L,Brouwerij Noord,1,fust,118.0
2025-08-28,BIER01,Pils fust 50L,Brouwerij Noord,2,fust,236.0
2025-09-01,BIER01,Pils fust 50L,Brouwerij Noord,1,fust,118.0
2025-09-04,BIER01,Pils fust 50L,Brouwerij Noord,1,fust,118.0
2025-09-08,BIER01,Pils fust 50L,Brouwerij Noord,2,fust,236.0
2025-09-11,BIER01,Pils fust 50L,Brouwerij Noord,1,fust,118.0
2025-09-15,BIER01,Pils fust 50L,Brouwerij Noord,1,fust,118.0
2025-09-18,BIER01,Pils fust 50L,Brouwerij Noord,1,fust,118.0
2025-09-22,BIER01,Pils fust 50L,Brouwerij Noord,1,fust,118.0
2025-09-25,BIER01,Pils fust 50L,Brouwerij Noord,1,fust,118.0
2025-09-29,BIER01,Pils fust 50L,Brouwerij Noord,1,fust,118.0
2025-10-02,BIER01,Pils fust 50L,Brouwerij Noord,1,fust,118.0
2025-10-06,BIER01,Pils fust 50L,Brouwerij Noord,1,fust,118.0
2025-10-09,BIER01,Pils fust 50L,Brouwerij Noord,1,fust,118.0
2025-10-13,BIER01,Pils fust 50L,Brouwerij Noord,1,fust,118.0
2025-10-16,BIER01,Pils fust 50L,Brouwerij Noord,1,fust,118.0
2025-10-20,BIER01,Pils fust 50L,Brouwerij Noord,2,fust,236.0
2025-10-27,BIER01,Pils fust 50L,Brouwerij Noord,2,fust,236.0
2025-10-30,BIER01,Pils fust 50L,Brouwerij Noord,1,fust,118.0
2025-11-03,BIER01,Pils fust 50L,Brouwerij Noord,1,fust,118.0
2025-11-06,BIER01,Pils fust 50L,Brouwerij Noord,1,fust,118.0
2025-11-10,BIER01,Pils fust 50L,Brouwerij Noord,1,fust,118.0
2025-11-17,BIER01,Pils fust 50L,Brouwerij Noord,2,fust,236.0
2025-11-24,BIER01,Pils fust 50L,Brouwerij Noord,1,fust,118.0
2025-11-27,BIER01,Pils fust 50L,Brouwerij Noord,1,fust,118.0
2025-12-01,BIER01,Pils fust 50L,Brouwerij Noord,1,fust,118.0
2025-12-08,BIER01,Pils fust 50L,Brouwerij Noord,1,fust,118.0
2025-12-11,BIER01,Pils fust 50L,Brouwerij Noord,1,fust,118.0
2025-12-15,BIER01,Pils fust 50L,Brouwerij Noord,1,fust,118.0
2025-12-18,BIER01,Pils fust 50L,Brouwerij Noord,1,fust,118.0
2025-12-22,BIER01,Pils fust 50L,Brouwerij Noord,1,fust,118.0
2025-12-25,BIER01,Pils fust 50L,Brouwerij Noord,1,fust,118.0
2025-12-29,BIER01,Pils fust 50L,Brouwerij Noord,1,fust,118.0
2026-01-01,BIER01,Pils fust 50L,Brouwerij Noord,1,fust,118.0
2026-01-08,BIER01,Pils fust 50L,Brouwerij Noord,1,fust,118.0
2026-01-12,BIER01,Pils fust 50L,Brouwerij Noord,1,fust,118.0
2026-01-19,BIER01,Pils fust 50L,Brouwerij Noord,1,fust,118.0
2026-01-22,BIER01,Pils fust 50L,Brouwerij Noord,1,fust,118.0
2026-01-29,BIER01,Pils fust 50L,Brouwerij Noord,1,fust,118.0
2026-02-02,BIER01,Pils fust 50L,Brouwerij Noord,1,fust,118.0
2026-02-05,BIER01,Pils fust 50L,Brouwerij Noord,1,fust,118.0
2026-02-09,BIER01,Pils fust 50L,Brouwerij Noord,1,fust,118.0
2026-02-16,BIER01,Pils fust 50L,Brouwerij Noord,1,fust,118.0
2026-02-19,BIER01,Pils fust 50L,Brouwerij Noord,1,fust,118.0
2026-02-23,BIER01,Pils fust 50L,Brouwerij Noord,1,fust,118.0
2026-02-26,BIER01,Pils fust 50L,Brouwerij Noord,1,fust,118.0
2026-03-02,BIER01,Pils fust 50L,Brouwerij Noord,1,fust,118.0
2026-03-09,BIER01,Pils fust 50L,Brouwerij Noord,1,fust,118.0
2026-03-12,BIER01,Pils fust 50L,Brouwerij Noord,1,fust,118.0
2026-03-16,BIER01,Pils fust 50L,Brouwerij Noord,1,fust,118.0
2026-03-19,BIER01,Pils fust 50L,Brouwerij Noord,1,fust,118.0
2026-03-23,BIER01,Pils fust 50L,Brouwerij Noord,1,fust,118.0
2026-03-26,BIER01,Pils fust 50L,Brouwerij Noord,1,fust,118.0
2026-03-30,BIER01,Pils fust 50L,Brouwerij Noord,1,fust,118.0
2026-04-02,BIER01,Pils fust 50L,Brouwerij Noord,1,fust,118.0
2026-04-06,BIER01,Pils fust 50L,Brouwerij Noord,1,fust,118.0
2026-04-09,BIER01,Pils fust 50L,Brouwerij Noord,1,fust,118.0
2026-04-13,BIER01,Pils fust 50L,Brouwerij Noord,1,fust,118.0
2026-04-16,BIER01,Pils fust 50L,Brouwerij Noord,1,fust,118.0
2026-04-20,BIER01,Pils fust 50L,Brouwerij Noord,1,fust,118.0
2026-04-23,BIER01,Pils fust 50L,Brouwerij Noord,1,fust,118.0
2026-04-27,BIER01,Pils fust 50L,Brouwerij Noord,2,fust,236.0
2026-04-30,BIER01,Pils fust 50L,Brouwerij Noord,1,fust,118.0
2026-05-04,BIER01,Pils fust 50L,Brouwerij Noord,1,fust,118.0
2026-05-07,BIER01,Pils fust 50L,Brouwerij Noord,1,fust,118.0
2026-05-11,BIER01,Pils fust 50L,Brouwerij Noord,1,fust,118.0
2026-05-14,BIER01,Pils fust 50L,Brouwerij Noord,1,fust,118.0
2026-05-18,BIER01,Pils fust 50L,Brouwerij Noord,2,fust,236.0
2026-05-21,BIER01,Pils fust 50L,Brouwerij Noord,1,fust,118.0
2026-05-25,BIER01,Pils fust 50L,Brouwerij Noord,1,fust,118.0
2026-05-28,BIER01,Pils fust 50L,Brouwerij Noord,1,fust,118.0
2026-06-01,BIER01,Pils fust 50L,Brouwerij Noord,2,fust,236.0
2026-06-04,BIER01,Pils fust 50L,Brouwerij Noord,1,fust,118.0
2026-06-08,BIER01,Pils fust 50L,Brouwerij Noord,2,fust,236.0
2026-06-11,BIER01,Pils fust 50L,Brouwerij Noord,1,fust,118.0
2026-06-15,BIER01,Pils fust 50L,Brouwerij Noord,2,fust,236.0
2026-06-18,BIER01,Pils fust 50L,Brouwerij Noord,1,fust,118.0
2026-06-22,BIER01,Pils fust 50L,Brouwerij Noord,2,fust,236.0
2026-06-25,BIER01,Pils fust 50L,Brouwerij Noord,2,fust,236.0
2026-06-29,BIER01,Pils fust 50L,Brouwerij Noord,1,fust,118.0
2026-07-02,BIER01,Pils fust 50L,Brouwerij Noord,2,fust,236.0
2026-07-06,BIER01,Pils fust 50L,Brouwerij Noord,2,fust,236.0
2026-07-09,BIER01,Pils fust 50L,Brouwerij Noord,1,fust,118.0
2026-07-13,BIER01,Pils fust 50L,Brouwerij Noord,2,fust,236.0
2026-07-16,BIER01,Pils fust 50L,Brouwerij Noord,1,fust,118.0
2026-07-20,BIER01,Pils fust 50L,Brouwerij Noord,2,fust,236.0
2026-07-23,BIER01,Pils fust 50L,Brouwerij Noord,2,fust,236.0
2026-07-27,BIER01,Pils fust 50L,Brouwerij Noord,2,fust,236.0
2026-07-30,BIER01,Pils fust 50L,Brouwerij Noord,2,fust,236.0
2026-08-03,BIER01,Pils fust 50L,Brouwerij Noord,1,fust,118.0
2026-08-06,BIER01,Pils fust 50L,Brouwerij Noord,2,fust,236.0
2026-08-10,BIER01,Pils fust 50L,Brouwerij Noord,1,fust,118.0
2026-08-13,BIER01,Pils fust 50L,Brouwerij Noord,1,fust,118.0
2026-08-17,BIER01,Pils fust 50L,Brouwerij Noord,2,fust,236.0
2026-08-20,BIER01,Pils fust 50L,Brouwerij Noord,1,fust,118.0
2026-08-24,BIER01,Pils fust 50L,Brouwerij Noord,2,fust,236.0
2026-08-27,BIER01,Pils fust 50L,Brouwerij Noord,1,fust,118.0
2026-08-31,BIER01,Pils fust 50L,Brouwerij Noord,1,fust,118.0
2023-09-04,BIER02,"Speciaalbier krat 24x0,33",Brouwerij Noord,3,krat,115.2
2023-09-07,BIER02,"Speciaalbier krat 24x0,33",Brouwerij Noord,2,krat,76.8
2023-09-11,BIER02,"Speciaalbier krat 24x0,33",Brouwerij Noord,4,krat,153.6
2023-09-14,BIER02,"Speciaalbier krat 24x0,33",Brouwerij Noord,1,krat,38.4
2023-09-18,BIER02,"Speciaalbier krat 24x0,33",Brouwerij Noord,1,krat,38.4
2023-09-21,BIER02,"Speciaalbier krat 24x0,33",Brouwerij Noord,2,krat,76.8
2023-09-25,BIER02,"Speciaalbier krat 24x0,33",Brouwerij Noord,2,krat,76.8
2023-09-28,BIER02,"Speciaalbier krat 24x0,33",Brouwerij Noord,1,krat,38.4
2023-10-02,BIER02,"Speciaalbier krat 24x0,33",Brouwerij Noord,2,krat,76.8
2023-10-05,BIER02,"Speciaalbier krat 24x0,33",Brouwerij Noord,2,krat,76.8
2023-10-09,BIER02,"Speciaalbier krat 24x0,33",Brouwerij Noord,2,krat,76.8
2023-10-12,BIER02,"Speciaalbier krat 24x0,33",Brouwerij Noord,3,krat,115.2
2023-10-16,BIER02,"Speciaalbier krat 24x0,33",Brouwerij Noord,1,krat,38.4
2023-10-19,BIER02,"Speciaalbier krat 24x0,33",Brouwerij Noord,1,krat,38.4
2023-10-23,BIER02,"Speciaalbier krat 24x0,33",Brouwerij Noord,2,krat,76.8
2023-10-26,BIER02,"Speciaalbier krat 24x0,33",Brouwerij Noord,2,krat,76.8
2023-10-30,BIER02,"Speciaalbier krat 24x0,33",Brouwerij Noord,2,krat,76.8
2023-11-02,BIER02,"Speciaalbier krat 24x0,33",Brouwerij Noord,3,krat,115.2
2023-11-06,BIER02,"Speciaalbier krat 24x0,33",Brouwerij Noord,2,krat,76.8
2023-11-09,BIER02,"Speciaalbier krat 24x0,33",Brouwerij Noord,2,krat,76.8
2023-11-13,BIER02,"Speciaalbier krat 24x0,33",Brouwerij Noord,2,krat,76.8
2023-11-16,BIER02,"Speciaalbier krat 24x0,33",Brouwerij Noord,2,krat,76.8
2023-11-20,BIER02,"Speciaalbier krat 24x0,33",Brouwerij Noord,1,krat,38.4
2023-11-23,BIER02,"Speciaalbier krat 24x0,33",Brouwerij Noord,2,krat,76.8
2023-11-27,BIER02,"Speciaalbier krat 24x0,33",Brouwerij Noord,2,krat,76.8
2023-11-30,BIER02,"Speciaalbier krat 24x0,33",Brouwerij Noord,1,krat,38.4
2023-12-04,BIER02,"Speciaalbier krat 24x0,33",Brouwerij Noord,1,krat,38.4
2023-12-07,BIER02,"Speciaalbier krat 24x0,33",Brouwerij Noord,2,krat,76.8
2023-12-14,BIER02,"Speciaalbier krat 24x0,33",Brouwerij Noord,2,krat,76.8
2023-12-18,BIER02,"Speciaalbier krat 24x0,33",Brouwerij Noord,1,krat,38.4
2023-12-21,BIER02,"Speciaalbier krat 24x0,33",Brouwerij Noord,2,krat,76.8
2023-12-25,BIER02,"Speciaalbier krat 24x0,33",Brouwerij Noord,1,krat,38.4
2023-12-28,BIER02,"Speciaalbier krat 24x0,33",Brouwerij Noord,1,krat,38.4
2024-01-01,BIER02,"Speciaalbier krat 24x0,33",Brouwerij Noord,1,krat,38.4
2024-01-04,BIER02,"Speciaalbier krat 24x0,33",Brouwerij Noord,2,krat,76.8
2024-01-08,BIER02,"Speciaalbier krat 24x0,33",Brouwerij Noord,1,krat,38.4
2024-01-11,BIER02,"Speciaalbier krat 24x0,33",Brouwerij Noord,2,krat,76.8
2024-01-18,BIER02,"Speciaalbier krat 24x0,33",Brouwerij Noord,1,krat,38.4
2024-01-22,BIER02,"Speciaalbier krat 24x0,33",Brouwerij Noord,1,krat,38.4
2024-01-25,BIER02,"Speciaalbier krat 24x0,33",Brouwerij Noord,2,krat,76.8
2024-01-29,BIER02,"Speciaalbier krat 24x0,33",Brouwerij Noord,2,krat,76.8
2024-02-01,BIER02,"Speciaalbier krat 24x0,33",Brouwerij Noord,2,krat,76.8
2024-02-05,BIER02,"Speciaalbier krat 24x0,33",Brouwerij Noord,1,krat,38.4
2024-02-08,BIER02,"Speciaalbier krat 24x0,33",Brouwerij Noord,1,krat,38.4
2024-02-12,BIER02,"Speciaalbier krat 24x0,33",Brouwerij Noord,1,krat,38.4
2024-02-15,BIER02,"Speciaalbier krat 24x0,33",Brouwerij Noord,1,krat,38.4
2024-02-19,BIER02,"Speciaalbier krat 24x0,33",Brouwerij Noord,1,krat,38.4
2024-02-22,BIER02,"Speciaalbier krat 24x0,33",Brouwerij Noord,2,krat,76.8
2024-02-26,BIER02,"Speciaalbier krat 24x0,33",Brouwerij Noord,2,krat,76.8
2024-02-29,BIER02,"Speciaalbier krat 24x0,33",Brouwerij Noord,1,krat,38.4
2024-03-04,BIER02,"Speciaalbier krat 24x0,33",Brouwerij Noord,2,krat,76.8
2024-03-07,BIER02,"Speciaalbier krat 24x0,33",Brouwerij Noord,1,krat,38.4
2024-03-11,BIER02,"Speciaalbier krat 24x0,33",Brouwerij Noord,2,krat,76.8
2024-03-14,BIER02,"Speciaalbier krat 24x0,33",Brouwerij Noord,2,krat,76.8
2024-03-18,BIER02,"Speciaalbier krat 24x0,33",Brouwerij Noord,1,krat,38.4
2024-03-21,BIER02,"Speciaalbier krat 24x0,33",Brouwerij Noord,2,krat,76.8
2024-03-25,BIER02,"Speciaalbier krat 24x0,33",Brouwerij Noord,1,krat,38.4
2024-03-28,BIER02,"Speciaalbier krat 24x0,33",Brouwerij Noord,2,krat,76.8
2024-04-01,BIER02,"Speciaalbier krat 24x0,33",Brouwerij Noord,1,krat,38.4
2024-04-04,BIER02,"Speciaalbier krat 24x0,33",Brouwerij Noord,2,krat,76.8
2024-04-08,BIER02,"Speciaalbier krat 24x0,33",Brouwerij Noord,1,krat,38.4
2024-04-11,BIER02,"Speciaalbier krat 24x0,33",Brouwerij Noord,1,krat,38.4
2024-04-15,BIER02,"Speciaalbier krat 24x0,33",Brouwerij Noord,2,krat,76.8
2024-04-18,BIER02,"Speciaalbier krat 24x0,33",Brouwerij Noord,2,krat,76.8
2024-04-22,BIER02,"Speciaalbier krat 24x0,33",Brouwerij Noord,1,krat,38.4
2024-04-25,BIER02,"Speciaalbier krat 24x0,33",Brouwerij Noord,2,krat,76.8
2024-04-29,BIER02,"Speciaalbier krat 24x0,33",Brouwerij Noord,2,krat,76.8
2024-05-02,BIER02,"Speciaalbier krat 24x0,33",Brouwerij Noord,2,krat,76.8
2024-05-06,BIER02,"Speciaalbier krat 24x0,33",Brouwerij Noord,2,krat,76.8
2024-05-09,BIER02,"Speciaalbier krat 24x0,33",Brouwerij Noord,2,krat,76.8
2024-05-13,BIER02,"Speciaalbier krat 24x0,33",Brouwerij Noord,3,krat,115.2
2024-05-16,BIER02,"Speciaalbier krat 24x0,33",Brouwerij Noord,1,krat,38.4
2024-05-20,BIER02,"Speciaalbier krat 24x0,33",Brouwerij Noord,2,krat,76.8
2024-05-23,BIER02,"Speciaalbier krat 24x0,33",Brouwerij Noord,2,krat,76.8
2024-05-27,BIER02,"Speciaalbier krat 24x0,33",Brouwerij Noord,3,krat,115.2
2024-05-30,BIER02,"Speciaalbier krat 24x0,33",Brouwerij Noord,2,krat,76.8
2024-06-03,BIER02,"Speciaalbier krat 24x0,33",Brouwerij Noord,2,krat,76.8
2024-06-06,BIER02,"Speciaalbier krat 24x0,33",Brouwerij Noord,4,krat,153.6
2024-06-10,BIER02,"Speciaalbier krat 24x0,33",Brouwerij Noord,2,krat,76.8
2024-06-13,BIER02,"Speciaalbier krat 24x0,33",Brouwerij Noord,3,krat,115.2
2024-06-17,BIER02,"Speciaalbier krat 24x0,33",Brouwerij Noord,3,krat,115.2
2024-06-20,BIER02,"Speciaalbier krat 24x0,33",Brouwerij Noord,3,krat,115.2
2024-06-24,BIER02,"Speciaalbier krat 24x0,33",Brouwerij Noord,2,krat,76.8
2024-06-27,BIER02,"Speciaalbier krat 24x0,33",Brouwerij Noord,2,krat,76.8
2024-07-01,BIER02,"Speciaalbier krat 24x0,33",Brouwerij Noord,3,krat,115.2
2024-07-04,BIER02,"Speciaalbier krat 24x0,33",Brouwerij Noord,3,krat,115.2
2024-07-08,BIER02,"Speciaalbier krat 24x0,33",Brouwerij Noord,3,krat,115.2
2024-07-11,BIER02,"Speciaalbier krat 24x0,33",Brouwerij Noord,3,krat,115.2
2024-07-15,BIER02,"Speciaalbier krat 24x0,33",Brouwerij Noord,3,krat,115.2
2024-07-18,BIER02,"Speciaalbier krat 24x0,33",Brouwerij Noord,2,krat,76.8
2024-07-22,BIER02,"Speciaalbier krat 24x0,33",Brouwerij Noord,2,krat,76.8
2024-07-25,BIER02,"Speciaalbier krat 24x0,33",Brouwerij Noord,4,krat,153.6
2024-07-29,BIER02,"Speciaalbier krat 24x0,33",Brouwerij Noord,3,krat,115.2
2024-08-01,BIER02,"Speciaalbier krat 24x0,33",Brouwerij Noord,3,krat,115.2
2024-08-05,BIER02,"Speciaalbier krat 24x0,33",Brouwerij Noord,3,krat,115.2
2024-08-08,BIER02,"Speciaalbier krat 24x0,33",Brouwerij Noord,4,krat,153.6
2024-08-12,BIER02,"Speciaalbier krat 24x0,33",Brouwerij Noord,3,krat,115.2
2024-08-15,BIER02,"Speciaalbier krat 24x0,33",Brouwerij Noord,3,krat,115.2
2024-08-19,BIER02,"Speciaalbier krat 24x0,33",Brouwerij Noord,1,krat,38.4
2024-08-22,BIER02,"Speciaalbier krat 24x0,33",Brouwerij Noord,2,krat,76.8
2024-08-26,BIER02,"Speciaalbier krat 24x0,33",Brouwerij Noord,3,krat,115.2
2024-08-29,BIER02,"Speciaalbier krat 24x0,33",Brouwerij Noord,2,krat,76.8
2024-09-02,BIER02,"Speciaalbier krat 24x0,33",Brouwerij Noord,2,krat,76.8
2024-09-05,BIER02,"Speciaalbier krat 24x0,33",Brouwerij Noord,3,krat,115.2
2024-09-09,BIER02,"Speciaalbier krat 24x0,33",Brouwerij Noord,2,krat,76.8
2024-09-12,BIER02,"Speciaalbier krat 24x0,33",Brouwerij Noord,2,krat,76.8
2024-09-16,BIER02,"Speciaalbier krat 24x0,33",Brouwerij Noord,2,krat,76.8
2024-09-19,BIER02,"Speciaalbier krat 24x0,33",Brouwerij Noord,2,krat,76.8
2024-09-23,BIER02,"Speciaalbier krat 24x0,33",Brouwerij Noord,2,krat,76.8
2024-09-26,BIER02,"Speciaalbier krat 24x0,33",Brouwerij Noord,2,krat,76.8
2024-09-30,BIER02,"Speciaalbier krat 24x0,33",Brouwerij Noord,2,krat,76.8
2024-10-03,BIER02,"Speciaalbier krat 24x0,33",Brouwerij Noord,2,krat,76.8
2024-10-07,BIER02,"Speciaalbier krat 24x0,33",Brouwerij Noord,2,krat,76.8
2024-10-10,BIER02,"Speciaalbier krat 24x0,33",Brouwerij Noord,3,krat,115.2
2024-10-14,BIER02,"Speciaalbier krat 24x0,33",Brouwerij Noord,2,krat,76.8
2024-10-17,BIER02,"Speciaalbier krat 24x0,33",Brouwerij Noord,2,krat,76.8
2024-10-21,BIER02,"Speciaalbier krat 24x0,33",Brouwerij Noord,3,krat,115.2
2024-10-24,BIER02,"Speciaalbier krat 24x0,33",Brouwerij Noord,2,krat,76.8
2024-10-28,BIER02,"Speciaalbier krat 24x0,33",Brouwerij Noord,2,krat,76.8
2024-10-31,BIER02,"Speciaalbier krat 24x0,33",Brouwerij Noord,2,krat,76.8
2024-11-04,BIER02,"Speciaalbier krat 24x0,33",Brouwerij Noord,2,krat,76.8
2024-11-07,BIER02,"Speciaalbier krat 24x0,33",Brouwerij Noord,3,krat,115.2
2024-11-11,BIER02,"Speciaalbier krat 24x0,33",Brouwerij Noord,1,krat,38.4
2024-11-14,BIER02,"Speciaalbier krat 24x0,33",Brouwerij Noord,1,krat,38.4
2024-11-18,BIER02,"Speciaalbier krat 24x0,33",Brouwerij Noord,1,krat,38.4
2024-11-21,BIER02,"Speciaalbier krat 24x0,33",Brouwerij Noord,1,krat,38.4
2024-11-25,BIER02,"Speciaalbier krat 24x0,33",Brouwerij Noord,1,krat,38.4
2024-11-28,BIER02,"Speciaalbier krat 24x0,33",Brouwerij Noord,2,krat,76.8
2024-12-05,BIER02,"Speciaalbier krat 24x0,33",Brouwerij Noord,2,krat,76.8
2024-12-09,BIER02,"Speciaalbier krat 24x0,33",Brouwerij Noord,2,krat,76.8
2024-12-12,BIER02,"Speciaalbier krat 24x0,33",Brouwerij Noord,1,krat,38.4
2024-12-16,BIER02,"Speciaalbier krat 24x0,33",Brouwerij Noord,2,krat,76.8
2024-12-19,BIER02,"Speciaalbier krat 24x0,33",Brouwerij Noord,2,krat,76.8
2024-12-23,BIER02,"Speciaalbier krat 24x0,33",Brouwerij Noord,2,krat,76.8
2024-12-26,BIER02,"Speciaalbier krat 24x0,33",Brouwerij Noord,1,krat,38.4
2024-12-30,BIER02,"Speciaalbier krat 24x0,33",Brouwerij Noord,2,krat,76.8
2025-01-06,BIER02,"Speciaalbier krat 24x0,33",Brouwerij Noord,1,krat,38.4
2025-01-09,BIER02,"Speciaalbier krat 24x0,33",Brouwerij Noord,2,krat,76.8
2025-01-16,BIER02,"Speciaalbier krat 24x0,33",Brouwerij Noord,1,krat,38.4
2025-01-20,BIER02,"Speciaalbier krat 24x0,33",Brouwerij Noord,2,krat,76.8
2025-01-23,BIER02,"Speciaalbier krat 24x0,33",Brouwerij Noord,1,krat,38.4
2025-01-27,BIER02,"Speciaalbier krat 24x0,33",Brouwerij Noord,1,krat,38.4
2025-01-30,BIER02,"Speciaalbier krat 24x0,33",Brouwerij Noord,1,krat,38.4
2025-02-03,BIER02,"Speciaalbier krat 24x0,33",Brouwerij Noord,2,krat,76.8
2025-02-06,BIER02,"Speciaalbier krat 24x0,33",Brouwerij Noord,1,krat,38.4
2025-02-10,BIER02,"Speciaalbier krat 24x0,33",Brouwerij Noord,2,krat,76.8
2025-02-13,BIER02,"Speciaalbier krat 24x0,33",Brouwerij Noord,1,krat,38.4
2025-02-17,BIER02,"Speciaalbier krat 24x0,33",Brouwerij Noord,1,krat,38.4
2025-02-20,BIER02,"Speciaalbier krat 24x0,33",Brouwerij Noord,2,krat,76.8
2025-02-24,BIER02,"Speciaalbier krat 24x0,33",Brouwerij Noord,2,krat,76.8
2025-02-27,BIER02,"Speciaalbier krat 24x0,33",Brouwerij Noord,2,krat,76.8
2025-03-03,BIER02,"Speciaalbier krat 24x0,33",Brouwerij Noord,1,krat,38.4
2025-03-06,BIER02,"Speciaalbier krat 24x0,33",Brouwerij Noord,2,krat,76.8
2025-03-10,BIER02,"Speciaalbier krat 24x0,33",Brouwerij Noord,2,krat,76.8
2025-03-13,BIER02,"Speciaalbier krat 24x0,33",Brouwerij Noord,2,krat,76.8
2025-03-17,BIER02,"Speciaalbier krat 24x0,33",Brouwerij Noord,2,krat,76.8
2025-03-20,BIER02,"Speciaalbier krat 24x0,33",Brouwerij Noord,2,krat,76.8
2025-03-24,BIER02,"Speciaalbier krat 24x0,33",Brouwerij Noord,1,krat,38.4
2025-03-27,BIER02,"Speciaalbier krat 24x0,33",Brouwerij Noord,1,krat,38.4
2025-03-31,BIER02,"Speciaalbier krat 24x0,33",Brouwerij Noord,2,krat,76.8
2025-04-03,BIER02,"Speciaalbier krat 24x0,33",Brouwerij Noord,2,krat,76.8
2025-04-07,BIER02,"Speciaalbier krat 24x0,33",Brouwerij Noord,2,krat,76.8
2025-04-10,BIER02,"Speciaalbier krat 24x0,33",Brouwerij Noord,1,krat,38.4
2025-04-14,BIER02,"Speciaalbier krat 24x0,33",Brouwerij Noord,2,krat,76.8
2025-04-17,BIER02,"Speciaalbier krat 24x0,33",Brouwerij Noord,2,krat,76.8
2025-04-21,BIER02,"Speciaalbier krat 24x0,33",Brouwerij Noord,2,krat,76.8
2025-04-24,BIER02,"Speciaalbier krat 24x0,33",Brouwerij Noord,2,krat,76.8
2025-04-28,BIER02,"Speciaalbier krat 24x0,33",Brouwerij Noord,2,krat,76.8
2025-05-01,BIER02,"Speciaalbier krat 24x0,33",Brouwerij Noord,2,krat,76.8
2025-05-05,BIER02,"Speciaalbier krat 24x0,33",Brouwerij Noord,1,krat,38.4
2025-05-08,BIER02,"Speciaalbier krat 24x0,33",Brouwerij Noord,3,krat,115.2
2025-05-12,BIER02,"Speciaalbier krat 24x0,33",Brouwerij Noord,2,krat,76.8
2025-05-15,BIER02,"Speciaalbier krat 24x0,33",Brouwerij Noord,3,krat,115.2
2025-05-19,BIER02,"Speciaalbier krat 24x0,33",Brouwerij Noord,2,krat,76.8
2025-05-22,BIER02,"Speciaalbier krat 24x0,33",Brouwerij Noord,3,krat,115.2
2025-05-26,BIER02,"Speciaalbier krat 24x0,33",Brouwerij Noord,3,krat,115.2
2025-05-29,BIER02,"Speciaalbier krat 24x0,33",Brouwerij Noord,2,krat,76.8
2025-06-02,BIER02,"Speciaalbier krat 24x0,33",Brouwerij Noord,3,krat,115.2
2025-06-05,BIER02,"Speciaalbier krat 24x0,33",Brouwerij Noord,2,krat,76.8
2025-06-09,BIER02,"Speciaalbier krat 24x0,33",Brouwerij Noord,3,krat,115.2
2025-06-12,BIER02,"Speciaalbier krat 24x0,33",Brouwerij Noord,3,krat,115.2
2025-06-16,BIER02,"Speciaalbier krat 24x0,33",Brouwerij Noord,3,krat,115.2
2025-06-19,BIER02,"Speciaalbier krat 24x0,33",Brouwerij Noord,2,krat,76.8
2025-06-23,BIER02,"Speciaalbier krat 24x0,33",Brouwerij Noord,3,krat,115.2
2025-06-26,BIER02,"Speciaalbier krat 24x0,33",Brouwerij Noord,3,krat,115.2
2025-06-30,BIER02,"Speciaalbier krat 24x0,33",Brouwerij Noord,3,krat,115.2
2025-07-03,BIER02,"Speciaalbier krat 24x0,33",Brouwerij Noord,3,krat,115.2
2025-07-07,BIER02,"Speciaalbier krat 24x0,33",Brouwerij Noord,3,krat,115.2
2025-07-10,BIER02,"Speciaalbier krat 24x0,33",Brouwerij Noord,1,krat,38.4
2025-07-14,BIER02,"Speciaalbier krat 24x0,33",Brouwerij Noord,3,krat,115.2
2025-07-17,BIER02,"Speciaalbier krat 24x0,33",Brouwerij Noord,3,krat,115.2
2025-07-21,BIER02,"Speciaalbier krat 24x0,33",Brouwerij Noord,3,krat,115.2
2025-07-24,BIER02,"Speciaalbier krat 24x0,33",Brouwerij Noord,3,krat,115.2
2025-07-28,BIER02,"Speciaalbier krat 24x0,33",Brouwerij Noord,3,krat,115.2
2025-07-31,BIER02,"Speciaalbier krat 24x0,33",Brouwerij Noord,3,krat,115.2
2025-08-04,BIER02,"Speciaalbier krat 24x0,33",Brouwerij Noord,4,krat,153.6
2025-08-07,BIER02,"Speciaalbier krat 24x0,33",Brouwerij Noord,2,krat,76.8
2025-08-11,BIER02,"Speciaalbier krat 24x0,33",Brouwerij Noord,4,krat,153.6
2025-08-14,BIER02,"Speciaalbier krat 24x0,33",Brouwerij Noord,2,krat,76.8
2025-08-18,BIER02,"Speciaalbier krat 24x0,33",Brouwerij Noord,3,krat,115.2
2025-08-21,BIER02,"Speciaalbier krat 24x0,33",Brouwerij Noord,2,krat,76.8
2025-08-25,BIER02,"Speciaalbier krat 24x0,33",Brouwerij Noord,1,krat,38.4
2025-08-28,BIER02,"Speciaalbier krat 24x0,33",Brouwerij Noord,3,krat,115.2
2025-09-01,BIER02,"Speciaalbier krat 24x0,33",Brouwerij Noord,3,krat,115.2
2025-09-04,BIER02,"Speciaalbier krat 24x0,33",Brouwerij Noord,2,krat,76.8
2025-09-08,BIER02,"Speciaalbier krat 24x0,33",Brouwerij Noord,3,krat,115.2
2025-09-11,BIER02,"Speciaalbier krat 24x0,33",Brouwerij Noord,2,krat,76.8
2025-09-15,BIER02,"Speciaalbier krat 24x0,33",Brouwerij Noord,2,krat,76.8
2025-09-18,BIER02,"Speciaalbier krat 24x0,33",Brouwerij Noord,2,krat,76.8
2025-09-22,BIER02,"Speciaalbier krat 24x0,33",Brouwerij Noord,3,krat,115.2
2025-09-25,BIER02,"Speciaalbier krat 24x0,33",Brouwerij Noord,2,krat,76.8
2025-09-29,BIER02,"Speciaalbier krat 24x0,33",Brouwerij Noord,2,krat,76.8
2025-10-02,BIER02,"Speciaalbier krat 24x0,33",Brouwerij Noord,2,krat,76.8
2025-10-06,BIER02,"Speciaalbier krat 24x0,33",Brouwerij Noord,1,krat,38.4
2025-10-09,BIER02,"Speciaalbier krat 24x0,33",Brouwerij Noord,2,krat,76.8
2025-10-13,BIER02,"Speciaalbier krat 24x0,33",Brouwerij Noord,2,krat,76.8
2025-10-16,BIER02,"Speciaalbier krat 24x0,33",Brouwerij Noord,3,krat,115.2
2025-10-20,BIER02,"Speciaalbier krat 24x0,33",Brouwerij Noord,1,krat,38.4
2025-10-23,BIER02,"Speciaalbier krat 24x0,33",Brouwerij Noord,3,krat,115.2
2025-10-27,BIER02,"Speciaalbier krat 24x0,33",Brouwerij Noord,1,krat,38.4
2025-10-30,BIER02,"Speciaalbier krat 24x0,33",Brouwerij Noord,3,krat,115.2
2025-11-03,BIER02,"Speciaalbier krat 24x0,33",Brouwerij Noord,2,krat,76.8
2025-11-10,BIER02,"Speciaalbier krat 24x0,33",Brouwerij Noord,2,krat,76.8
2025-11-13,BIER02,"Speciaalbier krat 24x0,33",Brouwerij Noord,2,krat,76.8
2025-11-17,BIER02,"Speciaalbier krat 24x0,33",Brouwerij Noord,2,krat,76.8
2025-11-20,BIER02,"Speciaalbier krat 24x0,33",Brouwerij Noord,2,krat,76.8
2025-11-24,BIER02,"Speciaalbier krat 24x0,33",Brouwerij Noord,1,krat,38.4
2025-11-27,BIER02,"Speciaalbier krat 24x0,33",Brouwerij Noord,1,krat,38.4
2025-12-01,BIER02,"Speciaalbier krat 24x0,33",Brouwerij Noord,2,krat,76.8
2025-12-04,BIER02,"Speciaalbier krat 24x0,33",Brouwerij Noord,1,krat,38.4
2025-12-08,BIER02,"Speciaalbier krat 24x0,33",Brouwerij Noord,2,krat,76.8
2025-12-11,BIER02,"Speciaalbier krat 24x0,33",Brouwerij Noord,2,krat,76.8
2025-12-15,BIER02,"Speciaalbier krat 24x0,33",Brouwerij Noord,2,krat,76.8
2025-12-18,BIER02,"Speciaalbier krat 24x0,33",Brouwerij Noord,2,krat,76.8
2025-12-22,BIER02,"Speciaalbier krat 24x0,33",Brouwerij Noord,2,krat,76.8
2025-12-25,BIER02,"Speciaalbier krat 24x0,33",Brouwerij Noord,2,krat,76.8
2025-12-29,BIER02,"Speciaalbier krat 24x0,33",Brouwerij Noord,1,krat,38.4
2026-01-01,BIER02,"Speciaalbier krat 24x0,33",Brouwerij Noord,1,krat,38.4
2026-01-05,BIER02,"Speciaalbier krat 24x0,33",Brouwerij Noord,2,krat,76.8
2026-01-08,BIER02,"Speciaalbier krat 24x0,33",Brouwerij Noord,1,krat,38.4
2026-01-12,BIER02,"Speciaalbier krat 24x0,33",Brouwerij Noord,1,krat,38.4
2026-01-15,BIER02,"Speciaalbier krat 24x0,33",Brouwerij Noord,1,krat,38.4
2026-01-22,BIER02,"Speciaalbier krat 24x0,33",Brouwerij Noord,2,krat,76.8
2026-01-26,BIER02,"Speciaalbier krat 24x0,33",Brouwerij Noord,1,krat,38.4
2026-01-29,BIER02,"Speciaalbier krat 24x0,33",Brouwerij Noord,1,krat,38.4
2026-02-02,BIER02,"Speciaalbier krat 24x0,33",Brouwerij Noord,2,krat,76.8
2026-02-05,BIER02,"Speciaalbier krat 24x0,33",Brouwerij Noord,1,krat,38.4
2026-02-09,BIER02,"Speciaalbier krat 24x0,33",Brouwerij Noord,1,krat,38.4
2026-02-12,BIER02,"Speciaalbier krat 24x0,33",Brouwerij Noord,2,krat,76.8
2026-02-16,BIER02,"Speciaalbier krat 24x0,33",Brouwerij Noord,1,krat,38.4
2026-02-19,BIER02,"Speciaalbier krat 24x0,33",Brouwerij Noord,2,krat,76.8
2026-02-23,BIER02,"Speciaalbier krat 24x0,33",Brouwerij Noord,1,krat,38.4
2026-02-26,BIER02,"Speciaalbier krat 24x0,33",Brouwerij Noord,1,krat,38.4
2026-03-02,BIER02,"Speciaalbier krat 24x0,33",Brouwerij Noord,2,krat,76.8
2026-03-05,BIER02,"Speciaalbier krat 24x0,33",Brouwerij Noord,1,krat,38.4
2026-03-09,BIER02,"Speciaalbier krat 24x0,33",Brouwerij Noord,1,krat,38.4
2026-03-12,BIER02,"Speciaalbier krat 24x0,33",Brouwerij Noord,1,krat,38.4
2026-03-16,BIER02,"Speciaalbier krat 24x0,33",Brouwerij Noord,2,krat,76.8
2026-03-19,BIER02,"Speciaalbier krat 24x0,33",Brouwerij Noord,2,krat,76.8
2026-03-23,BIER02,"Speciaalbier krat 24x0,33",Brouwerij Noord,2,krat,76.8
2026-03-26,BIER02,"Speciaalbier krat 24x0,33",Brouwerij Noord,1,krat,38.4
2026-03-30,BIER02,"Speciaalbier krat 24x0,33",Brouwerij Noord,2,krat,76.8
2026-04-02,BIER02,"Speciaalbier krat 24x0,33",Brouwerij Noord,1,krat,38.4
2026-04-06,BIER02,"Speciaalbier krat 24x0,33",Brouwerij Noord,2,krat,76.8
2026-04-09,BIER02,"Speciaalbier krat 24x0,33",Brouwerij Noord,2,krat,76.8
2026-04-13,BIER02,"Speciaalbier krat 24x0,33",Brouwerij Noord,1,krat,38.4
2026-04-16,BIER02,"Speciaalbier krat 24x0,33",Brouwerij Noord,2,krat,76.8
2026-04-20,BIER02,"Speciaalbier krat 24x0,33",Brouwerij Noord,2,krat,76.8
2026-04-23,BIER02,"Speciaalbier krat 24x0,33",Brouwerij Noord,2,krat,76.8
2026-04-27,BIER02,"Speciaalbier krat 24x0,33",Brouwerij Noord,2,krat,76.8
2026-04-30,BIER02,"Speciaalbier krat 24x0,33",Brouwerij Noord,3,krat,115.2
2026-05-04,BIER02,"Speciaalbier krat 24x0,33",Brouwerij Noord,2,krat,76.8
2026-05-07,BIER02,"Speciaalbier krat 24x0,33",Brouwerij Noord,2,krat,76.8
2026-05-11,BIER02,"Speciaalbier krat 24x0,33",Brouwerij Noord,2,krat,76.8
2026-05-14,BIER02,"Speciaalbier krat 24x0,33",Brouwerij Noord,2,krat,76.8
2026-05-18,BIER02,"Speciaalbier krat 24x0,33",Brouwerij Noord,2,krat,76.8
2026-05-21,BIER02,"Speciaalbier krat 24x0,33",Brouwerij Noord,3,krat,115.2
2026-05-25,BIER02,"Speciaalbier krat 24x0,33",Brouwerij Noord,2,krat,76.8
2026-05-28,BIER02,"Speciaalbier krat 24x0,33",Brouwerij Noord,2,krat,76.8
2026-06-01,BIER02,"Speciaalbier krat 24x0,33",Brouwerij Noord,3,krat,115.2
2026-06-04,BIER02,"Speciaalbier krat 24x0,33",Brouwerij Noord,2,krat,76.8
2026-06-08,BIER02,"Speciaalbier krat 24x0,33",Brouwerij Noord,3,krat,115.2
2026-06-11,BIER02,"Speciaalbier krat 24x0,33",Brouwerij Noord,3,krat,115.2
2026-06-15,BIER02,"Speciaalbier krat 24x0,33",Brouwerij Noord,3,krat,115.2
2026-06-18,BIER02,"Speciaalbier krat 24x0,33",Brouwerij Noord,2,krat,76.8
2026-06-22,BIER02,"Speciaalbier krat 24x0,33",Brouwerij Noord,3,krat,115.2
2026-06-25,BIER02,"Speciaalbier krat 24x0,33",Brouwerij Noord,2,krat,76.8
2026-06-29,BIER02,"Speciaalbier krat 24x0,33",Brouwerij Noord,3,krat,115.2
2026-07-02,BIER02,"Speciaalbier krat 24x0,33",Brouwerij Noord,3,krat,115.2
2026-07-06,BIER02,"Speciaalbier krat 24x0,33",Brouwerij Noord,4,krat,153.6
2026-07-09,BIER02,"Speciaalbier krat 24x0,33",Brouwerij Noord,3,krat,115.2
2026-07-13,BIER02,"Speciaalbier krat 24x0,33",Brouwerij Noord,4,krat,153.6
2026-07-16,BIER02,"Speciaalbier krat 24x0,33",Brouwerij Noord,3,krat,115.2
2026-07-20,BIER02,"Speciaalbier krat 24x0,33",Brouwerij Noord,4,krat,153.6
2026-07-23,BIER02,"Speciaalbier krat 24x0,33",Brouwerij Noord,4,krat,153.6
2026-07-27,BIER02,"Speciaalbier krat 24x0,33",Brouwerij Noord,3,krat,115.2
2026-07-30,BIER02,"Speciaalbier krat 24x0,33",Brouwerij Noord,3,krat,115.2
2026-08-03,BIER02,"Speciaalbier krat 24x0,33",Brouwerij Noord,2,krat,76.8
2026-08-06,BIER02,"Speciaalbier krat 24x0,33",Brouwerij Noord,3,krat,115.2
2026-08-10,BIER02,"Speciaalbier krat 24x0,33",Brouwerij Noord,4,krat,153.6
2026-08-13,BIER02,"Speciaalbier krat 24x0,33",Brouwerij Noord,2,krat,76.8
2026-08-17,BIER02,"Speciaalbier krat 24x0,33",Brouwerij Noord,3,krat,115.2
2026-08-20,BIER02,"Speciaalbier krat 24x0,33",Brouwerij Noord,3,krat,115.2
2026-08-24,BIER02,"Speciaalbier krat 24x0,33",Brouwerij Noord,2,krat,76.8
2026-08-27,BIER02,"Speciaalbier krat 24x0,33",Brouwerij Noord,2,krat,76.8
2026-08-31,BIER02,"Speciaalbier krat 24x0,33",Brouwerij Noord,3,krat,115.2
2023-09-05,WIJN01,"Huiswijn wit doos 6x0,75",Wijnhuis Vermeer,6,doos,248.4
2023-09-12,WIJN01,"Huiswijn wit doos 6x0,75",Wijnhuis Vermeer,6,doos,248.4
2023-09-19,WIJN01,"Huiswijn wit doos 6x0,75",Wijnhuis Vermeer,3,doos,124.2
2023-09-26,WIJN01,"Huiswijn wit doos 6x0,75",Wijnhuis Vermeer,4,doos,165.6
2023-10-03,WIJN01,"Huiswijn wit doos 6x0,75",Wijnhuis Vermeer,3,doos,124.2
2023-10-10,WIJN01,"Huiswijn wit doos 6x0,75",Wijnhuis Vermeer,5,doos,207.0
2023-10-17,WIJN01,"Huiswijn wit doos 6x0,75",Wijnhuis Vermeer,4,doos,165.6
2023-10-24,WIJN01,"Huiswijn wit doos 6x0,75",Wijnhuis Vermeer,4,doos,165.6
2023-10-31,WIJN01,"Huiswijn wit doos 6x0,75",Wijnhuis Vermeer,4,doos,165.6
2023-11-07,WIJN01,"Huiswijn wit doos 6x0,75",Wijnhuis Vermeer,4,doos,165.6
2023-11-14,WIJN01,"Huiswijn wit doos 6x0,75",Wijnhuis Vermeer,4,doos,165.6
2023-11-21,WIJN01,"Huiswijn wit doos 6x0,75",Wijnhuis Vermeer,3,doos,124.2
2023-11-28,WIJN01,"Huiswijn wit doos 6x0,75",Wijnhuis Vermeer,3,doos,124.2
2023-12-05,WIJN01,"Huiswijn wit doos 6x0,75",Wijnhuis Vermeer,3,doos,124.2
2023-12-12,WIJN01,"Huiswijn wit doos 6x0,75",Wijnhuis Vermeer,4,doos,165.6
2023-12-19,WIJN01,"Huiswijn wit doos 6x0,75",Wijnhuis Vermeer,5,doos,207.0
2023-12-26,WIJN01,"Huiswijn wit doos 6x0,75",Wijnhuis Vermeer,3,doos,124.2
2024-01-02,WIJN01,"Huiswijn wit doos 6x0,75",Wijnhuis Vermeer,3,doos,124.2
2024-01-16,WIJN01,"Huiswijn wit doos 6x0,75",Wijnhuis Vermeer,3,doos,124.2
2024-01-23,WIJN01,"Huiswijn wit doos 6x0,75",Wijnhuis Vermeer,3,doos,124.2
2024-01-30,WIJN01,"Huiswijn wit doos 6x0,75",Wijnhuis Vermeer,1,doos,41.4
2024-02-06,WIJN01,"Huiswijn wit doos 6x0,75",Wijnhuis Vermeer,3,doos,124.2
2024-02-13,WIJN01,"Huiswijn wit doos 6x0,75",Wijnhuis Vermeer,3,doos,124.2
2024-02-20,WIJN01,"Huiswijn wit doos 6x0,75",Wijnhuis Vermeer,4,doos,165.6
2024-02-27,WIJN01,"Huiswijn wit doos 6x0,75",Wijnhuis Vermeer,4,doos,165.6
2024-03-05,WIJN01,"Huiswijn wit doos 6x0,75",Wijnhuis Vermeer,4,doos,165.6
2024-03-12,WIJN01,"Huiswijn wit doos 6x0,75",Wijnhuis Vermeer,4,doos,165.6
2024-03-19,WIJN01,"Huiswijn wit doos 6x0,75",Wijnhuis Vermeer,3,doos,124.2
2024-03-26,WIJN01,"Huiswijn wit doos 6x0,75",Wijnhuis Vermeer,3,doos,124.2
2024-04-02,WIJN01,"Huiswijn wit doos 6x0,75",Wijnhuis Vermeer,3,doos,124.2
2024-04-09,WIJN01,"Huiswijn wit doos 6x0,75",Wijnhuis Vermeer,3,doos,124.2
2024-04-16,WIJN01,"Huiswijn wit doos 6x0,75",Wijnhuis Vermeer,3,doos,124.2
2024-04-23,WIJN01,"Huiswijn wit doos 6x0,75",Wijnhuis Vermeer,2,doos,82.8
2024-04-30,WIJN01,"Huiswijn wit doos 6x0,75",Wijnhuis Vermeer,5,doos,207.0
2024-05-07,WIJN01,"Huiswijn wit doos 6x0,75",Wijnhuis Vermeer,3,doos,124.2
2024-05-14,WIJN01,"Huiswijn wit doos 6x0,75",Wijnhuis Vermeer,5,doos,207.0
2024-05-21,WIJN01,"Huiswijn wit doos 6x0,75",Wijnhuis Vermeer,7,doos,289.8
2024-05-28,WIJN01,"Huiswijn wit doos 6x0,75",Wijnhuis Vermeer,3,doos,124.2
2024-06-04,WIJN01,"Huiswijn wit doos 6x0,75",Wijnhuis Vermeer,6,doos,248.4
2024-06-11,WIJN01,"Huiswijn wit doos 6x0,75",Wijnhuis Vermeer,7,doos,289.8
2024-06-18,WIJN01,"Huiswijn wit doos 6x0,75",Wijnhuis Vermeer,5,doos,207.0
2024-06-25,WIJN01,"Huiswijn wit doos 6x0,75",Wijnhuis Vermeer,6,doos,248.4
2024-07-02,WIJN01,"Huiswijn wit doos 6x0,75",Wijnhuis Vermeer,6,doos,248.4
2024-07-09,WIJN01,"Huiswijn wit doos 6x0,75",Wijnhuis Vermeer,8,doos,331.2
2024-07-16,WIJN01,"Huiswijn wit doos 6x0,75",Wijnhuis Vermeer,6,doos,248.4
2024-07-23,WIJN01,"Huiswijn wit doos 6x0,75",Wijnhuis Vermeer,5,doos,207.0
2024-07-30,WIJN01,"Huiswijn wit doos 6x0,75",Wijnhuis Vermeer,7,doos,289.8
2024-08-06,WIJN01,"Huiswijn wit doos 6x0,75",Wijnhuis Vermeer,8,doos,331.2
2024-08-13,WIJN01,"Huiswijn wit doos 6x0,75",Wijnhuis Vermeer,4,doos,165.6
2024-08-20,WIJN01,"Huiswijn wit doos 6x0,75",Wijnhuis Vermeer,7,doos,289.8
2024-08-27,WIJN01,"Huiswijn wit doos 6x0,75",Wijnhuis Vermeer,4,doos,165.6
2024-09-03,WIJN01,"Huiswijn wit doos 6x0,75",Wijnhuis Vermeer,5,doos,207.0
2024-09-10,WIJN01,"Huiswijn wit doos 6x0,75",Wijnhuis Vermeer,4,doos,165.6
2024-09-17,WIJN01,"Huiswijn wit doos 6x0,75",Wijnhuis Vermeer,6,doos,248.4
2024-09-24,WIJN01,"Huiswijn wit doos 6x0,75",Wijnhuis Vermeer,3,doos,124.2
2024-10-01,WIJN01,"Huiswijn wit doos 6x0,75",Wijnhuis Vermeer,3,doos,124.2
2024-10-08,WIJN01,"Huiswijn wit doos 6x0,75",Wijnhuis Vermeer,5,doos,207.0
2024-10-15,WIJN01,"Huiswijn wit doos 6x0,75",Wijnhuis Vermeer,5,doos,207.0
2024-10-22,WIJN01,"Huiswijn wit doos 6x0,75",Wijnhuis Vermeer,3,doos,124.2
2024-10-29,WIJN01,"Huiswijn wit doos 6x0,75",Wijnhuis Vermeer,4,doos,165.6
2024-11-05,WIJN01,"Huiswijn wit doos 6x0,75",Wijnhuis Vermeer,3,doos,124.2
2024-11-12,WIJN01,"Huiswijn wit doos 6x0,75",Wijnhuis Vermeer,4,doos,165.6
2024-11-19,WIJN01,"Huiswijn wit doos 6x0,75",Wijnhuis Vermeer,3,doos,124.2
2024-11-26,WIJN01,"Huiswijn wit doos 6x0,75",Wijnhuis Vermeer,5,doos,207.0
2024-12-03,WIJN01,"Huiswijn wit doos 6x0,75",Wijnhuis Vermeer,2,doos,82.8
2024-12-10,WIJN01,"Huiswijn wit doos 6x0,75",Wijnhuis Vermeer,5,doos,207.0
2024-12-17,WIJN01,"Huiswijn wit doos 6x0,75",Wijnhuis Vermeer,3,doos,124.2
2024-12-24,WIJN01,"Huiswijn wit doos 6x0,75",Wijnhuis Vermeer,3,doos,124.2
2024-12-31,WIJN01,"Huiswijn wit doos 6x0,75",Wijnhuis Vermeer,4,doos,165.6
2025-01-07,WIJN01,"Huiswijn wit doos 6x0,75",Wijnhuis Vermeer,2,doos,82.8
2025-01-14,WIJN01,"Huiswijn wit doos 6x0,75",Wijnhuis Vermeer,2,doos,82.8
2025-01-21,WIJN01,"Huiswijn wit doos 6x0,75",Wijnhuis Vermeer,3,doos,124.2
2025-01-28,WIJN01,"Huiswijn wit doos 6x0,75",Wijnhuis Vermeer,3,doos,124.2
2025-02-04,WIJN01,"Huiswijn wit doos 6x0,75",Wijnhuis Vermeer,3,doos,124.2
2025-02-11,WIJN01,"Huiswijn wit doos 6x0,75",Wijnhuis Vermeer,4,doos,165.6
2025-02-18,WIJN01,"Huiswijn wit doos 6x0,75",Wijnhuis Vermeer,4,doos,165.6
2025-02-25,WIJN01,"Huiswijn wit doos 6x0,75",Wijnhuis Vermeer,3,doos,124.2
2025-03-04,WIJN01,"Huiswijn wit doos 6x0,75",Wijnhuis Vermeer,3,doos,124.2
2025-03-11,WIJN01,"Huiswijn wit doos 6x0,75",Wijnhuis Vermeer,5,doos,207.0
2025-03-18,WIJN01,"Huiswijn wit doos 6x0,75",Wijnhuis Vermeer,2,doos,82.8
2025-03-25,WIJN01,"Huiswijn wit doos 6x0,75",Wijnhuis Vermeer,4,doos,165.6
2025-04-01,WIJN01,"Huiswijn wit doos 6x0,75",Wijnhuis Vermeer,4,doos,165.6
2025-04-08,WIJN01,"Huiswijn wit doos 6x0,75",Wijnhuis Vermeer,4,doos,165.6
2025-04-15,WIJN01,"Huiswijn wit doos 6x0,75",Wijnhuis Vermeer,4,doos,165.6
2025-04-22,WIJN01,"Huiswijn wit doos 6x0,75",Wijnhuis Vermeer,4,doos,165.6
2025-04-29,WIJN01,"Huiswijn wit doos 6x0,75",Wijnhuis Vermeer,4,doos,165.6
2025-05-06,WIJN01,"Huiswijn wit doos 6x0,75",Wijnhuis Vermeer,5,doos,207.0
2025-05-13,WIJN01,"Huiswijn wit doos 6x0,75",Wijnhuis Vermeer,4,doos,165.6
2025-05-20,WIJN01,"Huiswijn wit doos 6x0,75",Wijnhuis Vermeer,5,doos,207.0
2025-05-27,WIJN01,"Huiswijn wit doos 6x0,75",Wijnhuis Vermeer,7,doos,289.8
2025-06-03,WIJN01,"Huiswijn wit doos 6x0,75",Wijnhuis Vermeer,5,doos,207.0
2025-06-10,WIJN01,"Huiswijn wit doos 6x0,75",Wijnhuis Vermeer,8,doos,331.2
2025-06-17,WIJN01,"Huiswijn wit doos 6x0,75",Wijnhuis Vermeer,5,doos,207.0
2025-06-24,WIJN01,"Huiswijn wit doos 6x0,75",Wijnhuis Vermeer,6,doos,248.4
2025-07-01,WIJN01,"Huiswijn wit doos 6x0,75",Wijnhuis Vermeer,7,doos,289.8
2025-07-08,WIJN01,"Huiswijn wit doos 6x0,75",Wijnhuis Vermeer,7,doos,289.8
2025-07-15,WIJN01,"Huiswijn wit doos 6x0,75",Wijnhuis Vermeer,8,doos,331.2
2025-07-22,WIJN01,"Huiswijn wit doos 6x0,75",Wijnhuis Vermeer,5,doos,207.0
2025-07-29,WIJN01,"Huiswijn wit doos 6x0,75",Wijnhuis Vermeer,8,doos,331.2
2025-08-05,WIJN01,"Huiswijn wit doos 6x0,75",Wijnhuis Vermeer,7,doos,289.8
2025-08-12,WIJN01,"Huiswijn wit doos 6x0,75",Wijnhuis Vermeer,7,doos,289.8
2025-08-19,WIJN01,"Huiswijn wit doos 6x0,75",Wijnhuis Vermeer,5,doos,207.0
2025-08-26,WIJN01,"Huiswijn wit doos 6x0,75",Wijnhuis Vermeer,6,doos,248.4
2025-09-02,WIJN01,"Huiswijn wit doos 6x0,75",Wijnhuis Vermeer,5,doos,207.0
2025-09-09,WIJN01,"Huiswijn wit doos 6x0,75",Wijnhuis Vermeer,5,doos,207.0
2025-09-16,WIJN01,"Huiswijn wit doos 6x0,75",Wijnhuis Vermeer,4,doos,165.6
2025-09-23,WIJN01,"Huiswijn wit doos 6x0,75",Wijnhuis Vermeer,6,doos,248.4
2025-09-30,WIJN01,"Huiswijn wit doos 6x0,75",Wijnhuis Vermeer,4,doos,165.6
2025-10-07,WIJN01,"Huiswijn wit doos 6x0,75",Wijnhuis Vermeer,3,doos,124.2
2025-10-14,WIJN01,"Huiswijn wit doos 6x0,75",Wijnhuis Vermeer,5,doos,207.0
2025-10-21,WIJN01,"Huiswijn wit doos 6x0,75",Wijnhuis Vermeer,6,doos,248.4
2025-10-28,WIJN01,"Huiswijn wit doos 6x0,75",Wijnhuis Vermeer,2,doos,82.8
2025-11-04,WIJN01,"Huiswijn wit doos 6x0,75",Wijnhuis Vermeer,5,doos,207.0
2025-11-11,WIJN01,"Huiswijn wit doos 6x0,75",Wijnhuis Vermeer,3,doos,124.2
2025-11-18,WIJN01,"Huiswijn wit doos 6x0,75",Wijnhuis Vermeer,4,doos,165.6
2025-11-25,WIJN01,"Huiswijn wit doos 6x0,75",Wijnhuis Vermeer,2,doos,82.8
2025-12-02,WIJN01,"Huiswijn wit doos 6x0,75",Wijnhuis Vermeer,4,doos,165.6
2025-12-09,WIJN01,"Huiswijn wit doos 6x0,75",Wijnhuis Vermeer,5,doos,207.0
2025-12-16,WIJN01,"Huiswijn wit doos 6x0,75",Wijnhuis Vermeer,3,doos,124.2
2025-12-23,WIJN01,"Huiswijn wit doos 6x0,75",Wijnhuis Vermeer,5,doos,207.0
2025-12-30,WIJN01,"Huiswijn wit doos 6x0,75",Wijnhuis Vermeer,3,doos,124.2
2026-01-06,WIJN01,"Huiswijn wit doos 6x0,75",Wijnhuis Vermeer,3,doos,124.2
2026-01-13,WIJN01,"Huiswijn wit doos 6x0,75",Wijnhuis Vermeer,2,doos,82.8
2026-01-20,WIJN01,"Huiswijn wit doos 6x0,75",Wijnhuis Vermeer,2,doos,82.8
2026-01-27,WIJN01,"Huiswijn wit doos 6x0,75",Wijnhuis Vermeer,3,doos,124.2
2026-02-03,WIJN01,"Huiswijn wit doos 6x0,75",Wijnhuis Vermeer,2,doos,82.8
2026-02-10,WIJN01,"Huiswijn wit doos 6x0,75",Wijnhuis Vermeer,4,doos,165.6
2026-02-17,WIJN01,"Huiswijn wit doos 6x0,75",Wijnhuis Vermeer,4,doos,165.6
2026-02-24,WIJN01,"Huiswijn wit doos 6x0,75",Wijnhuis Vermeer,3,doos,124.2
2026-03-03,WIJN01,"Huiswijn wit doos 6x0,75",Wijnhuis Vermeer,3,doos,124.2
2026-03-10,WIJN01,"Huiswijn wit doos 6x0,75",Wijnhuis Vermeer,3,doos,124.2
2026-03-17,WIJN01,"Huiswijn wit doos 6x0,75",Wijnhuis Vermeer,4,doos,165.6
2026-03-24,WIJN01,"Huiswijn wit doos 6x0,75",Wijnhuis Vermeer,4,doos,165.6
2026-03-31,WIJN01,"Huiswijn wit doos 6x0,75",Wijnhuis Vermeer,4,doos,165.6
2026-04-07,WIJN01,"Huiswijn wit doos 6x0,75",Wijnhuis Vermeer,4,doos,165.6
2026-04-14,WIJN01,"Huiswijn wit doos 6x0,75",Wijnhuis Vermeer,3,doos,124.2
2026-04-21,WIJN01,"Huiswijn wit doos 6x0,75",Wijnhuis Vermeer,5,doos,207.0
2026-04-28,WIJN01,"Huiswijn wit doos 6x0,75",Wijnhuis Vermeer,5,doos,207.0
2026-05-05,WIJN01,"Huiswijn wit doos 6x0,75",Wijnhuis Vermeer,5,doos,207.0
2026-05-12,WIJN01,"Huiswijn wit doos 6x0,75",Wijnhuis Vermeer,5,doos,207.0
2026-05-19,WIJN01,"Huiswijn wit doos 6x0,75",Wijnhuis Vermeer,6,doos,248.4
2026-05-26,WIJN01,"Huiswijn wit doos 6x0,75",Wijnhuis Vermeer,3,doos,124.2
2026-06-02,WIJN01,"Huiswijn wit doos 6x0,75",Wijnhuis Vermeer,7,doos,289.8
2026-06-09,WIJN01,"Huiswijn wit doos 6x0,75",Wijnhuis Vermeer,5,doos,207.0
2026-06-16,WIJN01,"Huiswijn wit doos 6x0,75",Wijnhuis Vermeer,7,doos,289.8
2026-06-23,WIJN01,"Huiswijn wit doos 6x0,75",Wijnhuis Vermeer,5,doos,207.0
2026-06-30,WIJN01,"Huiswijn wit doos 6x0,75",Wijnhuis Vermeer,7,doos,289.8
2026-07-07,WIJN01,"Huiswijn wit doos 6x0,75",Wijnhuis Vermeer,9,doos,372.6
2026-07-14,WIJN01,"Huiswijn wit doos 6x0,75",Wijnhuis Vermeer,5,doos,207.0
2026-07-21,WIJN01,"Huiswijn wit doos 6x0,75",Wijnhuis Vermeer,8,doos,331.2
2026-07-28,WIJN01,"Huiswijn wit doos 6x0,75",Wijnhuis Vermeer,5,doos,207.0
2026-08-04,WIJN01,"Huiswijn wit doos 6x0,75",Wijnhuis Vermeer,6,doos,248.4
2026-08-11,WIJN01,"Huiswijn wit doos 6x0,75",Wijnhuis Vermeer,8,doos,331.2
2026-08-18,WIJN01,"Huiswijn wit doos 6x0,75",Wijnhuis Vermeer,5,doos,207.0
2026-08-25,WIJN01,"Huiswijn wit doos 6x0,75",Wijnhuis Vermeer,7,doos,289.8
2023-09-05,WIJN02,"Huiswijn rood doos 6x0,75",Wijnhuis Vermeer,5,doos,207.0
2023-09-12,WIJN02,"Huiswijn rood doos 6x0,75",Wijnhuis Vermeer,5,doos,207.0
2023-09-19,WIJN02,"Huiswijn rood doos 6x0,75",Wijnhuis Vermeer,4,doos,165.6
2023-09-26,WIJN02,"Huiswijn rood doos 6x0,75",Wijnhuis Vermeer,2,doos,82.8
2023-10-03,WIJN02,"Huiswijn rood doos 6x0,75",Wijnhuis Vermeer,3,doos,124.2
2023-10-10,WIJN02,"Huiswijn rood doos 6x0,75",Wijnhuis Vermeer,5,doos,207.0
2023-10-17,WIJN02,"Huiswijn rood doos 6x0,75",Wijnhuis Vermeer,3,doos,124.2
2023-10-24,WIJN02,"Huiswijn rood doos 6x0,75",Wijnhuis Vermeer,3,doos,124.2
2023-10-31,WIJN02,"Huiswijn rood doos 6x0,75",Wijnhuis Vermeer,3,doos,124.2
2023-11-07,WIJN02,"Huiswijn rood doos 6x0,75",Wijnhuis Vermeer,2,doos,82.8
2023-11-14,WIJN02,"Huiswijn rood doos 6x0,75",Wijnhuis Vermeer,4,doos,165.6
2023-11-21,WIJN02,"Huiswijn rood doos 6x0,75",Wijnhuis Vermeer,2,doos,82.8
2023-11-28,WIJN02,"Huiswijn rood doos 6x0,75",Wijnhuis Vermeer,2,doos,82.8
2023-12-05,WIJN02,"Huiswijn rood doos 6x0,75",Wijnhuis Vermeer,4,doos,165.6
2023-12-12,WIJN02,"Huiswijn rood doos 6x0,75",Wijnhuis Vermeer,3,doos,124.2
2023-12-19,WIJN02,"Huiswijn rood doos 6x0,75",Wijnhuis Vermeer,2,doos,82.8
2023-12-26,WIJN02,"Huiswijn rood doos 6x0,75",Wijnhuis Vermeer,3,doos,124.2
2024-01-02,WIJN02,"Huiswijn rood doos 6x0,75",Wijnhuis Vermeer,1,doos,41.4
2024-01-09,WIJN02,"Huiswijn rood doos 6x0,75",Wijnhuis Vermeer,3,doos,124.2
2024-01-16,WIJN02,"Huiswijn rood doos 6x0,75",Wijnhuis Vermeer,2,doos,82.8
2024-01-23,WIJN02,"Huiswijn rood doos 6x0,75",Wijnhuis Vermeer,2,doos,82.8
2024-01-30,WIJN02,"Huiswijn rood doos 6x0,75",Wijnhuis Vermeer,3,doos,124.2
2024-02-06,WIJN02,"Huiswijn rood doos 6x0,75",Wijnhuis Vermeer,2,doos,82.8
2024-02-13,WIJN02,"Huiswijn rood doos 6x0,75",Wijnhuis Vermeer,3,doos,124.2
2024-02-20,WIJN02,"Huiswijn rood doos 6x0,75",Wijnhuis Vermeer,3,doos,124.2
2024-02-27,WIJN02,"Huiswijn rood doos 6x0,75",Wijnhuis Vermeer,3,doos,124.2
2024-03-05,WIJN02,"Huiswijn rood doos 6x0,75",Wijnhuis Vermeer,2,doos,82.8
2024-03-12,WIJN02,"Huiswijn rood doos 6x0,75",Wijnhuis Vermeer,4,doos,165.6
2024-03-19,WIJN02,"Huiswijn rood doos 6x0,75",Wijnhuis Vermeer,3,doos,124.2
2024-03-26,WIJN02,"Huiswijn rood doos 6x0,75",Wijnhuis Vermeer,4,doos,165.6
2024-04-02,WIJN02,"Huiswijn rood doos 6x0,75",Wijnhuis Vermeer,3,doos,124.2
2024-04-09,WIJN02,"Huiswijn rood doos 6x0,75",Wijnhuis Vermeer,2,doos,82.8
2024-04-16,WIJN02,"Huiswijn rood doos 6x0,75",Wijnhuis Vermeer,3,doos,124.2
2024-04-23,WIJN02,"Huiswijn rood doos 6x0,75",Wijnhuis Vermeer,4,doos,165.6
2024-04-30,WIJN02,"Huiswijn rood doos 6x0,75",Wijnhuis Vermeer,3,doos,124.2
2024-05-07,WIJN02,"Huiswijn rood doos 6x0,75",Wijnhuis Vermeer,5,doos,207.0
2024-05-14,WIJN02,"Huiswijn rood doos 6x0,75",Wijnhuis Vermeer,4,doos,165.6
2024-05-21,WIJN02,"Huiswijn rood doos 6x0,75",Wijnhuis Vermeer,4,doos,165.6
2024-05-28,WIJN02,"Huiswijn rood doos 6x0,75",Wijnhuis Vermeer,5,doos,207.0
2024-06-04,WIJN02,"Huiswijn rood doos 6x0,75",Wijnhuis Vermeer,6,doos,248.4
2024-06-11,WIJN02,"Huiswijn rood doos 6x0,75",Wijnhuis Vermeer,4,doos,165.6
2024-06-18,WIJN02,"Huiswijn rood doos 6x0,75",Wijnhuis Vermeer,4,doos,165.6
2024-06-25,WIJN02,"Huiswijn rood doos 6x0,75",Wijnhuis Vermeer,6,doos,248.4
2024-07-02,WIJN02,"Huiswijn rood doos 6x0,75",Wijnhuis Vermeer,6,doos,248.4
2024-07-09,WIJN02,"Huiswijn rood doos 6x0,75",Wijnhuis Vermeer,5,doos,207.0
2024-07-16,WIJN02,"Huiswijn rood doos 6x0,75",Wijnhuis Vermeer,5,doos,207.0
2024-07-23,WIJN02,"Huiswijn rood doos 6x0,75",Wijnhuis Vermeer,6,doos,248.4
2024-07-30,WIJN02,"Huiswijn rood doos 6x0,75",Wijnhuis Vermeer,5,doos,207.0
2024-08-06,WIJN02,"Huiswijn rood doos 6x0,75",Wijnhuis Vermeer,5,doos,207.0
2024-08-13,WIJN02,"Huiswijn rood doos 6x0,75",Wijnhuis Vermeer,5,doos,207.0
2024-08-20,WIJN02,"Huiswijn rood doos 6x0,75",Wijnhuis Vermeer,7,doos,289.8
2024-08-27,WIJN02,"Huiswijn rood doos 6x0,75",Wijnhuis Vermeer,5,doos,207.0
2024-09-03,WIJN02,"Huiswijn rood doos 6x0,75",Wijnhuis Vermeer,4,doos,165.6
2024-09-10,WIJN02,"Huiswijn rood doos 6x0,75",Wijnhuis Vermeer,3,doos,124.2
2024-09-17,WIJN02,"Huiswijn rood doos 6x0,75",Wijnhuis Vermeer,3,doos,124.2
2024-09-24,WIJN02,"Huiswijn rood doos 6x0,75",Wijnhuis Vermeer,4,doos,165.6
2024-10-01,WIJN02,"Huiswijn rood doos 6x0,75",Wijnhuis Vermeer,4,doos,165.6
2024-10-08,WIJN02,"Huiswijn rood doos 6x0,75",Wijnhuis Vermeer,4,doos,165.6
2024-10-15,WIJN02,"Huiswijn rood doos 6x0,75",Wijnhuis Vermeer,5,doos,207.0
2024-10-22,WIJN02,"Huiswijn rood doos 6x0,75",Wijnhuis Vermeer,2,doos,82.8
2024-10-29,WIJN02,"Huiswijn rood doos 6x0,75",Wijnhuis Vermeer,4,doos,165.6
2024-11-05,WIJN02,"Huiswijn rood doos 6x0,75",Wijnhuis Vermeer,3,doos,124.2
2024-11-12,WIJN02,"Huiswijn rood doos 6x0,75",Wijnhuis Vermeer,4,doos,165.6
2024-11-19,WIJN02,"Huiswijn rood doos 6x0,75",Wijnhuis Vermeer,3,doos,124.2
2024-11-26,WIJN02,"Huiswijn rood doos 6x0,75",Wijnhuis Vermeer,3,doos,124.2
2024-12-03,WIJN02,"Huiswijn rood doos 6x0,75",Wijnhuis Vermeer,3,doos,124.2
2024-12-10,WIJN02,"Huiswijn rood doos 6x0,75",Wijnhuis Vermeer,3,doos,124.2
2024-12-17,WIJN02,"Huiswijn rood doos 6x0,75",Wijnhuis Vermeer,5,doos,207.0
2024-12-24,WIJN02,"Huiswijn rood doos 6x0,75",Wijnhuis Vermeer,3,doos,124.2
2024-12-31,WIJN02,"Huiswijn rood doos 6x0,75",Wijnhuis Vermeer,3,doos,124.2
2025-01-07,WIJN02,"Huiswijn rood doos 6x0,75",Wijnhuis Vermeer,1,doos,41.4
2025-01-14,WIJN02,"Huiswijn rood doos 6x0,75",Wijnhuis Vermeer,1,doos,41.4
2025-01-21,WIJN02,"Huiswijn rood doos 6x0,75",Wijnhuis Vermeer,2,doos,82.8
2025-01-28,WIJN02,"Huiswijn rood doos 6x0,75",Wijnhuis Vermeer,2,doos,82.8
2025-02-04,WIJN02,"Huiswijn rood doos 6x0,75",Wijnhuis Vermeer,3,doos,124.2
2025-02-11,WIJN02,"Huiswijn rood doos 6x0,75",Wijnhuis Vermeer,4,doos,165.6
2025-02-18,WIJN02,"Huiswijn rood doos 6x0,75",Wijnhuis Vermeer,3,doos,124.2
2025-02-25,WIJN02,"Huiswijn rood doos 6x0,75",Wijnhuis Vermeer,3,doos,124.2
2025-03-04,WIJN02,"Huiswijn rood doos 6x0,75",Wijnhuis Vermeer,3,doos,124.2
2025-03-11,WIJN02,"Huiswijn rood doos 6x0,75",Wijnhuis Vermeer,3,doos,124.2
2025-03-18,WIJN02,"Huiswijn rood doos 6x0,75",Wijnhuis Vermeer,3,doos,124.2
2025-03-25,WIJN02,"Huiswijn rood doos 6x0,75",Wijnhuis Vermeer,4,doos,165.6
2025-04-01,WIJN02,"Huiswijn rood doos 6x0,75",Wijnhuis Vermeer,4,doos,165.6
2025-04-08,WIJN02,"Huiswijn rood doos 6x0,75",Wijnhuis Vermeer,3,doos,124.2
2025-04-15,WIJN02,"Huiswijn rood doos 6x0,75",Wijnhuis Vermeer,5,doos,207.0
2025-04-22,WIJN02,"Huiswijn rood doos 6x0,75",Wijnhuis Vermeer,4,doos,165.6
2025-04-29,WIJN02,"Huiswijn rood doos 6x0,75",Wijnhuis Vermeer,4,doos,165.6
2025-05-06,WIJN02,"Huiswijn rood doos 6x0,75",Wijnhuis Vermeer,3,doos,124.2
2025-05-13,WIJN02,"Huiswijn rood doos 6x0,75",Wijnhuis Vermeer,5,doos,207.0
2025-05-20,WIJN02,"Huiswijn rood doos 6x0,75",Wijnhuis Vermeer,4,doos,165.6
2025-05-27,WIJN02,"Huiswijn rood doos 6x0,75",Wijnhuis Vermeer,6,doos,248.4
2025-06-03,WIJN02,"Huiswijn rood doos 6x0,75",Wijnhuis Vermeer,4,doos,165.6
2025-06-10,WIJN02,"Huiswijn rood doos 6x0,75",Wijnhuis Vermeer,6,doos,248.4
2025-06-17,WIJN02,"Huiswijn rood doos 6x0,75",Wijnhuis Vermeer,7,doos,289.8
2025-06-24,WIJN02,"Huiswijn rood doos 6x0,75",Wijnhuis Vermeer,5,doos,207.0
2025-07-01,WIJN02,"Huiswijn rood doos 6x0,75",Wijnhuis Vermeer,5,doos,207.0
2025-07-08,WIJN02,"Huiswijn rood doos 6x0,75",Wijnhuis Vermeer,5,doos,207.0
2025-07-15,WIJN02,"Huiswijn rood doos 6x0,75",Wijnhuis Vermeer,7,doos,289.8
2025-07-22,WIJN02,"Huiswijn rood doos 6x0,75",Wijnhuis Vermeer,4,doos,165.6
2025-07-29,WIJN02,"Huiswijn rood doos 6x0,75",Wijnhuis Vermeer,7,doos,289.8
2025-08-05,WIJN02,"Huiswijn rood doos 6x0,75",Wijnhuis Vermeer,6,doos,248.4
2025-08-12,WIJN02,"Huiswijn rood doos 6x0,75",Wijnhuis Vermeer,5,doos,207.0
2025-08-19,WIJN02,"Huiswijn rood doos 6x0,75",Wijnhuis Vermeer,3,doos,124.2
2025-08-26,WIJN02,"Huiswijn rood doos 6x0,75",Wijnhuis Vermeer,5,doos,207.0
2025-09-02,WIJN02,"Huiswijn rood doos 6x0,75",Wijnhuis Vermeer,6,doos,248.4
2025-09-09,WIJN02,"Huiswijn rood doos 6x0,75",Wijnhuis Vermeer,4,doos,165.6
2025-09-16,WIJN02,"Huiswijn rood doos 6x0,75",Wijnhuis Vermeer,3,doos,124.2
2025-09-23,WIJN02,"Huiswijn rood doos 6x0,75",Wijnhuis Vermeer,5,doos,207.0
2025-09-30,WIJN02,"Huiswijn rood doos 6x0,75",Wijnhuis Vermeer,4,doos,165.6
2025-10-07,WIJN02,"Huiswijn rood doos 6x0,75",Wijnhuis Vermeer,1,doos,41.4
2025-10-14,WIJN02,"Huiswijn rood doos 6x0,75",Wijnhuis Vermeer,4,doos,165.6
2025-10-21,WIJN02,"Huiswijn rood doos 6x0,75",Wijnhuis Vermeer,4,doos,165.6
2025-10-28,WIJN02,"Huiswijn rood doos 6x0,75",Wijnhuis Vermeer,3,doos,124.2
2025-11-04,WIJN02,"Huiswijn rood doos 6x0,75",Wijnhuis Vermeer,4,doos,165.6
2025-11-11,WIJN02,"Huiswijn rood doos 6x0,75",Wijnhuis Vermeer,4,doos,165.6
2025-11-18,WIJN02,"Huiswijn rood doos 6x0,75",Wijnhuis Vermeer,2,doos,82.8
2025-11-25,WIJN02,"Huiswijn rood doos 6x0,75",Wijnhuis Vermeer,4,doos,165.6
2025-12-02,WIJN02,"Huiswijn rood doos 6x0,75",Wijnhuis Vermeer,3,doos,124.2
2025-12-09,WIJN02,"Huiswijn rood doos 6x0,75",Wijnhuis Vermeer,4,doos,165.6
2025-12-16,WIJN02,"Huiswijn rood doos 6x0,75",Wijnhuis Vermeer,4,doos,165.6
2025-12-23,WIJN02,"Huiswijn rood doos 6x0,75",Wijnhuis Vermeer,5,doos,207.0
2025-12-30,WIJN02,"Huiswijn rood doos 6x0,75",Wijnhuis Vermeer,2,doos,82.8
2026-01-06,WIJN02,"Huiswijn rood doos 6x0,75",Wijnhuis Vermeer,2,doos,82.8
2026-01-13,WIJN02,"Huiswijn rood doos 6x0,75",Wijnhuis Vermeer,2,doos,82.8
2026-01-20,WIJN02,"Huiswijn rood doos 6x0,75",Wijnhuis Vermeer,2,doos,82.8
2026-01-27,WIJN02,"Huiswijn rood doos 6x0,75",Wijnhuis Vermeer,2,doos,82.8
2026-02-03,WIJN02,"Huiswijn rood doos 6x0,75",Wijnhuis Vermeer,2,doos,82.8
2026-02-10,WIJN02,"Huiswijn rood doos 6x0,75",Wijnhuis Vermeer,4,doos,165.6
2026-02-17,WIJN02,"Huiswijn rood doos 6x0,75",Wijnhuis Vermeer,2,doos,82.8
2026-02-24,WIJN02,"Huiswijn rood doos 6x0,75",Wijnhuis Vermeer,2,doos,82.8
2026-03-03,WIJN02,"Huiswijn rood doos 6x0,75",Wijnhuis Vermeer,4,doos,165.6
2026-03-10,WIJN02,"Huiswijn rood doos 6x0,75",Wijnhuis Vermeer,2,doos,82.8
2026-03-17,WIJN02,"Huiswijn rood doos 6x0,75",Wijnhuis Vermeer,4,doos,165.6
2026-03-24,WIJN02,"Huiswijn rood doos 6x0,75",Wijnhuis Vermeer,4,doos,165.6
2026-03-31,WIJN02,"Huiswijn rood doos 6x0,75",Wijnhuis Vermeer,4,doos,165.6
2026-04-07,WIJN02,"Huiswijn rood doos 6x0,75",Wijnhuis Vermeer,3,doos,124.2
2026-04-14,WIJN02,"Huiswijn rood doos 6x0,75",Wijnhuis Vermeer,4,doos,165.6
2026-04-21,WIJN02,"Huiswijn rood doos 6x0,75",Wijnhuis Vermeer,3,doos,124.2
2026-04-28,WIJN02,"Huiswijn rood doos 6x0,75",Wijnhuis Vermeer,4,doos,165.6
2026-05-05,WIJN02,"Huiswijn rood doos 6x0,75",Wijnhuis Vermeer,5,doos,207.0
2026-05-12,WIJN02,"Huiswijn rood doos 6x0,75",Wijnhuis Vermeer,4,doos,165.6
2026-05-19,WIJN02,"Huiswijn rood doos 6x0,75",Wijnhuis Vermeer,5,doos,207.0
2026-05-26,WIJN02,"Huiswijn rood doos 6x0,75",Wijnhuis Vermeer,3,doos,124.2
2026-06-02,WIJN02,"Huiswijn rood doos 6x0,75",Wijnhuis Vermeer,5,doos,207.0
2026-06-09,WIJN02,"Huiswijn rood doos 6x0,75",Wijnhuis Vermeer,6,doos,248.4
2026-06-16,WIJN02,"Huiswijn rood doos 6x0,75",Wijnhuis Vermeer,6,doos,248.4
2026-06-23,WIJN02,"Huiswijn rood doos 6x0,75",Wijnhuis Vermeer,5,doos,207.0
2026-06-30,WIJN02,"Huiswijn rood doos 6x0,75",Wijnhuis Vermeer,5,doos,207.0
2026-07-07,WIJN02,"Huiswijn rood doos 6x0,75",Wijnhuis Vermeer,7,doos,289.8
2026-07-14,WIJN02,"Huiswijn rood doos 6x0,75",Wijnhuis Vermeer,7,doos,289.8
2026-07-21,WIJN02,"Huiswijn rood doos 6x0,75",Wijnhuis Vermeer,7,doos,289.8
2026-07-28,WIJN02,"Huiswijn rood doos 6x0,75",Wijnhuis Vermeer,5,doos,207.0
2026-08-04,WIJN02,"Huiswijn rood doos 6x0,75",Wijnhuis Vermeer,7,doos,289.8
2026-08-11,WIJN02,"Huiswijn rood doos 6x0,75",Wijnhuis Vermeer,5,doos,207.0
2026-08-18,WIJN02,"Huiswijn rood doos 6x0,75",Wijnhuis Vermeer,4,doos,165.6
2026-08-25,WIJN02,"Huiswijn rood doos 6x0,75",Wijnhuis Vermeer,6,doos,248.4
2023-09-05,WIJN03,"Prosecco doos 6x0,75",Wijnhuis Vermeer,4,doos,213.6
2023-09-19,WIJN03,"Prosecco doos 6x0,75",Wijnhuis Vermeer,2,doos,106.8
2023-09-26,WIJN03,"Prosecco doos 6x0,75",Wijnhuis Vermeer,1,doos,53.4
2023-10-03,WIJN03,"Prosecco doos 6x0,75",Wijnhuis Vermeer,1,doos,53.4
2023-10-10,WIJN03,"Prosecco doos 6x0,75",Wijnhuis Vermeer,2,doos,106.8
2023-10-17,WIJN03,"Prosecco doos 6x0,75",Wijnhuis Vermeer,1,doos,53.4
2023-10-24,WIJN03,"Prosecco doos 6x0,75",Wijnhuis Vermeer,2,doos,106.8
2023-10-31,WIJN03,"Prosecco doos 6x0,75",Wijnhuis Vermeer,2,doos,106.8
2023-11-07,WIJN03,"Prosecco doos 6x0,75",Wijnhuis Vermeer,2,doos,106.8
2023-11-14,WIJN03,"Prosecco doos 6x0,75",Wijnhuis Vermeer,1,doos,53.4
2023-11-21,WIJN03,"Prosecco doos 6x0,75",Wijnhuis Vermeer,1,doos,53.4
2023-11-28,WIJN03,"Prosecco doos 6x0,75",Wijnhuis Vermeer,1,doos,53.4
2023-12-05,WIJN03,"Prosecco doos 6x0,75",Wijnhuis Vermeer,2,doos,106.8
2023-12-12,WIJN03,"Prosecco doos 6x0,75",Wijnhuis Vermeer,1,doos,53.4
2023-12-19,WIJN03,"Prosecco doos 6x0,75",Wijnhuis Vermeer,1,doos,53.4
2023-12-26,WIJN03,"Prosecco doos 6x0,75",Wijnhuis Vermeer,2,doos,106.8
2024-01-02,WIJN03,"Prosecco doos 6x0,75",Wijnhuis Vermeer,1,doos,53.4
2024-01-09,WIJN03,"Prosecco doos 6x0,75",Wijnhuis Vermeer,1,doos,53.4
2024-01-16,WIJN03,"Prosecco doos 6x0,75",Wijnhuis Vermeer,1,doos,53.4
2024-01-23,WIJN03,"Prosecco doos 6x0,75",Wijnhuis Vermeer,1,doos,53.4
2024-02-06,WIJN03,"Prosecco doos 6x0,75",Wijnhuis Vermeer,1,doos,53.4
2024-02-13,WIJN03,"Prosecco doos 6x0,75",Wijnhuis Vermeer,1,doos,53.4
2024-02-20,WIJN03,"Prosecco doos 6x0,75",Wijnhuis Vermeer,1,doos,53.4
2024-02-27,WIJN03,"Prosecco doos 6x0,75",Wijnhuis Vermeer,2,doos,106.8
2024-03-05,WIJN03,"Prosecco doos 6x0,75",Wijnhuis Vermeer,1,doos,53.4
2024-03-12,WIJN03,"Prosecco doos 6x0,75",Wijnhuis Vermeer,2,doos,106.8
2024-03-19,WIJN03,"Prosecco doos 6x0,75",Wijnhuis Vermeer,1,doos,53.4
2024-03-26,WIJN03,"Prosecco doos 6x0,75",Wijnhuis Vermeer,2,doos,106.8
2024-04-02,WIJN03,"Prosecco doos 6x0,75",Wijnhuis Vermeer,1,doos,53.4
2024-04-09,WIJN03,"Prosecco doos 6x0,75",Wijnhuis Vermeer,2,doos,106.8
2024-04-16,WIJN03,"Prosecco doos 6x0,75",Wijnhuis Vermeer,1,doos,53.4
2024-04-23,WIJN03,"Prosecco doos 6x0,75",Wijnhuis Vermeer,2,doos,106.8
2024-04-30,WIJN03,"Prosecco doos 6x0,75",Wijnhuis Vermeer,3,doos,160.2
2024-05-07,WIJN03,"Prosecco doos 6x0,75",Wijnhuis Vermeer,1,doos,53.4
2024-05-14,WIJN03,"Prosecco doos 6x0,75",Wijnhuis Vermeer,2,doos,106.8
2024-05-21,WIJN03,"Prosecco doos 6x0,75",Wijnhuis Vermeer,2,doos,106.8
2024-05-28,WIJN03,"Prosecco doos 6x0,75",Wijnhuis Vermeer,3,doos,160.2
2024-06-04,WIJN03,"Prosecco doos 6x0,75",Wijnhuis Vermeer,2,doos,106.8
2024-06-11,WIJN03,"Prosecco doos 6x0,75",Wijnhuis Vermeer,3,doos,160.2
2024-06-18,WIJN03,"Prosecco doos 6x0,75",Wijnhuis Vermeer,2,doos,106.8
2024-06-25,WIJN03,"Prosecco doos 6x0,75",Wijnhuis Vermeer,1,doos,53.4
2024-07-02,WIJN03,"Prosecco doos 6x0,75",Wijnhuis Vermeer,3,doos,160.2
2024-07-09,WIJN03,"Prosecco doos 6x0,75",Wijnhuis Vermeer,2,doos,106.8
2024-07-16,WIJN03,"Prosecco doos 6x0,75",Wijnhuis Vermeer,2,doos,106.8
2024-07-23,WIJN03,"Prosecco doos 6x0,75",Wijnhuis Vermeer,3,doos,160.2
2024-07-30,WIJN03,"Prosecco doos 6x0,75",Wijnhuis Vermeer,2,doos,106.8
2024-08-06,WIJN03,"Prosecco doos 6x0,75",Wijnhuis Vermeer,3,doos,160.2
2024-08-13,WIJN03,"Prosecco doos 6x0,75",Wijnhuis Vermeer,2,doos,106.8
2024-08-20,WIJN03,"Prosecco doos 6x0,75",Wijnhuis Vermeer,3,doos,160.2
2024-08-27,WIJN03,"Prosecco doos 6x0,75",Wijnhuis Vermeer,3,doos,160.2
2024-09-03,WIJN03,"Prosecco doos 6x0,75",Wijnhuis Vermeer,3,doos,160.2
2024-09-10,WIJN03,"Prosecco doos 6x0,75",Wijnhuis Vermeer,1,doos,53.4
2024-09-17,WIJN03,"Prosecco doos 6x0,75",Wijnhuis Vermeer,1,doos,53.4
2024-09-24,WIJN03,"Prosecco doos 6x0,75",Wijnhuis Vermeer,1,doos,53.4
2024-10-01,WIJN03,"Prosecco doos 6x0,75",Wijnhuis Vermeer,1,doos,53.4
2024-10-08,WIJN03,"Prosecco doos 6x0,75",Wijnhuis Vermeer,2,doos,106.8
2024-10-15,WIJN03,"Prosecco doos 6x0,75",Wijnhuis Vermeer,2,doos,106.8
2024-10-22,WIJN03,"Prosecco doos 6x0,75",Wijnhuis Vermeer,2,doos,106.8
2024-10-29,WIJN03,"Prosecco doos 6x0,75",Wijnhuis Vermeer,2,doos,106.8
2024-11-12,WIJN03,"Prosecco doos 6x0,75",Wijnhuis Vermeer,2,doos,106.8
2024-11-19,WIJN03,"Prosecco doos 6x0,75",Wijnhuis Vermeer,1,doos,53.4
2024-11-26,WIJN03,"Prosecco doos 6x0,75",Wijnhuis Vermeer,2,doos,106.8
2024-12-03,WIJN03,"Prosecco doos 6x0,75",Wijnhuis Vermeer,1,doos,53.4
2024-12-10,WIJN03,"Prosecco doos 6x0,75",Wijnhuis Vermeer,2,doos,106.8
2024-12-17,WIJN03,"Prosecco doos 6x0,75",Wijnhuis Vermeer,2,doos,106.8
2024-12-24,WIJN03,"Prosecco doos 6x0,75",Wijnhuis Vermeer,1,doos,53.4
2024-12-31,WIJN03,"Prosecco doos 6x0,75",Wijnhuis Vermeer,2,doos,106.8
2025-01-07,WIJN03,"Prosecco doos 6x0,75",Wijnhuis Vermeer,1,doos,53.4
2025-01-14,WIJN03,"Prosecco doos 6x0,75",Wijnhuis Vermeer,1,doos,53.4
2025-01-21,WIJN03,"Prosecco doos 6x0,75",Wijnhuis Vermeer,1,doos,53.4
2025-01-28,WIJN03,"Prosecco doos 6x0,75",Wijnhuis Vermeer,1,doos,53.4
2025-02-04,WIJN03,"Prosecco doos 6x0,75",Wijnhuis Vermeer,1,doos,53.4
2025-02-11,WIJN03,"Prosecco doos 6x0,75",Wijnhuis Vermeer,1,doos,53.4
2025-02-18,WIJN03,"Prosecco doos 6x0,75",Wijnhuis Vermeer,1,doos,53.4
2025-02-25,WIJN03,"Prosecco doos 6x0,75",Wijnhuis Vermeer,2,doos,106.8
2025-03-04,WIJN03,"Prosecco doos 6x0,75",Wijnhuis Vermeer,1,doos,53.4
2025-03-11,WIJN03,"Prosecco doos 6x0,75",Wijnhuis Vermeer,2,doos,106.8
2025-03-18,WIJN03,"Prosecco doos 6x0,75",Wijnhuis Vermeer,1,doos,53.4
2025-03-25,WIJN03,"Prosecco doos 6x0,75",Wijnhuis Vermeer,2,doos,106.8
2025-04-01,WIJN03,"Prosecco doos 6x0,75",Wijnhuis Vermeer,1,doos,53.4
2025-04-08,WIJN03,"Prosecco doos 6x0,75",Wijnhuis Vermeer,1,doos,53.4
2025-04-15,WIJN03,"Prosecco doos 6x0,75",Wijnhuis Vermeer,3,doos,160.2
2025-04-22,WIJN03,"Prosecco doos 6x0,75",Wijnhuis Vermeer,1,doos,53.4
2025-04-29,WIJN03,"Prosecco doos 6x0,75",Wijnhuis Vermeer,1,doos,53.4
2025-05-06,WIJN03,"Prosecco doos 6x0,75",Wijnhuis Vermeer,2,doos,106.8
2025-05-13,WIJN03,"Prosecco doos 6x0,75",Wijnhuis Vermeer,2,doos,106.8
2025-05-20,WIJN03,"Prosecco doos 6x0,75",Wijnhuis Vermeer,2,doos,106.8
2025-05-27,WIJN03,"Prosecco doos 6x0,75",Wijnhuis Vermeer,2,doos,106.8
2025-06-03,WIJN03,"Prosecco doos 6x0,75",Wijnhuis Vermeer,2,doos,106.8
2025-06-10,WIJN03,"Prosecco doos 6x0,75",Wijnhuis Vermeer,3,doos,160.2
2025-06-17,WIJN03,"Prosecco doos 6x0,75",Wijnhuis Vermeer,2,doos,106.8
2025-06-24,WIJN03,"Prosecco doos 6x0,75",Wijnhuis Vermeer,3,doos,160.2
2025-07-01,WIJN03,"Prosecco doos 6x0,75",Wijnhuis Vermeer,2,doos,106.8
2025-07-08,WIJN03,"Prosecco doos 6x0,75",Wijnhuis Vermeer,2,doos,106.8
2025-07-15,WIJN03,"Prosecco doos 6x0,75",Wijnhuis Vermeer,3,doos,160.2
2025-07-22,WIJN03,"Prosecco doos 6x0,75",Wijnhuis Vermeer,3,doos,160.2
2025-07-29,WIJN03,"Prosecco doos 6x0,75",Wijnhuis Vermeer,3,doos,160.2
2025-08-05,WIJN03,"Prosecco doos 6x0,75",Wijnhuis Vermeer,2,doos,106.8
2025-08-12,WIJN03,"Prosecco doos 6x0,75",Wijnhuis Vermeer,3,doos,160.2
2025-08-19,WIJN03,"Prosecco doos 6x0,75",Wijnhuis Vermeer,2,doos,106.8
2025-08-26,WIJN03,"Prosecco doos 6x0,75",Wijnhuis Vermeer,3,doos,160.2
2025-09-02,WIJN03,"Prosecco doos 6x0,75",Wijnhuis Vermeer,3,doos,160.2
2025-09-09,WIJN03,"Prosecco doos 6x0,75",Wijnhuis Vermeer,2,doos,106.8
2025-09-16,WIJN03,"Prosecco doos 6x0,75",Wijnhuis Vermeer,1,doos,53.4
2025-09-23,WIJN03,"Prosecco doos 6x0,75",Wijnhuis Vermeer,2,doos,106.8
2025-09-30,WIJN03,"Prosecco doos 6x0,75",Wijnhuis Vermeer,2,doos,106.8
2025-10-07,WIJN03,"Prosecco doos 6x0,75",Wijnhuis Vermeer,1,doos,53.4
2025-10-14,WIJN03,"Prosecco doos 6x0,75",Wijnhuis Vermeer,2,doos,106.8
2025-10-21,WIJN03,"Prosecco doos 6x0,75",Wijnhuis Vermeer,1,doos,53.4
2025-10-28,WIJN03,"Prosecco doos 6x0,75",Wijnhuis Vermeer,1,doos,53.4
2025-11-04,WIJN03,"Prosecco doos 6x0,75",Wijnhuis Vermeer,2,doos,106.8
2025-11-11,WIJN03,"Prosecco doos 6x0,75",Wijnhuis Vermeer,1,doos,53.4
2025-11-18,WIJN03,"Prosecco doos 6x0,75",Wijnhuis Vermeer,2,doos,106.8
2025-12-02,WIJN03,"Prosecco doos 6x0,75",Wijnhuis Vermeer,2,doos,106.8
2025-12-09,WIJN03,"Prosecco doos 6x0,75",Wijnhuis Vermeer,2,doos,106.8
2025-12-16,WIJN03,"Prosecco doos 6x0,75",Wijnhuis Vermeer,1,doos,53.4
2025-12-23,WIJN03,"Prosecco doos 6x0,75",Wijnhuis Vermeer,2,doos,106.8
2025-12-30,WIJN03,"Prosecco doos 6x0,75",Wijnhuis Vermeer,2,doos,106.8
2026-01-06,WIJN03,"Prosecco doos 6x0,75",Wijnhuis Vermeer,1,doos,53.4
2026-01-20,WIJN03,"Prosecco doos 6x0,75",Wijnhuis Vermeer,2,doos,106.8
2026-02-03,WIJN03,"Prosecco doos 6x0,75",Wijnhuis Vermeer,2,doos,106.8
2026-02-10,WIJN03,"Prosecco doos 6x0,75",Wijnhuis Vermeer,1,doos,53.4
2026-02-17,WIJN03,"Prosecco doos 6x0,75",Wijnhuis Vermeer,1,doos,53.4
2026-02-24,WIJN03,"Prosecco doos 6x0,75",Wijnhuis Vermeer,1,doos,53.4
2026-03-03,WIJN03,"Prosecco doos 6x0,75",Wijnhuis Vermeer,2,doos,106.8
2026-03-10,WIJN03,"Prosecco doos 6x0,75",Wijnhuis Vermeer,1,doos,53.4
2026-03-17,WIJN03,"Prosecco doos 6x0,75",Wijnhuis Vermeer,1,doos,53.4
2026-03-24,WIJN03,"Prosecco doos 6x0,75",Wijnhuis Vermeer,1,doos,53.4
2026-03-31,WIJN03,"Prosecco doos 6x0,75",Wijnhuis Vermeer,1,doos,53.4
2026-04-07,WIJN03,"Prosecco doos 6x0,75",Wijnhuis Vermeer,2,doos,106.8
2026-04-14,WIJN03,"Prosecco doos 6x0,75",Wijnhuis Vermeer,1,doos,53.4
2026-04-21,WIJN03,"Prosecco doos 6x0,75",Wijnhuis Vermeer,2,doos,106.8
2026-04-28,WIJN03,"Prosecco doos 6x0,75",Wijnhuis Vermeer,2,doos,106.8
2026-05-05,WIJN03,"Prosecco doos 6x0,75",Wijnhuis Vermeer,2,doos,106.8
2026-05-12,WIJN03,"Prosecco doos 6x0,75",Wijnhuis Vermeer,1,doos,53.4
2026-05-19,WIJN03,"Prosecco doos 6x0,75",Wijnhuis Vermeer,2,doos,106.8
2026-05-26,WIJN03,"Prosecco doos 6x0,75",Wijnhuis Vermeer,2,doos,106.8
2026-06-02,WIJN03,"Prosecco doos 6x0,75",Wijnhuis Vermeer,3,doos,160.2
2026-06-09,WIJN03,"Prosecco doos 6x0,75",Wijnhuis Vermeer,2,doos,106.8
2026-06-16,WIJN03,"Prosecco doos 6x0,75",Wijnhuis Vermeer,3,doos,160.2
2026-06-23,WIJN03,"Prosecco doos 6x0,75",Wijnhuis Vermeer,2,doos,106.8
2026-06-30,WIJN03,"Prosecco doos 6x0,75",Wijnhuis Vermeer,2,doos,106.8
2026-07-07,WIJN03,"Prosecco doos 6x0,75",Wijnhuis Vermeer,2,doos,106.8
2026-07-14,WIJN03,"Prosecco doos 6x0,75",Wijnhuis Vermeer,3,doos,160.2
2026-07-21,WIJN03,"Prosecco doos 6x0,75",Wijnhuis Vermeer,3,doos,160.2
2026-07-28,WIJN03,"Prosecco doos 6x0,75",Wijnhuis Vermeer,2,doos,106.8
2026-08-04,WIJN03,"Prosecco doos 6x0,75",Wijnhuis Vermeer,2,doos,106.8
2026-08-11,WIJN03,"Prosecco doos 6x0,75",Wijnhuis Vermeer,2,doos,106.8
2026-08-18,WIJN03,"Prosecco doos 6x0,75",Wijnhuis Vermeer,2,doos,106.8
2026-08-25,WIJN03,"Prosecco doos 6x0,75",Wijnhuis Vermeer,2,doos,106.8
2023-09-04,FRIS01,"Cola krat 24x0,2",Sligro,4,krat,74.8
2023-09-07,FRIS01,"Cola krat 24x0,2",Sligro,3,krat,56.1
2023-09-11,FRIS01,"Cola krat 24x0,2",Sligro,3,krat,56.1
2023-09-14,FRIS01,"Cola krat 24x0,2",Sligro,3,krat,56.1
2023-09-18,FRIS01,"Cola krat 24x0,2",Sligro,3,krat,56.1
2023-09-21,FRIS01,"Cola krat 24x0,2",Sligro,2,krat,37.4
2023-09-25,FRIS01,"Cola krat 24x0,2",Sligro,2,krat,37.4
2023-09-28,FRIS01,"Cola krat 24x0,2",Sligro,2,krat,37.4
2023-10-02,FRIS01,"Cola krat 24x0,2",Sligro,3,krat,56.1
2023-10-05,FRIS01,"Cola krat 24x0,2",Sligro,1,krat,18.7
2023-10-09,FRIS01,"Cola krat 24x0,2",Sligro,3,krat,56.1
2023-10-12,FRIS01,"Cola krat 24x0,2",Sligro,2,krat,37.4
2023-10-16,FRIS01,"Cola krat 24x0,2",Sligro,3,krat,56.1
2023-10-19,FRIS01,"Cola krat 24x0,2",Sligro,2,krat,37.4
2023-10-23,FRIS01,"Cola krat 24x0,2",Sligro,2,krat,37.4
2023-10-26,FRIS01,"Cola krat 24x0,2",Sligro,4,krat,74.8
2023-10-30,FRIS01,"Cola krat 24x0,2",Sligro,2,krat,37.4
2023-11-02,FRIS01,"Cola krat 24x0,2",Sligro,2,krat,37.4
2023-11-06,FRIS01,"Cola krat 24x0,2",Sligro,2,krat,37.4
2023-11-09,FRIS01,"Cola krat 24x0,2",Sligro,2,krat,37.4
2023-11-13,FRIS01,"Cola krat 24x0,2",Sligro,2,krat,37.4
2023-11-16,FRIS01,"Cola krat 24x0,2",Sligro,3,krat,56.1
2023-11-20,FRIS01,"Cola krat 24x0,2",Sligro,2,krat,37.4
2023-11-23,FRIS01,"Cola krat 24x0,2",Sligro,2,krat,37.4
2023-11-27,FRIS01,"Cola krat 24x0,2",Sligro,2,krat,37.4
2023-11-30,FRIS01,"Cola krat 24x0,2",Sligro,3,krat,56.1
2023-12-04,FRIS01,"Cola krat 24x0,2",Sligro,1,krat,18.7
2023-12-07,FRIS01,"Cola krat 24x0,2",Sligro,3,krat,56.1
2023-12-11,FRIS01,"Cola krat 24x0,2",Sligro,1,krat,18.7
2023-12-14,FRIS01,"Cola krat 24x0,2",Sligro,3,krat,56.1
2023-12-18,FRIS01,"Cola krat 24x0,2",Sligro,2,krat,37.4
2023-12-21,FRIS01,"Cola krat 24x0,2",Sligro,3,krat,56.1
2023-12-25,FRIS01,"Cola krat 24x0,2",Sligro,1,krat,18.7
2023-12-28,FRIS01,"Cola krat 24x0,2",Sligro,2,krat,37.4
2024-01-04,FRIS01,"Cola krat 24x0,2",Sligro,2,krat,37.4
2024-01-08,FRIS01,"Cola krat 24x0,2",Sligro,2,krat,37.4
2024-01-11,FRIS01,"Cola krat 24x0,2",Sligro,2,krat,37.4
2024-01-15,FRIS01,"Cola krat 24x0,2",Sligro,1,krat,18.7
2024-01-18,FRIS01,"Cola krat 24x0,2",Sligro,2,krat,37.4
2024-01-22,FRIS01,"Cola krat 24x0,2",Sligro,1,krat,18.7
2024-01-25,FRIS01,"Cola krat 24x0,2",Sligro,2,krat,37.4
2024-01-29,FRIS01,"Cola krat 24x0,2",Sligro,1,krat,18.7
2024-02-01,FRIS01,"Cola krat 24x0,2",Sligro,1,krat,18.7
2024-02-05,FRIS01,"Cola krat 24x0,2",Sligro,2,krat,37.4
2024-02-08,FRIS01,"Cola krat 24x0,2",Sligro,2,krat,37.4
2024-02-12,FRIS01,"Cola krat 24x0,2",Sligro,2,krat,37.4
2024-02-15,FRIS01,"Cola krat 24x0,2",Sligro,2,krat,37.4
2024-02-19,FRIS01,"Cola krat 24x0,2",Sligro,1,krat,18.7
2024-02-22,FRIS01,"Cola krat 24x0,2",Sligro,2,krat,37.4
2024-02-26,FRIS01,"Cola krat 24x0,2",Sligro,2,krat,37.4
2024-02-29,FRIS01,"Cola krat 24x0,2",Sligro,2,krat,37.4
2024-03-07,FRIS01,"Cola krat 24x0,2",Sligro,2,krat,37.4
2024-03-11,FRIS01,"Cola krat 24x0,2",Sligro,2,krat,37.4
2024-03-14,FRIS01,"Cola krat 24x0,2",Sligro,2,krat,37.4
2024-03-18,FRIS01,"Cola krat 24x0,2",Sligro,2,krat,37.4
2024-03-21,FRIS01,"Cola krat 24x0,2",Sligro,2,krat,37.4
2024-03-25,FRIS01,"Cola krat 24x0,2",Sligro,2,krat,37.4
2024-03-28,FRIS01,"Cola krat 24x0,2",Sligro,3,krat,56.1
2024-04-01,FRIS01,"Cola krat 24x0,2",Sligro,2,krat,37.4
2024-04-04,FRIS01,"Cola krat 24x0,2",Sligro,2,krat,37.4
2024-04-08,FRIS01,"Cola krat 24x0,2",Sligro,1,krat,18.7
2024-04-11,FRIS01,"Cola krat 24x0,2",Sligro,2,krat,37.4
2024-04-15,FRIS01,"Cola krat 24x0,2",Sligro,2,krat,37.4
2024-04-18,FRIS01,"Cola krat 24x0,2",Sligro,3,krat,56.1
2024-04-22,FRIS01,"Cola krat 24x0,2",Sligro,2,krat,37.4
2024-04-25,FRIS01,"Cola krat 24x0,2",Sligro,2,krat,37.4
2024-04-29,FRIS01,"Cola krat 24x0,2",Sligro,3,krat,56.1
2024-05-02,FRIS01,"Cola krat 24x0,2",Sligro,1,krat,18.7
2024-05-06,FRIS01,"Cola krat 24x0,2",Sligro,3,krat,56.1
2024-05-09,FRIS01,"Cola krat 24x0,2",Sligro,2,krat,37.4
2024-05-13,FRIS01,"Cola krat 24x0,2",Sligro,3,krat,56.1
2024-05-16,FRIS01,"Cola krat 24x0,2",Sligro,3,krat,56.1
2024-05-20,FRIS01,"Cola krat 24x0,2",Sligro,3,krat,56.1
2024-05-23,FRIS01,"Cola krat 24x0,2",Sligro,2,krat,37.4
2024-05-27,FRIS01,"Cola krat 24x0,2",Sligro,3,krat,56.1
2024-05-30,FRIS01,"Cola krat 24x0,2",Sligro,3,krat,56.1
2024-06-03,FRIS01,"Cola krat 24x0,2",Sligro,4,krat,74.8
2024-06-06,FRIS01,"Cola krat 24x0,2",Sligro,3,krat,56.1
2024-06-10,FRIS01,"Cola krat 24x0,2",Sligro,4,krat,74.8
2024-06-13,FRIS01,"Cola krat 24x0,2",Sligro,4,krat,74.8
2024-06-17,FRIS01,"Cola krat 24x0,2",Sligro,4,krat,74.8
2024-06-20,FRIS01,"Cola krat 24x0,2",Sligro,3,krat,56.1
2024-06-24,FRIS01,"Cola krat 24x0,2",Sligro,4,krat,74.8
2024-06-27,FRIS01,"Cola krat 24x0,2",Sligro,4,krat,74.8
2024-07-01,FRIS01,"Cola krat 24x0,2",Sligro,3,krat,56.1
2024-07-04,FRIS01,"Cola krat 24x0,2",Sligro,5,krat,93.5
2024-07-08,FRIS01,"Cola krat 24x0,2",Sligro,4,krat,74.8
2024-07-11,FRIS01,"Cola krat 24x0,2",Sligro,3,krat,56.1
2024-07-15,FRIS01,"Cola krat 24x0,2",Sligro,4,krat,74.8
2024-07-18,FRIS01,"Cola krat 24x0,2",Sligro,3,krat,56.1
2024-07-22,FRIS01,"Cola krat 24x0,2",Sligro,4,krat,74.8
2024-07-25,FRIS01,"Cola krat 24x0,2",Sligro,5,krat,93.5
2024-07-29,FRIS01,"Cola krat 24x0,2",Sligro,4,krat,74.8
2024-08-01,FRIS01,"Cola krat 24x0,2",Sligro,4,krat,74.8
2024-08-05,FRIS01,"Cola krat 24x0,2",Sligro,4,krat,74.8
2024-08-08,FRIS01,"Cola krat 24x0,2",Sligro,4,krat,74.8
2024-08-12,FRIS01,"Cola krat 24x0,2",Sligro,3,krat,56.1
2024-08-15,FRIS01,"Cola krat 24x0,2",Sligro,4,krat,74.8
2024-08-19,FRIS01,"Cola krat 24x0,2",Sligro,2,krat,37.4
2024-08-22,FRIS01,"Cola krat 24x0,2",Sligro,4,krat,74.8
2024-08-26,FRIS01,"Cola krat 24x0,2",Sligro,1,krat,18.7
2024-08-29,FRIS01,"Cola krat 24x0,2",Sligro,5,krat,93.5
2024-09-02,FRIS01,"Cola krat 24x0,2",Sligro,2,krat,37.4
2024-09-05,FRIS01,"Cola krat 24x0,2",Sligro,4,krat,74.8
2024-09-09,FRIS01,"Cola krat 24x0,2",Sligro,2,krat,37.4
2024-09-12,FRIS01,"Cola krat 24x0,2",Sligro,2,krat,37.4
2024-09-16,FRIS01,"Cola krat 24x0,2",Sligro,3,krat,56.1
2024-09-19,FRIS01,"Cola krat 24x0,2",Sligro,3,krat,56.1
2024-09-23,FRIS01,"Cola krat 24x0,2",Sligro,3,krat,56.1
2024-09-26,FRIS01,"Cola krat 24x0,2",Sligro,2,krat,37.4
2024-09-30,FRIS01,"Cola krat 24x0,2",Sligro,3,krat,56.1
2024-10-03,FRIS01,"Cola krat 24x0,2",Sligro,3,krat,56.1
2024-10-07,FRIS01,"Cola krat 24x0,2",Sligro,1,krat,18.7
2024-10-10,FRIS01,"Cola krat 24x0,2",Sligro,2,krat,37.4
2024-10-14,FRIS01,"Cola krat 24x0,2",Sligro,3,krat,56.1
2024-10-17,FRIS01,"Cola krat 24x0,2",Sligro,3,krat,56.1
2024-10-21,FRIS01,"Cola krat 24x0,2",Sligro,1,krat,18.7
2024-10-24,FRIS01,"Cola krat 24x0,2",Sligro,3,krat,56.1
2024-10-28,FRIS01,"Cola krat 24x0,2",Sligro,3,krat,56.1
2024-10-31,FRIS01,"Cola krat 24x0,2",Sligro,3,krat,56.1
2024-11-04,FRIS01,"Cola krat 24x0,2",Sligro,2,krat,37.4
2024-11-07,FRIS01,"Cola krat 24x0,2",Sligro,3,krat,56.1
2024-11-11,FRIS01,"Cola krat 24x0,2",Sligro,2,krat,37.4
2024-11-14,FRIS01,"Cola krat 24x0,2",Sligro,2,krat,37.4
2024-11-18,FRIS01,"Cola krat 24x0,2",Sligro,1,krat,18.7
2024-11-21,FRIS01,"Cola krat 24x0,2",Sligro,2,krat,37.4
2024-11-25,FRIS01,"Cola krat 24x0,2",Sligro,2,krat,37.4
2024-11-28,FRIS01,"Cola krat 24x0,2",Sligro,2,krat,37.4
2024-12-02,FRIS01,"Cola krat 24x0,2",Sligro,1,krat,18.7
2024-12-05,FRIS01,"Cola krat 24x0,2",Sligro,3,krat,56.1
2024-12-09,FRIS01,"Cola krat 24x0,2",Sligro,2,krat,37.4
2024-12-12,FRIS01,"Cola krat 24x0,2",Sligro,3,krat,56.1
2024-12-16,FRIS01,"Cola krat 24x0,2",Sligro,2,krat,37.4
2024-12-19,FRIS01,"Cola krat 24x0,2",Sligro,3,krat,56.1
2024-12-23,FRIS01,"Cola krat 24x0,2",Sligro,2,krat,37.4
2024-12-26,FRIS01,"Cola krat 24x0,2",Sligro,3,krat,56.1
2024-12-30,FRIS01,"Cola krat 24x0,2",Sligro,1,krat,18.7
2025-01-02,FRIS01,"Cola krat 24x0,2",Sligro,2,krat,37.4
2025-01-06,FRIS01,"Cola krat 24x0,2",Sligro,1,krat,18.7
2025-01-09,FRIS01,"Cola krat 24x0,2",Sligro,2,krat,37.4
2025-01-13,FRIS01,"Cola krat 24x0,2",Sligro,1,krat,18.7
2025-01-16,FRIS01,"Cola krat 24x0,2",Sligro,3,krat,56.1
2025-01-20,FRIS01,"Cola krat 24x0,2",Sligro,1,krat,18.7
2025-01-23,FRIS01,"Cola krat 24x0,2",Sligro,2,krat,37.4
2025-01-27,FRIS01,"Cola krat 24x0,2",Sligro,1,krat,18.7
2025-01-30,FRIS01,"Cola krat 24x0,2",Sligro,2,krat,37.4
2025-02-03,FRIS01,"Cola krat 24x0,2",Sligro,2,krat,37.4
2025-02-06,FRIS01,"Cola krat 24x0,2",Sligro,2,krat,37.4
2025-02-10,FRIS01,"Cola krat 24x0,2",Sligro,1,krat,18.7
2025-02-13,FRIS01,"Cola krat 24x0,2",Sligro,3,krat,56.1
2025-02-17,FRIS01,"Cola krat 24x0,2",Sligro,2,krat,37.4
2025-02-20,FRIS01,"Cola krat 24x0,2",Sligro,3,krat,56.1
2025-02-24,FRIS01,"Cola krat 24x0,2",Sligro,3,krat,56.1
2025-02-27,FRIS01,"Cola krat 24x0,2",Sligro,2,krat,37.4
2025-03-03,FRIS01,"Cola krat 24x0,2",Sligro,2,krat,37.4
2025-03-06,FRIS01,"Cola krat 24x0,2",Sligro,2,krat,37.4
2025-03-10,FRIS01,"Cola krat 24x0,2",Sligro,2,krat,37.4
2025-03-13,FRIS01,"Cola krat 24x0,2",Sligro,2,krat,37.4
2025-03-17,FRIS01,"Cola krat 24x0,2",Sligro,2,krat,37.4
2025-03-20,FRIS01,"Cola krat 24x0,2",Sligro,3,krat,56.1
2025-03-24,FRIS01,"Cola krat 24x0,2",Sligro,1,krat,18.7
2025-03-27,FRIS01,"Cola krat 24x0,2",Sligro,3,krat,56.1
2025-03-31,FRIS01,"Cola krat 24x0,2",Sligro,2,krat,37.4
2025-04-03,FRIS01,"Cola krat 24x0,2",Sligro,2,krat,37.4
2025-04-07,FRIS01,"Cola krat 24x0,2",Sligro,3,krat,56.1
2025-04-10,FRIS01,"Cola krat 24x0,2",Sligro,2,krat,37.4
2025-04-14,FRIS01,"Cola krat 24x0,2",Sligro,2,krat,37.4
2025-04-17,FRIS01,"Cola krat 24x0,2",Sligro,3,krat,56.1
2025-04-21,FRIS01,"Cola krat 24x0,2",Sligro,2,krat,37.4
2025-04-24,FRIS01,"Cola krat 24x0,2",Sligro,3,krat,56.1
2025-04-28,FRIS01,"Cola krat 24x0,2",Sligro,3,krat,56.1
2025-05-01,FRIS01,"Cola krat 24x0,2",Sligro,2,krat,37.4
2025-05-05,FRIS01,"Cola krat 24x0,2",Sligro,3,krat,56.1
2025-05-08,FRIS01,"Cola krat 24x0,2",Sligro,3,krat,56.1
2025-05-12,FRIS01,"Cola krat 24x0,2",Sligro,3,krat,56.1
2025-05-15,FRIS01,"Cola krat 24x0,2",Sligro,3,krat,56.1
2025-05-19,FRIS01,"Cola krat 24x0,2",Sligro,3,krat,56.1
2025-05-22,FRIS01,"Cola krat 24x0,2",Sligro,4,krat,74.8
2025-05-26,FRIS01,"Cola krat 24x0,2",Sligro,3,krat,56.1
2025-05-29,FRIS01,"Cola krat 24x0,2",Sligro,4,krat,74.8
2025-06-02,FRIS01,"Cola krat 24x0,2",Sligro,2,krat,37.4
2025-06-05,FRIS01,"Cola krat 24x0,2",Sligro,3,krat,56.1
2025-06-09,FRIS01,"Cola krat 24x0,2",Sligro,2,krat,37.4
2025-06-12,FRIS01,"Cola krat 24x0,2",Sligro,4,krat,74.8
2025-06-16,FRIS01,"Cola krat 24x0,2",Sligro,3,krat,56.1
2025-06-19,FRIS01,"Cola krat 24x0,2",Sligro,4,krat,74.8
2025-06-23,FRIS01,"Cola krat 24x0,2",Sligro,4,krat,74.8
2025-06-26,FRIS01,"Cola krat 24x0,2",Sligro,4,krat,74.8
2025-06-30,FRIS01,"Cola krat 24x0,2",Sligro,3,krat,56.1
2025-07-03,FRIS01,"Cola krat 24x0,2",Sligro,4,krat,74.8
2025-07-07,FRIS01,"Cola krat 24x0,2",Sligro,2,krat,37.4
2025-07-10,FRIS01,"Cola krat 24x0,2",Sligro,5,krat,93.5
2025-07-14,FRIS01,"Cola krat 24x0,2",Sligro,4,krat,74.8
2025-07-17,FRIS01,"Cola krat 24x0,2",Sligro,4,krat,74.8
2025-07-21,FRIS01,"Cola krat 24x0,2",Sligro,4,krat,74.8
2025-07-24,FRIS01,"Cola krat 24x0,2",Sligro,5,krat,93.5
2025-07-28,FRIS01,"Cola krat 24x0,2",Sligro,5,krat,93.5
2025-07-31,FRIS01,"Cola krat 24x0,2",Sligro,4,krat,74.8
2025-08-04,FRIS01,"Cola krat 24x0,2",Sligro,3,krat,56.1
2025-08-07,FRIS01,"Cola krat 24x0,2",Sligro,4,krat,74.8
2025-08-11,FRIS01,"Cola krat 24x0,2",Sligro,4,krat,74.8
2025-08-14,FRIS01,"Cola krat 24x0,2",Sligro,4,krat,74.8
2025-08-18,FRIS01,"Cola krat 24x0,2",Sligro,3,krat,56.1
2025-08-21,FRIS01,"Cola krat 24x0,2",Sligro,4,krat,74.8
2025-08-25,FRIS01,"Cola krat 24x0,2",Sligro,2,krat,37.4
2025-08-28,FRIS01,"Cola krat 24x0,2",Sligro,4,krat,74.8
2025-09-01,FRIS01,"Cola krat 24x0,2",Sligro,4,krat,74.8
2025-09-04,FRIS01,"Cola krat 24x0,2",Sligro,2,krat,37.4
2025-09-08,FRIS01,"Cola krat 24x0,2",Sligro,2,krat,37.4
2025-09-11,FRIS01,"Cola krat 24x0,2",Sligro,4,krat,74.8
2025-09-15,FRIS01,"Cola krat 24x0,2",Sligro,3,krat,56.1
2025-09-18,FRIS01,"Cola krat 24x0,2",Sligro,3,krat,56.1
2025-09-22,FRIS01,"Cola krat 24x0,2",Sligro,3,krat,56.1
2025-09-25,FRIS01,"Cola krat 24x0,2",Sligro,3,krat,56.1
2025-09-29,FRIS01,"Cola krat 24x0,2",Sligro,3,krat,56.1
2025-10-02,FRIS01,"Cola krat 24x0,2",Sligro,2,krat,37.4
2025-10-06,FRIS01,"Cola krat 24x0,2",Sligro,3,krat,56.1
2025-10-09,FRIS01,"Cola krat 24x0,2",Sligro,2,krat,37.4
2025-10-13,FRIS01,"Cola krat 24x0,2",Sligro,3,krat,56.1
2025-10-16,FRIS01,"Cola krat 24x0,2",Sligro,2,krat,37.4
2025-10-20,FRIS01,"Cola krat 24x0,2",Sligro,2,krat,37.4
2025-10-23,FRIS01,"Cola krat 24x0,2",Sligro,2,krat,37.4
2025-10-27,FRIS01,"Cola krat 24x0,2",Sligro,3,krat,56.1
2025-10-30,FRIS01,"Cola krat 24x0,2",Sligro,1,krat,18.7
2025-11-03,FRIS01,"Cola krat 24x0,2",Sligro,3,krat,56.1
2025-11-06,FRIS01,"Cola krat 24x0,2",Sligro,1,krat,18.7
2025-11-10,FRIS01,"Cola krat 24x0,2",Sligro,2,krat,37.4
2025-11-13,FRIS01,"Cola krat 24x0,2",Sligro,3,krat,56.1
2025-11-17,FRIS01,"Cola krat 24x0,2",Sligro,3,krat,56.1
2025-11-20,FRIS01,"Cola krat 24x0,2",Sligro,3,krat,56.1
2025-11-24,FRIS01,"Cola krat 24x0,2",Sligro,1,krat,18.7
2025-11-27,FRIS01,"Cola krat 24x0,2",Sligro,2,krat,37.4
2025-12-01,FRIS01,"Cola krat 24x0,2",Sligro,3,krat,56.1
2025-12-04,FRIS01,"Cola krat 24x0,2",Sligro,2,krat,37.4
2025-12-08,FRIS01,"Cola krat 24x0,2",Sligro,3,krat,56.1
2025-12-11,FRIS01,"Cola krat 24x0,2",Sligro,2,krat,37.4
2025-12-15,FRIS01,"Cola krat 24x0,2",Sligro,3,krat,56.1
2025-12-18,FRIS01,"Cola krat 24x0,2",Sligro,2,krat,37.4
2025-12-22,FRIS01,"Cola krat 24x0,2",Sligro,3,krat,56.1
2025-12-25,FRIS01,"Cola krat 24x0,2",Sligro,1,krat,18.7
2025-12-29,FRIS01,"Cola krat 24x0,2",Sligro,3,krat,56.1
2026-01-01,FRIS01,"Cola krat 24x0,2",Sligro,1,krat,18.7
2026-01-05,FRIS01,"Cola krat 24x0,2",Sligro,1,krat,18.7
2026-01-08,FRIS01,"Cola krat 24x0,2",Sligro,2,krat,37.4
2026-01-12,FRIS01,"Cola krat 24x0,2",Sligro,2,krat,37.4
2026-01-15,FRIS01,"Cola krat 24x0,2",Sligro,1,krat,18.7
2026-01-19,FRIS01,"Cola krat 24x0,2",Sligro,2,krat,37.4
2026-01-22,FRIS01,"Cola krat 24x0,2",Sligro,2,krat,37.4
2026-01-26,FRIS01,"Cola krat 24x0,2",Sligro,1,krat,18.7
2026-01-29,FRIS01,"Cola krat 24x0,2",Sligro,3,krat,56.1
2026-02-02,FRIS01,"Cola krat 24x0,2",Sligro,2,krat,37.4
2026-02-05,FRIS01,"Cola krat 24x0,2",Sligro,2,krat,37.4
2026-02-09,FRIS01,"Cola krat 24x0,2",Sligro,3,krat,56.1
2026-02-12,FRIS01,"Cola krat 24x0,2",Sligro,2,krat,37.4
2026-02-16,FRIS01,"Cola krat 24x0,2",Sligro,2,krat,37.4
2026-02-19,FRIS01,"Cola krat 24x0,2",Sligro,2,krat,37.4
2026-02-23,FRIS01,"Cola krat 24x0,2",Sligro,2,krat,37.4
2026-02-26,FRIS01,"Cola krat 24x0,2",Sligro,2,krat,37.4
2026-03-02,FRIS01,"Cola krat 24x0,2",Sligro,1,krat,18.7
2026-03-05,FRIS01,"Cola krat 24x0,2",Sligro,3,krat,56.1
2026-03-09,FRIS01,"Cola krat 24x0,2",Sligro,1,krat,18.7
2026-03-12,FRIS01,"Cola krat 24x0,2",Sligro,3,krat,56.1
2026-03-16,FRIS01,"Cola krat 24x0,2",Sligro,1,krat,18.7
2026-03-19,FRIS01,"Cola krat 24x0,2",Sligro,3,krat,56.1
2026-03-23,FRIS01,"Cola krat 24x0,2",Sligro,2,krat,37.4
2026-03-26,FRIS01,"Cola krat 24x0,2",Sligro,2,krat,37.4
2026-03-30,FRIS01,"Cola krat 24x0,2",Sligro,3,krat,56.1
2026-04-02,FRIS01,"Cola krat 24x0,2",Sligro,2,krat,37.4
2026-04-06,FRIS01,"Cola krat 24x0,2",Sligro,2,krat,37.4
2026-04-09,FRIS01,"Cola krat 24x0,2",Sligro,3,krat,56.1
2026-04-13,FRIS01,"Cola krat 24x0,2",Sligro,3,krat,56.1
2026-04-16,FRIS01,"Cola krat 24x0,2",Sligro,2,krat,37.4
2026-04-20,FRIS01,"Cola krat 24x0,2",Sligro,3,krat,56.1
2026-04-23,FRIS01,"Cola krat 24x0,2",Sligro,3,krat,56.1
2026-04-27,FRIS01,"Cola krat 24x0,2",Sligro,3,krat,56.1
2026-04-30,FRIS01,"Cola krat 24x0,2",Sligro,2,krat,37.4
2026-05-04,FRIS01,"Cola krat 24x0,2",Sligro,3,krat,56.1
2026-05-07,FRIS01,"Cola krat 24x0,2",Sligro,4,krat,74.8
2026-05-11,FRIS01,"Cola krat 24x0,2",Sligro,1,krat,18.7
2026-05-14,FRIS01,"Cola krat 24x0,2",Sligro,4,krat,74.8
2026-05-18,FRIS01,"Cola krat 24x0,2",Sligro,3,krat,56.1
2026-05-21,FRIS01,"Cola krat 24x0,2",Sligro,3,krat,56.1
2026-05-25,FRIS01,"Cola krat 24x0,2",Sligro,2,krat,37.4
2026-05-28,FRIS01,"Cola krat 24x0,2",Sligro,3,krat,56.1
2026-06-01,FRIS01,"Cola krat 24x0,2",Sligro,2,krat,37.4
2026-06-04,FRIS01,"Cola krat 24x0,2",Sligro,5,krat,93.5
2026-06-08,FRIS01,"Cola krat 24x0,2",Sligro,3,krat,56.1
2026-06-11,FRIS01,"Cola krat 24x0,2",Sligro,4,krat,74.8
2026-06-15,FRIS01,"Cola krat 24x0,2",Sligro,3,krat,56.1
2026-06-18,FRIS01,"Cola krat 24x0,2",Sligro,3,krat,56.1
2026-06-22,FRIS01,"Cola krat 24x0,2",Sligro,3,krat,56.1
2026-06-25,FRIS01,"Cola krat 24x0,2",Sligro,5,krat,93.5
2026-06-29,FRIS01,"Cola krat 24x0,2",Sligro,3,krat,56.1
2026-07-02,FRIS01,"Cola krat 24x0,2",Sligro,5,krat,93.5
2026-07-06,FRIS01,"Cola krat 24x0,2",Sligro,4,krat,74.8
2026-07-09,FRIS01,"Cola krat 24x0,2",Sligro,6,krat,112.2
2026-07-13,FRIS01,"Cola krat 24x0,2",Sligro,3,krat,56.1
2026-07-16,FRIS01,"Cola krat 24x0,2",Sligro,4,krat,74.8
2026-07-20,FRIS01,"Cola krat 24x0,2",Sligro,5,krat,93.5
2026-07-23,FRIS01,"Cola krat 24x0,2",Sligro,3,krat,56.1
2026-07-27,FRIS01,"Cola krat 24x0,2",Sligro,4,krat,74.8
2026-07-30,FRIS01,"Cola krat 24x0,2",Sligro,3,krat,56.1
2026-08-03,FRIS01,"Cola krat 24x0,2",Sligro,5,krat,93.5
2026-08-06,FRIS01,"Cola krat 24x0,2",Sligro,5,krat,93.5
2026-08-10,FRIS01,"Cola krat 24x0,2",Sligro,4,krat,74.8
2026-08-13,FRIS01,"Cola krat 24x0,2",Sligro,4,krat,74.8
2026-08-17,FRIS01,"Cola krat 24x0,2",Sligro,3,krat,56.1
2026-08-20,FRIS01,"Cola krat 24x0,2",Sligro,3,krat,56.1
2026-08-24,FRIS01,"Cola krat 24x0,2",Sligro,3,krat,56.1
2026-08-27,FRIS01,"Cola krat 24x0,2",Sligro,4,krat,74.8
2026-08-31,FRIS01,"Cola krat 24x0,2",Sligro,3,krat,56.1
2023-09-04,FRIS02,"Spa rood krat 24x0,2",Sligro,4,krat,66.4
2023-09-07,FRIS02,"Spa rood krat 24x0,2",Sligro,2,krat,33.2
2023-09-11,FRIS02,"Spa rood krat 24x0,2",Sligro,4,krat,66.4
2023-09-14,FRIS02,"Spa rood krat 24x0,2",Sligro,2,krat,33.2
2023-09-18,FRIS02,"Spa rood krat 24x0,2",Sligro,3,krat,49.8
2023-09-21,FRIS02,"Spa rood krat 24x0,2",Sligro,2,krat,33.2
2023-09-25,FRIS02,"Spa rood krat 24x0,2",Sligro,3,krat,49.8
2023-09-28,FRIS02,"Spa rood krat 24x0,2",Sligro,2,krat,33.2
2023-10-02,FRIS02,"Spa rood krat 24x0,2",Sligro,3,krat,49.8
2023-10-05,FRIS02,"Spa rood krat 24x0,2",Sligro,3,krat,49.8
2023-10-09,FRIS02,"Spa rood krat 24x0,2",Sligro,3,krat,49.8
2023-10-12,FRIS02,"Spa rood krat 24x0,2",Sligro,2,krat,33.2
2023-10-16,FRIS02,"Spa rood krat 24x0,2",Sligro,3,krat,49.8
2023-10-19,FRIS02,"Spa rood krat 24x0,2",Sligro,3,krat,49.8
2023-10-23,FRIS02,"Spa rood krat 24x0,2",Sligro,2,krat,33.2
2023-10-26,FRIS02,"Spa rood krat 24x0,2",Sligro,3,krat,49.8
2023-10-30,FRIS02,"Spa rood krat 24x0,2",Sligro,2,krat,33.2
2023-11-02,FRIS02,"Spa rood krat 24x0,2",Sligro,2,krat,33.2
2023-11-06,FRIS02,"Spa rood krat 24x0,2",Sligro,1,krat,16.6
2023-11-09,FRIS02,"Spa rood krat 24x0,2",Sligro,2,krat,33.2
2023-11-13,FRIS02,"Spa rood krat 24x0,2",Sligro,2,krat,33.2
2023-11-16,FRIS02,"Spa rood krat 24x0,2",Sligro,2,krat,33.2
2023-11-20,FRIS02,"Spa rood krat 24x0,2",Sligro,3,krat,49.8
2023-11-23,FRIS02,"Spa rood krat 24x0,2",Sligro,1,krat,16.6
2023-11-27,FRIS02,"Spa rood krat 24x0,2",Sligro,3,krat,49.8
2023-11-30,FRIS02,"Spa rood krat 24x0,2",Sligro,2,krat,33.2
2023-12-04,FRIS02,"Spa rood krat 24x0,2",Sligro,1,krat,16.6
2023-12-07,FRIS02,"Spa rood krat 24x0,2",Sligro,2,krat,33.2
2023-12-11,FRIS02,"Spa rood krat 24x0,2",Sligro,3,krat,49.8
2023-12-14,FRIS02,"Spa rood krat 24x0,2",Sligro,3,krat,49.8
2023-12-18,FRIS02,"Spa rood krat 24x0,2",Sligro,1,krat,16.6
2023-12-21,FRIS02,"Spa rood krat 24x0,2",Sligro,2,krat,33.2
2023-12-25,FRIS02,"Spa rood krat 24x0,2",Sligro,2,krat,33.2
2023-12-28,FRIS02,"Spa rood krat 24x0,2",Sligro,2,krat,33.2
2024-01-01,FRIS02,"Spa rood krat 24x0,2",Sligro,2,krat,33.2
2024-01-04,FRIS02,"Spa rood krat 24x0,2",Sligro,2,krat,33.2
2024-01-08,FRIS02,"Spa rood krat 24x0,2",Sligro,1,krat,16.6
2024-01-11,FRIS02,"Spa rood krat 24x0,2",Sligro,2,krat,33.2
2024-01-15,FRIS02,"Spa rood krat 24x0,2",Sligro,1,krat,16.6
2024-01-18,FRIS02,"Spa rood krat 24x0,2",Sligro,2,krat,33.2
2024-01-22,FRIS02,"Spa rood krat 24x0,2",Sligro,1,krat,16.6
2024-01-25,FRIS02,"Spa rood krat 24x0,2",Sligro,2,krat,33.2
2024-01-29,FRIS02,"Spa rood krat 24x0,2",Sligro,1,krat,16.6
2024-02-01,FRIS02,"Spa rood krat 24x0,2",Sligro,2,krat,33.2
2024-02-05,FRIS02,"Spa rood krat 24x0,2",Sligro,2,krat,33.2
2024-02-08,FRIS02,"Spa rood krat 24x0,2",Sligro,2,krat,33.2
2024-02-12,FRIS02,"Spa rood krat 24x0,2",Sligro,2,krat,33.2
2024-02-15,FRIS02,"Spa rood krat 24x0,2",Sligro,2,krat,33.2
2024-02-19,FRIS02,"Spa rood krat 24x0,2",Sligro,2,krat,33.2
2024-02-22,FRIS02,"Spa rood krat 24x0,2",Sligro,1,krat,16.6
2024-02-26,FRIS02,"Spa rood krat 24x0,2",Sligro,2,krat,33.2
2024-02-29,FRIS02,"Spa rood krat 24x0,2",Sligro,2,krat,33.2
2024-03-04,FRIS02,"Spa rood krat 24x0,2",Sligro,2,krat,33.2
2024-03-07,FRIS02,"Spa rood krat 24x0,2",Sligro,2,krat,33.2
2024-03-11,FRIS02,"Spa rood krat 24x0,2",Sligro,1,krat,16.6
2024-03-14,FRIS02,"Spa rood krat 24x0,2",Sligro,2,krat,33.2
2024-03-18,FRIS02,"Spa rood krat 24x0,2",Sligro,2,krat,33.2
2024-03-21,FRIS02,"Spa rood krat 24x0,2",Sligro,3,krat,49.8
2024-03-25,FRIS02,"Spa rood krat 24x0,2",Sligro,2,krat,33.2
2024-03-28,FRIS02,"Spa rood krat 24x0,2",Sligro,3,krat,49.8
2024-04-01,FRIS02,"Spa rood krat 24x0,2",Sligro,1,krat,16.6
2024-04-04,FRIS02,"Spa rood krat 24x0,2",Sligro,3,krat,49.8
2024-04-08,FRIS02,"Spa rood krat 24x0,2",Sligro,1,krat,16.6
2024-04-11,FRIS02,"Spa rood krat 24x0,2",Sligro,2,krat,33.2
2024-04-15,FRIS02,"Spa rood krat 24x0,2",Sligro,2,krat,33.2
2024-04-18,FRIS02,"Spa rood krat 24x0,2",Sligro,3,krat,49.8
2024-04-22,FRIS02,"Spa rood krat 24x0,2",Sligro,2,krat,33.2
2024-04-25,FRIS02,"Spa rood krat 24x0,2",Sligro,3,krat,49.8
2024-04-29,FRIS02,"Spa rood krat 24x0,2",Sligro,3,krat,49.8
2024-05-02,FRIS02,"Spa rood krat 24x0,2",Sligro,2,krat,33.2
2024-05-06,FRIS02,"Spa rood krat 24x0,2",Sligro,3,krat,49.8
2024-05-09,FRIS02,"Spa rood krat 24x0,2",Sligro,3,krat,49.8
2024-05-13,FRIS02,"Spa rood krat 24x0,2",Sligro,2,krat,33.2
2024-05-16,FRIS02,"Spa rood krat 24x0,2",Sligro,3,krat,49.8
2024-05-20,FRIS02,"Spa rood krat 24x0,2",Sligro,3,krat,49.8
2024-05-23,FRIS02,"Spa rood krat 24x0,2",Sligro,4,krat,66.4
2024-05-27,FRIS02,"Spa rood krat 24x0,2",Sligro,3,krat,49.8
2024-05-30,FRIS02,"Spa rood krat 24x0,2",Sligro,3,krat,49.8
2024-06-03,FRIS02,"Spa rood krat 24x0,2",Sligro,3,krat,49.8
2024-06-06,FRIS02,"Spa rood krat 24x0,2",Sligro,4,krat,66.4
2024-06-10,FRIS02,"Spa rood krat 24x0,2",Sligro,2,krat,33.2
2024-06-13,FRIS02,"Spa rood krat 24x0,2",Sligro,4,krat,66.4
2024-06-17,FRIS02,"Spa rood krat 24x0,2",Sligro,2,krat,33.2
2024-06-20,FRIS02,"Spa rood krat 24x0,2",Sligro,4,krat,66.4
2024-06-24,FRIS02,"Spa rood krat 24x0,2",Sligro,3,krat,49.8
2024-06-27,FRIS02,"Spa rood krat 24x0,2",Sligro,3,krat,49.8
2024-07-01,FRIS02,"Spa rood krat 24x0,2",Sligro,3,krat,49.8
2024-07-04,FRIS02,"Spa rood krat 24x0,2",Sligro,5,krat,83.0
2024-07-08,FRIS02,"Spa rood krat 24x0,2",Sligro,4,krat,66.4
2024-07-11,FRIS02,"Spa rood krat 24x0,2",Sligro,3,krat,49.8
2024-07-15,FRIS02,"Spa rood krat 24x0,2",Sligro,4,krat,66.4
2024-07-18,FRIS02,"Spa rood krat 24x0,2",Sligro,4,krat,66.4
2024-07-22,FRIS02,"Spa rood krat 24x0,2",Sligro,3,krat,49.8
2024-07-25,FRIS02,"Spa rood krat 24x0,2",Sligro,5,krat,83.0
2024-07-29,FRIS02,"Spa rood krat 24x0,2",Sligro,2,krat,33.2
2024-08-01,FRIS02,"Spa rood krat 24x0,2",Sligro,4,krat,66.4
2024-08-05,FRIS02,"Spa rood krat 24x0,2",Sligro,4,krat,66.4
2024-08-08,FRIS02,"Spa rood krat 24x0,2",Sligro,5,krat,83.0
2024-08-12,FRIS02,"Spa rood krat 24x0,2",Sligro,2,krat,33.2
2024-08-15,FRIS02,"Spa rood krat 24x0,2",Sligro,5,krat,83.0
2024-08-19,FRIS02,"Spa rood krat 24x0,2",Sligro,3,krat,49.8
2024-08-22,FRIS02,"Spa rood krat 24x0,2",Sligro,4,krat,66.4
2024-08-26,FRIS02,"Spa rood krat 24x0,2",Sligro,2,krat,33.2
2024-08-29,FRIS02,"Spa rood krat 24x0,2",Sligro,3,krat,49.8
2024-09-02,FRIS02,"Spa rood krat 24x0,2",Sligro,3,krat,49.8
2024-09-05,FRIS02,"Spa rood krat 24x0,2",Sligro,3,krat,49.8
2024-09-09,FRIS02,"Spa rood krat 24x0,2",Sligro,3,krat,49.8
2024-09-12,FRIS02,"Spa rood krat 24x0,2",Sligro,3,krat,49.8
2024-09-16,FRIS02,"Spa rood krat 24x0,2",Sligro,2,krat,33.2
2024-09-19,FRIS02,"Spa rood krat 24x0,2",Sligro,4,krat,66.4
2024-09-23,FRIS02,"Spa rood krat 24x0,2",Sligro,2,krat,33.2
2024-09-26,FRIS02,"Spa rood krat 24x0,2",Sligro,3,krat,49.8
2024-09-30,FRIS02,"Spa rood krat 24x0,2",Sligro,2,krat,33.2
2024-10-03,FRIS02,"Spa rood krat 24x0,2",Sligro,3,krat,49.8
2024-10-07,FRIS02,"Spa rood krat 24x0,2",Sligro,3,krat,49.8
2024-10-10,FRIS02,"Spa rood krat 24x0,2",Sligro,3,krat,49.8
2024-10-14,FRIS02,"Spa rood krat 24x0,2",Sligro,2,krat,33.2
2024-10-17,FRIS02,"Spa rood krat 24x0,2",Sligro,3,krat,49.8
2024-10-21,FRIS02,"Spa rood krat 24x0,2",Sligro,1,krat,16.6
2024-10-24,FRIS02,"Spa rood krat 24x0,2",Sligro,2,krat,33.2
2024-10-28,FRIS02,"Spa rood krat 24x0,2",Sligro,3,krat,49.8
2024-10-31,FRIS02,"Spa rood krat 24x0,2",Sligro,2,krat,33.2
2024-11-04,FRIS02,"Spa rood krat 24x0,2",Sligro,2,krat,33.2
2024-11-07,FRIS02,"Spa rood krat 24x0,2",Sligro,2,krat,33.2
2024-11-11,FRIS02,"Spa rood krat 24x0,2",Sligro,2,krat,33.2
2024-11-14,FRIS02,"Spa rood krat 24x0,2",Sligro,2,krat,33.2
2024-11-18,FRIS02,"Spa rood krat 24x0,2",Sligro,1,krat,16.6
2024-11-21,FRIS02,"Spa rood krat 24x0,2",Sligro,2,krat,33.2
2024-11-25,FRIS02,"Spa rood krat 24x0,2",Sligro,2,krat,33.2
2024-11-28,FRIS02,"Spa rood krat 24x0,2",Sligro,2,krat,33.2
2024-12-02,FRIS02,"Spa rood krat 24x0,2",Sligro,2,krat,33.2
2024-12-05,FRIS02,"Spa rood krat 24x0,2",Sligro,3,krat,49.8
2024-12-09,FRIS02,"Spa rood krat 24x0,2",Sligro,2,krat,33.2
2024-12-12,FRIS02,"Spa rood krat 24x0,2",Sligro,3,krat,49.8
2024-12-16,FRIS02,"Spa rood krat 24x0,2",Sligro,2,krat,33.2
2024-12-19,FRIS02,"Spa rood krat 24x0,2",Sligro,3,krat,49.8
2024-12-23,FRIS02,"Spa rood krat 24x0,2",Sligro,1,krat,16.6
2024-12-26,FRIS02,"Spa rood krat 24x0,2",Sligro,2,krat,33.2
2024-12-30,FRIS02,"Spa rood krat 24x0,2",Sligro,2,krat,33.2
2025-01-02,FRIS02,"Spa rood krat 24x0,2",Sligro,1,krat,16.6
2025-01-09,FRIS02,"Spa rood krat 24x0,2",Sligro,2,krat,33.2
2025-01-13,FRIS02,"Spa rood krat 24x0,2",Sligro,1,krat,16.6
2025-01-16,FRIS02,"Spa rood krat 24x0,2",Sligro,2,krat,33.2
2025-01-20,FRIS02,"Spa rood krat 24x0,2",Sligro,1,krat,16.6
2025-01-23,FRIS02,"Spa rood krat 24x0,2",Sligro,3,krat,49.8
2025-01-27,FRIS02,"Spa rood krat 24x0,2",Sligro,1,krat,16.6
2025-01-30,FRIS02,"Spa rood krat 24x0,2",Sligro,3,krat,49.8
2025-02-03,FRIS02,"Spa rood krat 24x0,2",Sligro,2,krat,33.2
2025-02-06,FRIS02,"Spa rood krat 24x0,2",Sligro,2,krat,33.2
2025-02-10,FRIS02,"Spa rood krat 24x0,2",Sligro,1,krat,16.6
2025-02-13,FRIS02,"Spa rood krat 24x0,2",Sligro,3,krat,49.8
2025-02-17,FRIS02,"Spa rood krat 24x0,2",Sligro,2,krat,33.2
2025-02-20,FRIS02,"Spa rood krat 24x0,2",Sligro,2,krat,33.2
2025-02-24,FRIS02,"Spa rood krat 24x0,2",Sligro,1,krat,16.6
2025-02-27,FRIS02,"Spa rood krat 24x0,2",Sligro,2,krat,33.2
2025-03-03,FRIS02,"Spa rood krat 24x0,2",Sligro,2,krat,33.2
2025-03-06,FRIS02,"Spa rood krat 24x0,2",Sligro,2,krat,33.2
2025-03-10,FRIS02,"Spa rood krat 24x0,2",Sligro,2,krat,33.2
2025-03-13,FRIS02,"Spa rood krat 24x0,2",Sligro,2,krat,33.2
2025-03-17,FRIS02,"Spa rood krat 24x0,2",Sligro,2,krat,33.2
2025-03-20,FRIS02,"Spa rood krat 24x0,2",Sligro,3,krat,49.8
2025-03-24,FRIS02,"Spa rood krat 24x0,2",Sligro,2,krat,33.2
2025-03-27,FRIS02,"Spa rood krat 24x0,2",Sligro,2,krat,33.2
2025-03-31,FRIS02,"Spa rood krat 24x0,2",Sligro,2,krat,33.2
2025-04-03,FRIS02,"Spa rood krat 24x0,2",Sligro,3,krat,49.8
2025-04-07,FRIS02,"Spa rood krat 24x0,2",Sligro,3,krat,49.8
2025-04-10,FRIS02,"Spa rood krat 24x0,2",Sligro,3,krat,49.8
2025-04-14,FRIS02,"Spa rood krat 24x0,2",Sligro,2,krat,33.2
2025-04-17,FRIS02,"Spa rood krat 24x0,2",Sligro,4,krat,66.4
2025-04-21,FRIS02,"Spa rood krat 24x0,2",Sligro,3,krat,49.8
2025-04-24,FRIS02,"Spa rood krat 24x0,2",Sligro,3,krat,49.8
2025-04-28,FRIS02,"Spa rood krat 24x0,2",Sligro,3,krat,49.8
2025-05-01,FRIS02,"Spa rood krat 24x0,2",Sligro,2,krat,33.2
2025-05-05,FRIS02,"Spa rood krat 24x0,2",Sligro,2,krat,33.2
2025-05-08,FRIS02,"Spa rood krat 24x0,2",Sligro,3,krat,49.8
2025-05-12,FRIS02,"Spa rood krat 24x0,2",Sligro,3,krat,49.8
2025-05-15,FRIS02,"Spa rood krat 24x0,2",Sligro,4,krat,66.4
2025-05-19,FRIS02,"Spa rood krat 24x0,2",Sligro,2,krat,33.2
2025-05-22,FRIS02,"Spa rood krat 24x0,2",Sligro,4,krat,66.4
2025-05-26,FRIS02,"Spa rood krat 24x0,2",Sligro,2,krat,33.2
2025-05-29,FRIS02,"Spa rood krat 24x0,2",Sligro,4,krat,66.4
2025-06-02,FRIS02,"Spa rood krat 24x0,2",Sligro,4,krat,66.4
2025-06-05,FRIS02,"Spa rood krat 24x0,2",Sligro,2,krat,33.2
2025-06-09,FRIS02,"Spa rood krat 24x0,2",Sligro,4,krat,66.4
2025-06-12,FRIS02,"Spa rood krat 24x0,2",Sligro,5,krat,83.0
2025-06-16,FRIS02,"Spa rood krat 24x0,2",Sligro,4,krat,66.4
2025-06-19,FRIS02,"Spa rood krat 24x0,2",Sligro,2,krat,33.2
2025-06-23,FRIS02,"Spa rood krat 24x0,2",Sligro,4,krat,66.4
2025-06-26,FRIS02,"Spa rood krat 24x0,2",Sligro,5,krat,83.0
2025-06-30,FRIS02,"Spa rood krat 24x0,2",Sligro,4,krat,66.4
2025-07-03,FRIS02,"Spa rood krat 24x0,2",Sligro,3,krat,49.8
2025-07-07,FRIS02,"Spa rood krat 24x0,2",Sligro,3,krat,49.8
2025-07-10,FRIS02,"Spa rood krat 24x0,2",Sligro,5,krat,83.0
2025-07-14,FRIS02,"Spa rood krat 24x0,2",Sligro,4,krat,66.4
2025-07-17,FRIS02,"Spa rood krat 24x0,2",Sligro,6,krat,99.6
2025-07-21,FRIS02,"Spa rood krat 24x0,2",Sligro,4,krat,66.4
2025-07-24,FRIS02,"Spa rood krat 24x0,2",Sligro,5,krat,83.0
2025-07-28,FRIS02,"Spa rood krat 24x0,2",Sligro,4,krat,66.4
2025-07-31,FRIS02,"Spa rood krat 24x0,2",Sligro,6,krat,99.6
2025-08-04,FRIS02,"Spa rood krat 24x0,2",Sligro,2,krat,33.2
2025-08-07,FRIS02,"Spa rood krat 24x0,2",Sligro,5,krat,83.0
2025-08-11,FRIS02,"Spa rood krat 24x0,2",Sligro,3,krat,49.8
2025-08-14,FRIS02,"Spa rood krat 24x0,2",Sligro,5,krat,83.0
2025-08-18,FRIS02,"Spa rood krat 24x0,2",Sligro,1,krat,16.6
2025-08-21,FRIS02,"Spa rood krat 24x0,2",Sligro,4,krat,66.4
2025-08-25,FRIS02,"Spa rood krat 24x0,2",Sligro,3,krat,49.8
2025-08-28,FRIS02,"Spa rood krat 24x0,2",Sligro,4,krat,66.4
2025-09-01,FRIS02,"Spa rood krat 24x0,2",Sligro,3,krat,49.8
2025-09-04,FRIS02,"Spa rood krat 24x0,2",Sligro,3,krat,49.8
2025-09-08,FRIS02,"Spa rood krat 24x0,2",Sligro,3,krat,49.8
2025-09-11,FRIS02,"Spa rood krat 24x0,2",Sligro,3,krat,49.8
2025-09-15,FRIS02,"Spa rood krat 24x0,2",Sligro,3,krat,49.8
2025-09-18,FRIS02,"Spa rood krat 24x0,2",Sligro,3,krat,49.8
2025-09-22,FRIS02,"Spa rood krat 24x0,2",Sligro,3,krat,49.8
2025-09-25,FRIS02,"Spa rood krat 24x0,2",Sligro,2,krat,33.2
2025-09-29,FRIS02,"Spa rood krat 24x0,2",Sligro,3,krat,49.8
2025-10-02,FRIS02,"Spa rood krat 24x0,2",Sligro,3,krat,49.8
2025-10-06,FRIS02,"Spa rood krat 24x0,2",Sligro,1,krat,16.6
2025-10-09,FRIS02,"Spa rood krat 24x0,2",Sligro,3,krat,49.8
2025-10-13,FRIS02,"Spa rood krat 24x0,2",Sligro,3,krat,49.8
2025-10-16,FRIS02,"Spa rood krat 24x0,2",Sligro,2,krat,33.2
2025-10-20,FRIS02,"Spa rood krat 24x0,2",Sligro,2,krat,33.2
2025-10-23,FRIS02,"Spa rood krat 24x0,2",Sligro,3,krat,49.8
2025-10-27,FRIS02,"Spa rood krat 24x0,2",Sligro,2,krat,33.2
2025-10-30,FRIS02,"Spa rood krat 24x0,2",Sligro,3,krat,49.8
2025-11-03,FRIS02,"Spa rood krat 24x0,2",Sligro,2,krat,33.2
2025-11-06,FRIS02,"Spa rood krat 24x0,2",Sligro,3,krat,49.8
2025-11-10,FRIS02,"Spa rood krat 24x0,2",Sligro,1,krat,16.6
2025-11-13,FRIS02,"Spa rood krat 24x0,2",Sligro,3,krat,49.8
2025-11-17,FRIS02,"Spa rood krat 24x0,2",Sligro,2,krat,33.2
2025-11-20,FRIS02,"Spa rood krat 24x0,2",Sligro,2,krat,33.2
2025-11-24,FRIS02,"Spa rood krat 24x0,2",Sligro,2,krat,33.2
2025-11-27,FRIS02,"Spa rood krat 24x0,2",Sligro,3,krat,49.8
2025-12-01,FRIS02,"Spa rood krat 24x0,2",Sligro,1,krat,16.6
2025-12-04,FRIS02,"Spa rood krat 24x0,2",Sligro,2,krat,33.2
2025-12-08,FRIS02,"Spa rood krat 24x0,2",Sligro,3,krat,49.8
2025-12-11,FRIS02,"Spa rood krat 24x0,2",Sligro,3,krat,49.8
2025-12-15,FRIS02,"Spa rood krat 24x0,2",Sligro,3,krat,49.8
2025-12-18,FRIS02,"Spa rood krat 24x0,2",Sligro,1,krat,16.6
2025-12-22,FRIS02,"Spa rood krat 24x0,2",Sligro,3,krat,49.8
2025-12-25,FRIS02,"Spa rood krat 24x0,2",Sligro,1,krat,16.6
2025-12-29,FRIS02,"Spa rood krat 24x0,2",Sligro,3,krat,49.8
2026-01-01,FRIS02,"Spa rood krat 24x0,2",Sligro,1,krat,16.6
2026-01-05,FRIS02,"Spa rood krat 24x0,2",Sligro,2,krat,33.2
2026-01-08,FRIS02,"Spa rood krat 24x0,2",Sligro,2,krat,33.2
2026-01-15,FRIS02,"Spa rood krat 24x0,2",Sligro,2,krat,33.2
2026-01-19,FRIS02,"Spa rood krat 24x0,2",Sligro,1,krat,16.6
2026-01-22,FRIS02,"Spa rood krat 24x0,2",Sligro,2,krat,33.2
2026-01-26,FRIS02,"Spa rood krat 24x0,2",Sligro,2,krat,33.2
2026-01-29,FRIS02,"Spa rood krat 24x0,2",Sligro,1,krat,16.6
2026-02-02,FRIS02,"Spa rood krat 24x0,2",Sligro,2,krat,33.2
2026-02-05,FRIS02,"Spa rood krat 24x0,2",Sligro,2,krat,33.2
2026-02-09,FRIS02,"Spa rood krat 24x0,2",Sligro,2,krat,33.2
2026-02-12,FRIS02,"Spa rood krat 24x0,2",Sligro,2,krat,33.2
2026-02-16,FRIS02,"Spa rood krat 24x0,2",Sligro,2,krat,33.2
2026-02-19,FRIS02,"Spa rood krat 24x0,2",Sligro,3,krat,49.8
2026-02-23,FRIS02,"Spa rood krat 24x0,2",Sligro,2,krat,33.2
2026-02-26,FRIS02,"Spa rood krat 24x0,2",Sligro,3,krat,49.8
2026-03-02,FRIS02,"Spa rood krat 24x0,2",Sligro,2,krat,33.2
2026-03-05,FRIS02,"Spa rood krat 24x0,2",Sligro,2,krat,33.2
2026-03-09,FRIS02,"Spa rood krat 24x0,2",Sligro,2,krat,33.2
2026-03-12,FRIS02,"Spa rood krat 24x0,2",Sligro,2,krat,33.2
2026-03-16,FRIS02,"Spa rood krat 24x0,2",Sligro,3,krat,49.8
2026-03-19,FRIS02,"Spa rood krat 24x0,2",Sligro,2,krat,33.2
2026-03-23,FRIS02,"Spa rood krat 24x0,2",Sligro,2,krat,33.2
2026-03-26,FRIS02,"Spa rood krat 24x0,2",Sligro,3,krat,49.8
2026-03-30,FRIS02,"Spa rood krat 24x0,2",Sligro,3,krat,49.8
2026-04-02,FRIS02,"Spa rood krat 24x0,2",Sligro,2,krat,33.2
2026-04-06,FRIS02,"Spa rood krat 24x0,2",Sligro,2,krat,33.2
2026-04-09,FRIS02,"Spa rood krat 24x0,2",Sligro,2,krat,33.2
2026-04-13,FRIS02,"Spa rood krat 24x0,2",Sligro,3,krat,49.8
2026-04-16,FRIS02,"Spa rood krat 24x0,2",Sligro,2,krat,33.2
2026-04-20,FRIS02,"Spa rood krat 24x0,2",Sligro,3,krat,49.8
2026-04-23,FRIS02,"Spa rood krat 24x0,2",Sligro,3,krat,49.8
2026-04-27,FRIS02,"Spa rood krat 24x0,2",Sligro,3,krat,49.8
2026-04-30,FRIS02,"Spa rood krat 24x0,2",Sligro,4,krat,66.4
2026-05-04,FRIS02,"Spa rood krat 24x0,2",Sligro,2,krat,33.2
2026-05-07,FRIS02,"Spa rood krat 24x0,2",Sligro,4,krat,66.4
2026-05-11,FRIS02,"Spa rood krat 24x0,2",Sligro,1,krat,16.6
2026-05-14,FRIS02,"Spa rood krat 24x0,2",Sligro,4,krat,66.4
2026-05-18,FRIS02,"Spa rood krat 24x0,2",Sligro,3,krat,49.8
2026-05-21,FRIS02,"Spa rood krat 24x0,2",Sligro,3,krat,49.8
2026-05-25,FRIS02,"Spa rood krat 24x0,2",Sligro,3,krat,49.8
2026-05-28,FRIS02,"Spa rood krat 24x0,2",Sligro,4,krat,66.4
2026-06-01,FRIS02,"Spa rood krat 24x0,2",Sligro,2,krat,33.2
2026-06-04,FRIS02,"Spa rood krat 24x0,2",Sligro,5,krat,83.0
2026-06-08,FRIS02,"Spa rood krat 24x0,2",Sligro,3,krat,49.8
2026-06-11,FRIS02,"Spa rood krat 24x0,2",Sligro,3,krat,49.8
2026-06-15,FRIS02,"Spa rood krat 24x0,2",Sligro,4,krat,66.4
2026-06-18,FRIS02,"Spa rood krat 24x0,2",Sligro,5,krat,83.0
2026-06-22,FRIS02,"Spa rood krat 24x0,2",Sligro,2,krat,33.2
2026-06-25,FRIS02,"Spa rood krat 24x0,2",Sligro,4,krat,66.4
2026-06-29,FRIS02,"Spa rood krat 24x0,2",Sligro,3,krat,49.8
2026-07-02,FRIS02,"Spa rood krat 24x0,2",Sligro,3,krat,49.8
2026-07-06,FRIS02,"Spa rood krat 24x0,2",Sligro,4,krat,66.4
2026-07-09,FRIS02,"Spa rood krat 24x0,2",Sligro,5,krat,83.0
2026-07-13,FRIS02,"Spa rood krat 24x0,2",Sligro,4,krat,66.4
2026-07-16,FRIS02,"Spa rood krat 24x0,2",Sligro,4,krat,66.4
2026-07-20,FRIS02,"Spa rood krat 24x0,2",Sligro,5,krat,83.0
2026-07-23,FRIS02,"Spa rood krat 24x0,2",Sligro,3,krat,49.8
2026-07-27,FRIS02,"Spa rood krat 24x0,2",Sligro,4,krat,66.4
2026-07-30,FRIS02,"Spa rood krat 24x0,2",Sligro,6,krat,99.6
2026-08-03,FRIS02,"Spa rood krat 24x0,2",Sligro,3,krat,49.8
2026-08-06,FRIS02,"Spa rood krat 24x0,2",Sligro,5,krat,83.0
2026-08-10,FRIS02,"Spa rood krat 24x0,2",Sligro,3,krat,49.8
2026-08-13,FRIS02,"Spa rood krat 24x0,2",Sligro,5,krat,83.0
2026-08-17,FRIS02,"Spa rood krat 24x0,2",Sligro,4,krat,66.4
2026-08-20,FRIS02,"Spa rood krat 24x0,2",Sligro,4,krat,66.4
2026-08-24,FRIS02,"Spa rood krat 24x0,2",Sligro,3,krat,49.8
2026-08-27,FRIS02,"Spa rood krat 24x0,2",Sligro,4,krat,66.4
2026-08-31,FRIS02,"Spa rood krat 24x0,2",Sligro,4,krat,66.4
2023-09-04,FRIS03,Jus d'orange 6x1L,Sligro,3,doos,62.7
2023-09-07,FRIS03,Jus d'orange 6x1L,Sligro,3,doos,62.7
2023-09-11,FRIS03,Jus d'orange 6x1L,Sligro,3,doos,62.7
2023-09-14,FRIS03,Jus d'orange 6x1L,Sligro,3,doos,62.7
2023-09-18,FRIS03,Jus d'orange 6x1L,Sligro,2,doos,41.8
2023-09-21,FRIS03,Jus d'orange 6x1L,Sligro,1,doos,20.9
2023-09-25,FRIS03,Jus d'orange 6x1L,Sligro,2,doos,41.8
2023-09-28,FRIS03,Jus d'orange 6x1L,Sligro,3,doos,62.7
2023-10-02,FRIS03,Jus d'orange 6x1L,Sligro,2,doos,41.8
2023-10-05,FRIS03,Jus d'orange 6x1L,Sligro,2,doos,41.8
2023-10-09,FRIS03,Jus d'orange 6x1L,Sligro,1,doos,20.9
2023-10-12,FRIS03,Jus d'orange 6x1L,Sligro,3,doos,62.7
2023-10-16,FRIS03,Jus d'orange 6x1L,Sligro,3,doos,62.7
2023-10-19,FRIS03,Jus d'orange 6x1L,Sligro,1,doos,20.9
2023-10-23,FRIS03,Jus d'orange 6x1L,Sligro,3,doos,62.7
2023-10-26,FRIS03,Jus d'orange 6x1L,Sligro,3,doos,62.7
2023-10-30,FRIS03,Jus d'orange 6x1L,Sligro,1,doos,20.9
2023-11-02,FRIS03,Jus d'orange 6x1L,Sligro,2,doos,41.8
2023-11-06,FRIS03,Jus d'orange 6x1L,Sligro,2,doos,41.8
2023-11-09,FRIS03,Jus d'orange 6x1L,Sligro,2,doos,41.8
2023-11-13,FRIS03,Jus d'orange 6x1L,Sligro,2,doos,41.8
2023-11-16,FRIS03,Jus d'orange 6x1L,Sligro,1,doos,20.9
2023-11-20,FRIS03,Jus d'orange 6x1L,Sligro,2,doos,41.8
2023-11-23,FRIS03,Jus d'orange 6x1L,Sligro,2,doos,41.8
2023-11-27,FRIS03,Jus d'orange 6x1L,Sligro,1,doos,20.9
2023-11-30,FRIS03,Jus d'orange 6x1L,Sligro,2,doos,41.8
2023-12-04,FRIS03,Jus d'orange 6x1L,Sligro,2,doos,41.8
2023-12-07,FRIS03,Jus d'orange 6x1L,Sligro,3,doos,62.7
2023-12-11,FRIS03,Jus d'orange 6x1L,Sligro,1,doos,20.9
2023-12-14,FRIS03,Jus d'orange 6x1L,Sligro,2,doos,41.8
2023-12-18,FRIS03,Jus d'orange 6x1L,Sligro,2,doos,41.8
2023-12-21,FRIS03,Jus d'orange 6x1L,Sligro,3,doos,62.7
2023-12-28,FRIS03,Jus d'orange 6x1L,Sligro,2,doos,41.8
2024-01-01,FRIS03,Jus d'orange 6x1L,Sligro,1,doos,20.9
2024-01-04,FRIS03,Jus d'orange 6x1L,Sligro,2,doos,41.8
2024-01-11,FRIS03,Jus d'orange 6x1L,Sligro,1,doos,20.9
2024-01-15,FRIS03,Jus d'orange 6x1L,Sligro,2,doos,41.8
2024-01-18,FRIS03,Jus d'orange 6x1L,Sligro,1,doos,20.9
2024-01-25,FRIS03,Jus d'orange 6x1L,Sligro,2,doos,41.8
2024-01-29,FRIS03,Jus d'orange 6x1L,Sligro,1,doos,20.9
2024-02-01,FRIS03,Jus d'orange 6x1L,Sligro,2,doos,41.8
2024-02-05,FRIS03,Jus d'orange 6x1L,Sligro,2,doos,41.8
2024-02-08,FRIS03,Jus d'orange 6x1L,Sligro,2,doos,41.8
2024-02-12,FRIS03,Jus d'orange 6x1L,Sligro,1,doos,20.9
2024-02-15,FRIS03,Jus d'orange 6x1L,Sligro,2,doos,41.8
2024-02-19,FRIS03,Jus d'orange 6x1L,Sligro,2,doos,41.8
2024-02-22,FRIS03,Jus d'orange 6x1L,Sligro,2,doos,41.8
2024-02-26,FRIS03,Jus d'orange 6x1L,Sligro,1,doos,20.9
2024-02-29,FRIS03,Jus d'orange 6x1L,Sligro,2,doos,41.8
2024-03-04,FRIS03,Jus d'orange 6x1L,Sligro,1,doos,20.9
2024-03-07,FRIS03,Jus d'orange 6x1L,Sligro,3,doos,62.7
2024-03-11,FRIS03,Jus d'orange 6x1L,Sligro,1,doos,20.9
2024-03-14,FRIS03,Jus d'orange 6x1L,Sligro,2,doos,41.8
2024-03-18,FRIS03,Jus d'orange 6x1L,Sligro,1,doos,20.9
2024-03-21,FRIS03,Jus d'orange 6x1L,Sligro,2,doos,41.8
2024-03-25,FRIS03,Jus d'orange 6x1L,Sligro,2,doos,41.8
2024-03-28,FRIS03,Jus d'orange 6x1L,Sligro,2,doos,41.8
2024-04-01,FRIS03,Jus d'orange 6x1L,Sligro,1,doos,20.9
2024-04-04,FRIS03,Jus d'orange 6x1L,Sligro,3,doos,62.7
2024-04-08,FRIS03,Jus d'orange 6x1L,Sligro,1,doos,20.9
2024-04-11,FRIS03,Jus d'orange 6x1L,Sligro,2,doos,41.8
2024-04-15,FRIS03,Jus d'orange 6x1L,Sligro,2,doos,41.8
2024-04-18,FRIS03,Jus d'orange 6x1L,Sligro,2,doos,41.8
2024-04-22,FRIS03,Jus d'orange 6x1L,Sligro,1,doos,20.9
2024-04-25,FRIS03,Jus d'orange 6x1L,Sligro,3,doos,62.7
2024-04-29,FRIS03,Jus d'orange 6x1L,Sligro,3,doos,62.7
2024-05-02,FRIS03,Jus d'orange 6x1L,Sligro,2,doos,41.8
2024-05-06,FRIS03,Jus d'orange 6x1L,Sligro,2,doos,41.8
2024-05-09,FRIS03,Jus d'orange 6x1L,Sligro,2,doos,41.8
2024-05-13,FRIS03,Jus d'orange 6x1L,Sligro,2,doos,41.8
2024-05-16,FRIS03,Jus d'orange 6x1L,Sligro,4,doos,83.6
2024-05-20,FRIS03,Jus d'orange 6x1L,Sligro,2,doos,41.8
2024-05-23,FRIS03,Jus d'orange 6x1L,Sligro,3,doos,62.7
2024-05-27,FRIS03,Jus d'orange 6x1L,Sligro,2,doos,41.8
2024-05-30,FRIS03,Jus d'orange 6x1L,Sligro,3,doos,62.7
2024-06-03,FRIS03,Jus d'orange 6x1L,Sligro,2,doos,41.8
2024-06-06,FRIS03,Jus d'orange 6x1L,Sligro,4,doos,83.6
2024-06-10,FRIS03,Jus d'orange 6x1L,Sligro,4,doos,83.6
2024-06-13,FRIS03,Jus d'orange 6x1L,Sligro,3,doos,62.7
2024-06-17,FRIS03,Jus d'orange 6x1L,Sligro,2,doos,41.8
2024-06-20,FRIS03,Jus d'orange 6x1L,Sligro,2,doos,41.8
2024-06-24,FRIS03,Jus d'orange 6x1L,Sligro,1,doos,20.9
2024-06-27,FRIS03,Jus d'orange 6x1L,Sligro,3,doos,62.7
2024-07-01,FRIS03,Jus d'orange 6x1L,Sligro,3,doos,62.7
2024-07-04,FRIS03,Jus d'orange 6x1L,Sligro,3,doos,62.7
2024-07-08,FRIS03,Jus d'orange 6x1L,Sligro,3,doos,62.7
2024-07-11,FRIS03,Jus d'orange 6x1L,Sligro,4,doos,83.6
2024-07-15,FRIS03,Jus d'orange 6x1L,Sligro,3,doos,62.7
2024-07-18,FRIS03,Jus d'orange 6x1L,Sligro,3,doos,62.7
2024-07-22,FRIS03,Jus d'orange 6x1L,Sligro,3,doos,62.7
2024-07-25,FRIS03,Jus d'orange 6x1L,Sligro,4,doos,83.6
2024-07-29,FRIS03,Jus d'orange 6x1L,Sligro,4,doos,83.6
2024-08-01,FRIS03,Jus d'orange 6x1L,Sligro,4,doos,83.6
2024-08-05,FRIS03,Jus d'orange 6x1L,Sligro,4,doos,83.6
2024-08-08,FRIS03,Jus d'orange 6x1L,Sligro,5,doos,104.5
2024-08-12,FRIS03,Jus d'orange 6x1L,Sligro,1,doos,20.9
2024-08-15,FRIS03,Jus d'orange 6x1L,Sligro,5,doos,104.5
2024-08-19,FRIS03,Jus d'orange 6x1L,Sligro,1,doos,20.9
2024-08-22,FRIS03,Jus d'orange 6x1L,Sligro,3,doos,62.7
2024-08-26,FRIS03,Jus d'orange 6x1L,Sligro,2,doos,41.8
2024-08-29,FRIS03,Jus d'orange 6x1L,Sligro,4,doos,83.6
2024-09-02,FRIS03,Jus d'orange 6x1L,Sligro,3,doos,62.7
2024-09-05,FRIS03,Jus d'orange 6x1L,Sligro,3,doos,62.7
2024-09-09,FRIS03,Jus d'orange 6x1L,Sligro,2,doos,41.8
2024-09-12,FRIS03,Jus d'orange 6x1L,Sligro,3,doos,62.7
2024-09-16,FRIS03,Jus d'orange 6x1L,Sligro,1,doos,20.9
2024-09-19,FRIS03,Jus d'orange 6x1L,Sligro,3,doos,62.7
2024-09-23,FRIS03,Jus d'orange 6x1L,Sligro,1,doos,20.9
2024-09-26,FRIS03,Jus d'orange 6x1L,Sligro,3,doos,62.7
2024-09-30,FRIS03,Jus d'orange 6x1L,Sligro,2,doos,41.8
2024-10-03,FRIS03,Jus d'orange 6x1L,Sligro,3,doos,62.7
2024-10-07,FRIS03,Jus d'orange 6x1L,Sligro,1,doos,20.9
2024-10-10,FRIS03,Jus d'orange 6x1L,Sligro,3,doos,62.7
2024-10-14,FRIS03,Jus d'orange 6x1L,Sligro,2,doos,41.8
2024-10-17,FRIS03,Jus d'orange 6x1L,Sligro,3,doos,62.7
2024-10-21,FRIS03,Jus d'orange 6x1L,Sligro,1,doos,20.9
2024-10-24,FRIS03,Jus d'orange 6x1L,Sligro,2,doos,41.8
2024-10-28,FRIS03,Jus d'orange 6x1L,Sligro,3,doos,62.7
2024-10-31,FRIS03,Jus d'orange 6x1L,Sligro,2,doos,41.8
2024-11-04,FRIS03,Jus d'orange 6x1L,Sligro,2,doos,41.8
2024-11-07,FRIS03,Jus d'orange 6x1L,Sligro,2,doos,41.8
2024-11-11,FRIS03,Jus d'orange 6x1L,Sligro,1,doos,20.9
2024-11-14,FRIS03,Jus d'orange 6x1L,Sligro,2,doos,41.8
2024-11-18,FRIS03,Jus d'orange 6x1L,Sligro,1,doos,20.9
2024-11-21,FRIS03,Jus d'orange 6x1L,Sligro,2,doos,41.8
2024-11-25,FRIS03,Jus d'orange 6x1L,Sligro,2,doos,41.8
2024-11-28,FRIS03,Jus d'orange 6x1L,Sligro,3,doos,62.7
2024-12-02,FRIS03,Jus d'orange 6x1L,Sligro,1,doos,20.9
2024-12-05,FRIS03,Jus d'orange 6x1L,Sligro,3,doos,62.7
2024-12-09,FRIS03,Jus d'orange 6x1L,Sligro,2,doos,41.8
2024-12-12,FRIS03,Jus d'orange 6x1L,Sligro,2,doos,41.8
2024-12-16,FRIS03,Jus d'orange 6x1L,Sligro,2,doos,41.8
2024-12-19,FRIS03,Jus d'orange 6x1L,Sligro,2,doos,41.8
2024-12-23,FRIS03,Jus d'orange 6x1L,Sligro,2,doos,41.8
2024-12-26,FRIS03,Jus d'orange 6x1L,Sligro,3,doos,62.7
2024-12-30,FRIS03,Jus d'orange 6x1L,Sligro,2,doos,41.8
2025-01-02,FRIS03,Jus d'orange 6x1L,Sligro,1,doos,20.9
2025-01-09,FRIS03,Jus d'orange 6x1L,Sligro,2,doos,41.8
2025-01-13,FRIS03,Jus d'orange 6x1L,Sligro,1,doos,20.9
2025-01-16,FRIS03,Jus d'orange 6x1L,Sligro,2,doos,41.8
2025-01-23,FRIS03,Jus d'orange 6x1L,Sligro,2,doos,41.8
2025-01-30,FRIS03,Jus d'orange 6x1L,Sligro,2,doos,41.8
2025-02-03,FRIS03,Jus d'orange 6x1L,Sligro,1,doos,20.9
2025-02-06,FRIS03,Jus d'orange 6x1L,Sligro,2,doos,41.8
2025-02-10,FRIS03,Jus d'orange 6x1L,Sligro,1,doos,20.9
2025-02-13,FRIS03,Jus d'orange 6x1L,Sligro,2,doos,41.8
2025-02-17,FRIS03,Jus d'orange 6x1L,Sligro,2,doos,41.8
2025-02-20,FRIS03,Jus d'orange 6x1L,Sligro,1,doos,20.9
2025-02-24,FRIS03,Jus d'orange 6x1L,Sligro,2,doos,41.8
2025-02-27,FRIS03,Jus d'orange 6x1L,Sligro,2,doos,41.8
2025-03-03,FRIS03,Jus d'orange 6x1L,Sligro,2,doos,41.8
2025-03-06,FRIS03,Jus d'orange 6x1L,Sligro,2,doos,41.8
2025-03-10,FRIS03,Jus d'orange 6x1L,Sligro,2,doos,41.8
2025-03-13,FRIS03,Jus d'orange 6x1L,Sligro,1,doos,20.9
2025-03-17,FRIS03,Jus d'orange 6x1L,Sligro,1,doos,20.9
2025-03-20,FRIS03,Jus d'orange 6x1L,Sligro,3,doos,62.7
2025-03-24,FRIS03,Jus d'orange 6x1L,Sligro,1,doos,20.9
2025-03-27,FRIS03,Jus d'orange 6x1L,Sligro,2,doos,41.8
2025-03-31,FRIS03,Jus d'orange 6x1L,Sligro,3,doos,62.7
2025-04-03,FRIS03,Jus d'orange 6x1L,Sligro,2,doos,41.8
2025-04-07,FRIS03,Jus d'orange 6x1L,Sligro,2,doos,41.8
2025-04-10,FRIS03,Jus d'orange 6x1L,Sligro,2,doos,41.8
2025-04-14,FRIS03,Jus d'orange 6x1L,Sligro,2,doos,41.8
2025-04-17,FRIS03,Jus d'orange 6x1L,Sligro,2,doos,41.8
2025-04-21,FRIS03,Jus d'orange 6x1L,Sligro,2,doos,41.8
2025-04-24,FRIS03,Jus d'orange 6x1L,Sligro,3,doos,62.7
2025-04-28,FRIS03,Jus d'orange 6x1L,Sligro,2,doos,41.8
2025-05-01,FRIS03,Jus d'orange 6x1L,Sligro,3,doos,62.7
2025-05-05,FRIS03,Jus d'orange 6x1L,Sligro,1,doos,20.9
2025-05-08,FRIS03,Jus d'orange 6x1L,Sligro,3,doos,62.7
2025-05-12,FRIS03,Jus d'orange 6x1L,Sligro,2,doos,41.8
2025-05-15,FRIS03,Jus d'orange 6x1L,Sligro,3,doos,62.7
2025-05-19,FRIS03,Jus d'orange 6x1L,Sligro,2,doos,41.8
2025-05-22,FRIS03,Jus d'orange 6x1L,Sligro,3,doos,62.7
2025-05-26,FRIS03,Jus d'orange 6x1L,Sligro,3,doos,62.7
2025-05-29,FRIS03,Jus d'orange 6x1L,Sligro,3,doos,62.7
2025-06-02,FRIS03,Jus d'orange 6x1L,Sligro,3,doos,62.7
2025-06-05,FRIS03,Jus d'orange 6x1L,Sligro,2,doos,41.8
2025-06-09,FRIS03,Jus d'orange 6x1L,Sligro,3,doos,62.7
2025-06-12,FRIS03,Jus d'orange 6x1L,Sligro,4,doos,83.6
2025-06-16,FRIS03,Jus d'orange 6x1L,Sligro,3,doos,62.7
2025-06-19,FRIS03,Jus d'orange 6x1L,Sligro,4,doos,83.6
2025-06-23,FRIS03,Jus d'orange 6x1L,Sligro,4,doos,83.6
2025-06-26,FRIS03,Jus d'orange 6x1L,Sligro,4,doos,83.6
2025-06-30,FRIS03,Jus d'orange 6x1L,Sligro,3,doos,62.7
2025-07-03,FRIS03,Jus d'orange 6x1L,Sligro,3,doos,62.7
2025-07-07,FRIS03,Jus d'orange 6x1L,Sligro,2,doos,41.8
2025-07-10,FRIS03,Jus d'orange 6x1L,Sligro,4,doos,83.6
2025-07-14,FRIS03,Jus d'orange 6x1L,Sligro,4,doos,83.6
2025-07-17,FRIS03,Jus d'orange 6x1L,Sligro,4,doos,83.6
2025-07-21,FRIS03,Jus d'orange 6x1L,Sligro,2,doos,41.8
2025-07-24,FRIS03,Jus d'orange 6x1L,Sligro,4,doos,83.6
2025-07-28,FRIS03,Jus d'orange 6x1L,Sligro,2,doos,41.8
2025-07-31,FRIS03,Jus d'orange 6x1L,Sligro,5,doos,104.5
2025-08-04,FRIS03,Jus d'orange 6x1L,Sligro,4,doos,83.6
2025-08-07,FRIS03,Jus d'orange 6x1L,Sligro,3,doos,62.7
2025-08-11,FRIS03,Jus d'orange 6x1L,Sligro,3,doos,62.7
2025-08-14,FRIS03,Jus d'orange 6x1L,Sligro,3,doos,62.7
2025-08-18,FRIS03,Jus d'orange 6x1L,Sligro,2,doos,41.8
2025-08-21,FRIS03,Jus d'orange 6x1L,Sligro,3,doos,62.7
2025-08-25,FRIS03,Jus d'orange 6x1L,Sligro,2,doos,41.8
2025-08-28,FRIS03,Jus d'orange 6x1L,Sligro,4,doos,83.6
2025-09-01,FRIS03,Jus d'orange 6x1L,Sligro,2,doos,41.8
2025-09-04,FRIS03,Jus d'orange 6x1L,Sligro,3,doos,62.7
2025-09-08,FRIS03,Jus d'orange 6x1L,Sligro,3,doos,62.7
2025-09-11,FRIS03,Jus d'orange 6x1L,Sligro,3,doos,62.7
2025-09-15,FRIS03,Jus d'orange 6x1L,Sligro,2,doos,41.8
2025-09-18,FRIS03,Jus d'orange 6x1L,Sligro,3,doos,62.7
2025-09-22,FRIS03,Jus d'orange 6x1L,Sligro,3,doos,62.7
2025-09-25,FRIS03,Jus d'orange 6x1L,Sligro,2,doos,41.8
2025-09-29,FRIS03,Jus d'orange 6x1L,Sligro,3,doos,62.7
2025-10-02,FRIS03,Jus d'orange 6x1L,Sligro,3,doos,62.7
2025-10-06,FRIS03,Jus d'orange 6x1L,Sligro,1,doos,20.9
2025-10-09,FRIS03,Jus d'orange 6x1L,Sligro,3,doos,62.7
2025-10-13,FRIS03,Jus d'orange 6x1L,Sligro,3,doos,62.7
2025-10-16,FRIS03,Jus d'orange 6x1L,Sligro,3,doos,62.7
2025-10-20,FRIS03,Jus d'orange 6x1L,Sligro,1,doos,20.9
2025-10-23,FRIS03,Jus d'orange 6x1L,Sligro,3,doos,62.7
2025-10-27,FRIS03,Jus d'orange 6x1L,Sligro,2,doos,41.8
2025-10-30,FRIS03,Jus d'orange 6x1L,Sligro,3,doos,62.7
2025-11-03,FRIS03,Jus d'orange 6x1L,Sligro,2,doos,41.8
2025-11-06,FRIS03,Jus d'orange 6x1L,Sligro,3,doos,62.7
2025-11-10,FRIS03,Jus d'orange 6x1L,Sligro,1,doos,20.9
2025-11-13,FRIS03,Jus d'orange 6x1L,Sligro,3,doos,62.7
2025-11-17,FRIS03,Jus d'orange 6x1L,Sligro,1,doos,20.9
2025-11-20,FRIS03,Jus d'orange 6x1L,Sligro,3,doos,62.7
2025-11-24,FRIS03,Jus d'orange 6x1L,Sligro,1,doos,20.9
2025-11-27,FRIS03,Jus d'orange 6x1L,Sligro,3,doos,62.7
2025-12-01,FRIS03,Jus d'orange 6x1L,Sligro,1,doos,20.9
2025-12-04,FRIS03,Jus d'orange 6x1L,Sligro,2,doos,41.8
2025-12-08,FRIS03,Jus d'orange 6x1L,Sligro,1,doos,20.9
2025-12-11,FRIS03,Jus d'orange 6x1L,Sligro,2,doos,41.8
2025-12-15,FRIS03,Jus d'orange 6x1L,Sligro,1,doos,20.9
2025-12-18,FRIS03,Jus d'orange 6x1L,Sligro,3,doos,62.7
2025-12-22,FRIS03,Jus d'orange 6x1L,Sligro,3,doos,62.7
2025-12-25,FRIS03,Jus d'orange 6x1L,Sligro,1,doos,20.9
2025-12-29,FRIS03,Jus d'orange 6x1L,Sligro,1,doos,20.9
2026-01-01,FRIS03,Jus d'orange 6x1L,Sligro,2,doos,41.8
2026-01-05,FRIS03,Jus d'orange 6x1L,Sligro,1,doos,20.9
2026-01-08,FRIS03,Jus d'orange 6x1L,Sligro,1,doos,20.9
2026-01-12,FRIS03,Jus d'orange 6x1L,Sligro,2,doos,41.8
2026-01-15,FRIS03,Jus d'orange 6x1L,Sligro,1,doos,20.9
2026-01-19,FRIS03,Jus d'orange 6x1L,Sligro,2,doos,41.8
2026-01-22,FRIS03,Jus d'orange 6x1L,Sligro,1,doos,20.9
2026-01-26,FRIS03,Jus d'orange 6x1L,Sligro,2,doos,41.8
2026-01-29,FRIS03,Jus d'orange 6x1L,Sligro,1,doos,20.9
2026-02-02,FRIS03,Jus d'orange 6x1L,Sligro,2,doos,41.8
2026-02-05,FRIS03,Jus d'orange 6x1L,Sligro,2,doos,41.8
2026-02-09,FRIS03,Jus d'orange 6x1L,Sligro,1,doos,20.9
2026-02-12,FRIS03,Jus d'orange 6x1L,Sligro,2,doos,41.8
2026-02-16,FRIS03,Jus d'orange 6x1L,Sligro,2,doos,41.8
2026-02-19,FRIS03,Jus d'orange 6x1L,Sligro,2,doos,41.8
2026-02-23,FRIS03,Jus d'orange 6x1L,Sligro,2,doos,41.8
2026-02-26,FRIS03,Jus d'orange 6x1L,Sligro,2,doos,41.8
2026-03-02,FRIS03,Jus d'orange 6x1L,Sligro,1,doos,20.9
2026-03-05,FRIS03,Jus d'orange 6x1L,Sligro,3,doos,62.7
2026-03-09,FRIS03,Jus d'orange 6x1L,Sligro,1,doos,20.9
2026-03-12,FRIS03,Jus d'orange 6x1L,Sligro,3,doos,62.7
2026-03-16,FRIS03,Jus d'orange 6x1L,Sligro,1,doos,20.9
2026-03-19,FRIS03,Jus d'orange 6x1L,Sligro,2,doos,41.8
2026-03-23,FRIS03,Jus d'orange 6x1L,Sligro,2,doos,41.8
2026-03-26,FRIS03,Jus d'orange 6x1L,Sligro,2,doos,41.8
2026-03-30,FRIS03,Jus d'orange 6x1L,Sligro,2,doos,41.8
2026-04-02,FRIS03,Jus d'orange 6x1L,Sligro,3,doos,62.7
2026-04-06,FRIS03,Jus d'orange 6x1L,Sligro,1,doos,20.9
2026-04-09,FRIS03,Jus d'orange 6x1L,Sligro,3,doos,62.7
2026-04-13,FRIS03,Jus d'orange 6x1L,Sligro,2,doos,41.8
2026-04-16,FRIS03,Jus d'orange 6x1L,Sligro,3,doos,62.7
2026-04-20,FRIS03,Jus d'orange 6x1L,Sligro,3,doos,62.7
2026-04-23,FRIS03,Jus d'orange 6x1L,Sligro,3,doos,62.7
2026-04-27,FRIS03,Jus d'orange 6x1L,Sligro,3,doos,62.7
2026-04-30,FRIS03,Jus d'orange 6x1L,Sligro,3,doos,62.7
2026-05-04,FRIS03,Jus d'orange 6x1L,Sligro,2,doos,41.8
2026-05-07,FRIS03,Jus d'orange 6x1L,Sligro,3,doos,62.7
2026-05-11,FRIS03,Jus d'orange 6x1L,Sligro,1,doos,20.9
2026-05-14,FRIS03,Jus d'orange 6x1L,Sligro,3,doos,62.7
2026-05-18,FRIS03,Jus d'orange 6x1L,Sligro,2,doos,41.8
2026-05-21,FRIS03,Jus d'orange 6x1L,Sligro,3,doos,62.7
2026-05-25,FRIS03,Jus d'orange 6x1L,Sligro,3,doos,62.7
2026-05-28,FRIS03,Jus d'orange 6x1L,Sligro,3,doos,62.7
2026-06-01,FRIS03,Jus d'orange 6x1L,Sligro,3,doos,62.7
2026-06-04,FRIS03,Jus d'orange 6x1L,Sligro,3,doos,62.7
2026-06-08,FRIS03,Jus d'orange 6x1L,Sligro,4,doos,83.6
2026-06-11,FRIS03,Jus d'orange 6x1L,Sligro,4,doos,83.6
2026-06-15,FRIS03,Jus d'orange 6x1L,Sligro,3,doos,62.7
2026-06-18,FRIS03,Jus d'orange 6x1L,Sligro,2,doos,41.8
2026-06-22,FRIS03,Jus d'orange 6x1L,Sligro,4,doos,83.6
2026-06-25,FRIS03,Jus d'orange 6x1L,Sligro,4,doos,83.6
2026-06-29,FRIS03,Jus d'orange 6x1L,Sligro,2,doos,41.8
2026-07-02,FRIS03,Jus d'orange 6x1L,Sligro,4,doos,83.6
2026-07-06,FRIS03,Jus d'orange 6x1L,Sligro,4,doos,83.6
2026-07-09,FRIS03,Jus d'orange 6x1L,Sligro,4,doos,83.6
2026-07-13,FRIS03,Jus d'orange 6x1L,Sligro,3,doos,62.7
2026-07-16,FRIS03,Jus d'orange 6x1L,Sligro,3,doos,62.7
2026-07-20,FRIS03,Jus d'orange 6x1L,Sligro,4,doos,83.6
2026-07-23,FRIS03,Jus d'orange 6x1L,Sligro,4,doos,83.6
2026-07-27,FRIS03,Jus d'orange 6x1L,Sligro,4,doos,83.6
2026-07-30,FRIS03,Jus d'orange 6x1L,Sligro,5,doos,104.5
2026-08-03,FRIS03,Jus d'orange 6x1L,Sligro,3,doos,62.7
2026-08-06,FRIS03,Jus d'orange 6x1L,Sligro,5,doos,104.5
2026-08-10,FRIS03,Jus d'orange 6x1L,Sligro,3,doos,62.7
2026-08-13,FRIS03,Jus d'orange 6x1L,Sligro,4,doos,83.6
2026-08-17,FRIS03,Jus d'orange 6x1L,Sligro,3,doos,62.7
2026-08-20,FRIS03,Jus d'orange 6x1L,Sligro,4,doos,83.6
2026-08-24,FRIS03,Jus d'orange 6x1L,Sligro,3,doos,62.7
2026-08-27,FRIS03,Jus d'orange 6x1L,Sligro,3,doos,62.7
2026-08-31,FRIS03,Jus d'orange 6x1L,Sligro,3,doos,62.7
2023-09-05,KOF01,Koffiebonen doos 4x1kg,Koffiebranderij Alkmaar,1,doos,37.6
2023-09-12,KOF01,Koffiebonen doos 4x1kg,Koffiebranderij Alkmaar,1,doos,37.6
2023-09-26,KOF01,Koffiebonen doos 4x1kg,Koffiebranderij Alkmaar,1,doos,37.6
2023-10-10,KOF01,Koffiebonen doos 4x1kg,Koffiebranderij Alkmaar,1,doos,37.6
2023-10-31,KOF01,Koffiebonen doos 4x1kg,Koffiebranderij Alkmaar,1,doos,37.6
2023-11-14,KOF01,Koffiebonen doos 4x1kg,Koffiebranderij Alkmaar,1,doos,37.6
2023-12-05,KOF01,Koffiebonen doos 4x1kg,Koffiebranderij Alkmaar,1,doos,37.6
2023-12-19,KOF01,Koffiebonen doos 4x1kg,Koffiebranderij Alkmaar,1,doos,37.6
2024-01-09,KOF01,Koffiebonen doos 4x1kg,Koffiebranderij Alkmaar,1,doos,37.6
2024-02-06,KOF01,Koffiebonen doos 4x1kg,Koffiebranderij Alkmaar,1,doos,37.6
2024-02-27,KOF01,Koffiebonen doos 4x1kg,Koffiebranderij Alkmaar,1,doos,37.6
2024-03-12,KOF01,Koffiebonen doos 4x1kg,Koffiebranderij Alkmaar,1,doos,37.6
2024-04-02,KOF01,Koffiebonen doos 4x1kg,Koffiebranderij Alkmaar,1,doos,37.6
2024-04-16,KOF01,Koffiebonen doos 4x1kg,Koffiebranderij Alkmaar,1,doos,37.6
2024-05-07,KOF01,Koffiebonen doos 4x1kg,Koffiebranderij Alkmaar,1,doos,37.6
2024-05-14,KOF01,Koffiebonen doos 4x1kg,Koffiebranderij Alkmaar,1,doos,37.6
2024-05-28,KOF01,Koffiebonen doos 4x1kg,Koffiebranderij Alkmaar,1,doos,37.6
2024-06-11,KOF01,Koffiebonen doos 4x1kg,Koffiebranderij Alkmaar,1,doos,37.6
2024-06-18,KOF01,Koffiebonen doos 4x1kg,Koffiebranderij Alkmaar,1,doos,37.6
2024-07-02,KOF01,Koffiebonen doos 4x1kg,Koffiebranderij Alkmaar,1,doos,37.6
2024-07-09,KOF01,Koffiebonen doos 4x1kg,Koffiebranderij Alkmaar,1,doos,37.6
2024-07-16,KOF01,Koffiebonen doos 4x1kg,Koffiebranderij Alkmaar,1,doos,37.6
2024-07-23,KOF01,Koffiebonen doos 4x1kg,Koffiebranderij Alkmaar,1,doos,37.6
2024-08-06,KOF01,Koffiebonen doos 4x1kg,Koffiebranderij Alkmaar,1,doos,37.6
2024-08-13,KOF01,Koffiebonen doos 4x1kg,Koffiebranderij Alkmaar,1,doos,37.6
2024-08-27,KOF01,Koffiebonen doos 4x1kg,Koffiebranderij Alkmaar,1,doos,37.6
2024-09-10,KOF01,Koffiebonen doos 4x1kg,Koffiebranderij Alkmaar,1,doos,37.6
2024-09-17,KOF01,Koffiebonen doos 4x1kg,Koffiebranderij Alkmaar,1,doos,37.6
2024-10-01,KOF01,Koffiebonen doos 4x1kg,Koffiebranderij Alkmaar,1,doos,37.6
2024-10-15,KOF01,Koffiebonen doos 4x1kg,Koffiebranderij Alkmaar,1,doos,37.6
2024-10-29,KOF01,Koffiebonen doos 4x1kg,Koffiebranderij Alkmaar,1,doos,37.6
2024-11-12,KOF01,Koffiebonen doos 4x1kg,Koffiebranderij Alkmaar,1,doos,37.6
2024-12-03,KOF01,Koffiebonen doos 4x1kg,Koffiebranderij Alkmaar,1,doos,37.6
2024-12-17,KOF01,Koffiebonen doos 4x1kg,Koffiebranderij Alkmaar,1,doos,37.6
2024-12-31,KOF01,Koffiebonen doos 4x1kg,Koffiebranderij Alkmaar,1,doos,37.6
2025-02-04,KOF01,Koffiebonen doos 4x1kg,Koffiebranderij Alkmaar,1,doos,37.6
2025-02-18,KOF01,Koffiebonen doos 4x1kg,Koffiebranderij Alkmaar,1,doos,37.6
2025-03-11,KOF01,Koffiebonen doos 4x1kg,Koffiebranderij Alkmaar,1,doos,37.6
2025-03-18,KOF01,Koffiebonen doos 4x1kg,Koffiebranderij Alkmaar,1,doos,37.6
2025-04-08,KOF01,Koffiebonen doos 4x1kg,Koffiebranderij Alkmaar,1,doos,37.6
2025-04-22,KOF01,Koffiebonen doos 4x1kg,Koffiebranderij Alkmaar,1,doos,37.6
2025-05-06,KOF01,Koffiebonen doos 4x1kg,Koffiebranderij Alkmaar,1,doos,37.6
2025-05-20,KOF01,Koffiebonen doos 4x1kg,Koffiebranderij Alkmaar,1,doos,37.6
2025-05-27,KOF01,Koffiebonen doos 4x1kg,Koffiebranderij Alkmaar,1,doos,37.6
2025-06-10,KOF01,Koffiebonen doos 4x1kg,Koffiebranderij Alkmaar,1,doos,37.6
2025-06-17,KOF01,Koffiebonen doos 4x1kg,Koffiebranderij Alkmaar,1,doos,37.6
2025-06-24,KOF01,Koffiebonen doos 4x1kg,Koffiebranderij Alkmaar,1,doos,37.6
2025-07-01,KOF01,Koffiebonen doos 4x1kg,Koffiebranderij Alkmaar,1,doos,37.6
2025-07-15,KOF01,Koffiebonen doos 4x1kg,Koffiebranderij Alkmaar,1,doos,37.6
2025-07-22,KOF01,Koffiebonen doos 4x1kg,Koffiebranderij Alkmaar,1,doos,37.6
2025-07-29,KOF01,Koffiebonen doos 4x1kg,Koffiebranderij Alkmaar,1,doos,37.6
2025-08-12,KOF01,Koffiebonen doos 4x1kg,Koffiebranderij Alkmaar,1,doos,37.6
2025-08-19,KOF01,Koffiebonen doos 4x1kg,Koffiebranderij Alkmaar,1,doos,37.6
2025-09-02,KOF01,Koffiebonen doos 4x1kg,Koffiebranderij Alkmaar,1,doos,37.6
2025-09-16,KOF01,Koffiebonen doos 4x1kg,Koffiebranderij Alkmaar,1,doos,37.6
2025-09-23,KOF01,Koffiebonen doos 4x1kg,Koffiebranderij Alkmaar,1,doos,37.6
2025-10-07,KOF01,Koffiebonen doos 4x1kg,Koffiebranderij Alkmaar,1,doos,37.6
2025-10-21,KOF01,Koffiebonen doos 4x1kg,Koffiebranderij Alkmaar,1,doos,37.6
2025-11-04,KOF01,Koffiebonen doos 4x1kg,Koffiebranderij Alkmaar,1,doos,37.6
2025-11-18,KOF01,Koffiebonen doos 4x1kg,Koffiebranderij Alkmaar,1,doos,37.6
2025-12-09,KOF01,Koffiebonen doos 4x1kg,Koffiebranderij Alkmaar,1,doos,37.6
2025-12-23,KOF01,Koffiebonen doos 4x1kg,Koffiebranderij Alkmaar,1,doos,37.6
2026-01-20,KOF01,Koffiebonen doos 4x1kg,Koffiebranderij Alkmaar,1,doos,37.6
2026-02-03,KOF01,Koffiebonen doos 4x1kg,Koffiebranderij Alkmaar,1,doos,37.6
2026-02-24,KOF01,Koffiebonen doos 4x1kg,Koffiebranderij Alkmaar,1,doos,37.6
2026-03-10,KOF01,Koffiebonen doos 4x1kg,Koffiebranderij Alkmaar,1,doos,37.6
2026-03-24,KOF01,Koffiebonen doos 4x1kg,Koffiebranderij Alkmaar,1,doos,37.6
2026-04-07,KOF01,Koffiebonen doos 4x1kg,Koffiebranderij Alkmaar,1,doos,37.6
2026-04-21,KOF01,Koffiebonen doos 4x1kg,Koffiebranderij Alkmaar,1,doos,37.6
2026-04-28,KOF01,Koffiebonen doos 4x1kg,Koffiebranderij Alkmaar,1,doos,37.6
2026-05-12,KOF01,Koffiebonen doos 4x1kg,Koffiebranderij Alkmaar,1,doos,37.6
2026-05-26,KOF01,Koffiebonen doos 4x1kg,Koffiebranderij Alkmaar,1,doos,37.6
2026-06-02,KOF01,Koffiebonen doos 4x1kg,Koffiebranderij Alkmaar,1,doos,37.6
2026-06-16,KOF01,Koffiebonen doos 4x1kg,Koffiebranderij Alkmaar,1,doos,37.6
2026-06-23,KOF01,Koffiebonen doos 4x1kg,Koffiebranderij Alkmaar,1,doos,37.6
2026-06-30,KOF01,Koffiebonen doos 4x1kg,Koffiebranderij Alkmaar,1,doos,37.6
2026-07-14,KOF01,Koffiebonen doos 4x1kg,Koffiebranderij Alkmaar,1,doos,37.6
2026-07-21,KOF01,Koffiebonen doos 4x1kg,Koffiebranderij Alkmaar,1,doos,37.6
2026-07-28,KOF01,Koffiebonen doos 4x1kg,Koffiebranderij Alkmaar,1,doos,37.6
2026-08-04,KOF01,Koffiebonen doos 4x1kg,Koffiebranderij Alkmaar,1,doos,37.6
2026-08-11,KOF01,Koffiebonen doos 4x1kg,Koffiebranderij Alkmaar,1,doos,37.6
2026-08-25,KOF01,Koffiebonen doos 4x1kg,Koffiebranderij Alkmaar,1,doos,37.6
2023-09-04,ZUI01,Volle melk 12x1L,Sligro,1,doos,13.8
2023-09-07,ZUI01,Volle melk 12x1L,Sligro,2,doos,27.6
2023-09-11,ZUI01,Volle melk 12x1L,Sligro,1,doos,13.8
2023-09-14,ZUI01,Volle melk 12x1L,Sligro,1,doos,13.8
2023-09-18,ZUI01,Volle melk 12x1L,Sligro,1,doos,13.8
2023-09-25,ZUI01,Volle melk 12x1L,Sligro,1,doos,13.8
2023-09-28,ZUI01,Volle melk 12x1L,Sligro,1,doos,13.8
2023-10-05,ZUI01,Volle melk 12x1L,Sligro,1,doos,13.8
2023-10-09,ZUI01,Volle melk 12x1L,Sligro,1,doos,13.8
2023-10-12,ZUI01,Volle melk 12x1L,Sligro,1,doos,13.8
2023-10-19,ZUI01,Volle melk 12x1L,Sligro,1,doos,13.8
2023-10-23,ZUI01,Volle melk 12x1L,Sligro,1,doos,13.8
2023-10-26,ZUI01,Volle melk 12x1L,Sligro,1,doos,13.8
2023-10-30,ZUI01,Volle melk 12x1L,Sligro,1,doos,13.8
2023-11-06,ZUI01,Volle melk 12x1L,Sligro,1,doos,13.8
2023-11-09,ZUI01,Volle melk 12x1L,Sligro,1,doos,13.8
2023-11-16,ZUI01,Volle melk 12x1L,Sligro,1,doos,13.8
2023-11-23,ZUI01,Volle melk 12x1L,Sligro,1,doos,13.8
2023-11-27,ZUI01,Volle melk 12x1L,Sligro,1,doos,13.8
2023-11-30,ZUI01,Volle melk 12x1L,Sligro,1,doos,13.8
2023-12-07,ZUI01,Volle melk 12x1L,Sligro,1,doos,13.8
2023-12-11,ZUI01,Volle melk 12x1L,Sligro,1,doos,13.8
2023-12-18,ZUI01,Volle melk 12x1L,Sligro,1,doos,13.8
2023-12-21,ZUI01,Volle melk 12x1L,Sligro,1,doos,13.8
2023-12-28,ZUI01,Volle melk 12x1L,Sligro,1,doos,13.8
2024-01-04,ZUI01,Volle melk 12x1L,Sligro,1,doos,13.8
2024-01-11,ZUI01,Volle melk 12x1L,Sligro,1,doos,13.8
2024-01-18,ZUI01,Volle melk 12x1L,Sligro,1,doos,13.8
2024-01-29,ZUI01,Volle melk 12x1L,Sligro,1,doos,13.8
2024-02-01,ZUI01,Volle melk 12x1L,Sligro,1,doos,13.8
2024-02-08,ZUI01,Volle melk 12x1L,Sligro,1,doos,13.8
2024-02-15,ZUI01,Volle melk 12x1L,Sligro,1,doos,13.8
2024-02-19,ZUI01,Volle melk 12x1L,Sligro,1,doos,13.8
2024-02-26,ZUI01,Volle melk 12x1L,Sligro,1,doos,13.8
2024-03-04,ZUI01,Volle melk 12x1L,Sligro,1,doos,13.8
2024-03-11,ZUI01,Volle melk 12x1L,Sligro,1,doos,13.8
2024-03-14,ZUI01,Volle melk 12x1L,Sligro,1,doos,13.8
2024-03-18,ZUI01,Volle melk 12x1L,Sligro,1,doos,13.8
2024-03-25,ZUI01,Volle melk 12x1L,Sligro,1,doos,13.8
2024-03-28,ZUI01,Volle melk 12x1L,Sligro,1,doos,13.8
2024-04-04,ZUI01,Volle melk 12x1L,Sligro,1,doos,13.8
2024-04-11,ZUI01,Volle melk 12x1L,Sligro,1,doos,13.8
2024-04-15,ZUI01,Volle melk 12x1L,Sligro,1,doos,13.8
2024-04-18,ZUI01,Volle melk 12x1L,Sligro,1,doos,13.8
2024-04-25,ZUI01,Volle melk 12x1L,Sligro,1,doos,13.8
2024-04-29,ZUI01,Volle melk 12x1L,Sligro,1,doos,13.8
2024-05-02,ZUI01,Volle melk 12x1L,Sligro,1,doos,13.8
2024-05-06,ZUI01,Volle melk 12x1L,Sligro,1,doos,13.8
2024-05-09,ZUI01,Volle melk 12x1L,Sligro,1,doos,13.8
2024-05-13,ZUI01,Volle melk 12x1L,Sligro,1,doos,13.8
2024-05-16,ZUI01,Volle melk 12x1L,Sligro,1,doos,13.8
2024-05-20,ZUI01,Volle melk 12x1L,Sligro,1,doos,13.8
2024-05-23,ZUI01,Volle melk 12x1L,Sligro,1,doos,13.8
2024-05-27,ZUI01,Volle melk 12x1L,Sligro,1,doos,13.8
2024-05-30,ZUI01,Volle melk 12x1L,Sligro,1,doos,13.8
2024-06-03,ZUI01,Volle melk 12x1L,Sligro,1,doos,13.8
2024-06-06,ZUI01,Volle melk 12x1L,Sligro,1,doos,13.8
2024-06-10,ZUI01,Volle melk 12x1L,Sligro,1,doos,13.8
2024-06-13,ZUI01,Volle melk 12x1L,Sligro,1,doos,13.8
2024-06-17,ZUI01,Volle melk 12x1L,Sligro,1,doos,13.8
2024-06-20,ZUI01,Volle melk 12x1L,Sligro,1,doos,13.8
2024-06-24,ZUI01,Volle melk 12x1L,Sligro,1,doos,13.8
2024-06-27,ZUI01,Volle melk 12x1L,Sligro,1,doos,13.8
2024-07-01,ZUI01,Volle melk 12x1L,Sligro,1,doos,13.8
2024-07-04,ZUI01,Volle melk 12x1L,Sligro,2,doos,27.6
2024-07-08,ZUI01,Volle melk 12x1L,Sligro,1,doos,13.8
2024-07-11,ZUI01,Volle melk 12x1L,Sligro,1,doos,13.8
2024-07-15,ZUI01,Volle melk 12x1L,Sligro,1,doos,13.8
2024-07-18,ZUI01,Volle melk 12x1L,Sligro,2,doos,27.6
2024-07-22,ZUI01,Volle melk 12x1L,Sligro,1,doos,13.8
2024-07-25,ZUI01,Volle melk 12x1L,Sligro,1,doos,13.8
2024-07-29,ZUI01,Volle melk 12x1L,Sligro,2,doos,27.6
2024-08-01,ZUI01,Volle melk 12x1L,Sligro,1,doos,13.8
2024-08-05,ZUI01,Volle melk 12x1L,Sligro,1,doos,13.8
2024-08-08,ZUI01,Volle melk 12x1L,Sligro,1,doos,13.8
2024-08-12,ZUI01,Volle melk 12x1L,Sligro,2,doos,27.6
2024-08-15,ZUI01,Volle melk 12x1L,Sligro,1,doos,13.8
2024-08-19,ZUI01,Volle melk 12x1L,Sligro,1,doos,13.8
2024-08-22,ZUI01,Volle melk 12x1L,Sligro,1,doos,13.8
2024-08-26,ZUI01,Volle melk 12x1L,Sligro,1,doos,13.8
2024-08-29,ZUI01,Volle melk 12x1L,Sligro,1,doos,13.8
2024-09-02,ZUI01,Volle melk 12x1L,Sligro,1,doos,13.8
2024-09-05,ZUI01,Volle melk 12x1L,Sligro,1,doos,13.8
2024-09-09,ZUI01,Volle melk 12x1L,Sligro,1,doos,13.8
2024-09-12,ZUI01,Volle melk 12x1L,Sligro,1,doos,13.8
2024-09-16,ZUI01,Volle melk 12x1L,Sligro,1,doos,13.8
2024-09-19,ZUI01,Volle melk 12x1L,Sligro,1,doos,13.8
2024-09-26,ZUI01,Volle melk 12x1L,Sligro,1,doos,13.8
2024-09-30,ZUI01,Volle melk 12x1L,Sligro,1,doos,13.8
2024-10-03,ZUI01,Volle melk 12x1L,Sligro,1,doos,13.8
2024-10-07,ZUI01,Volle melk 12x1L,Sligro,1,doos,13.8
2024-10-10,ZUI01,Volle melk 12x1L,Sligro,1,doos,13.8
2024-10-14,ZUI01,Volle melk 12x1L,Sligro,1,doos,13.8
2024-10-17,ZUI01,Volle melk 12x1L,Sligro,1,doos,13.8
2024-10-24,ZUI01,Volle melk 12x1L,Sligro,1,doos,13.8
2024-10-28,ZUI01,Volle melk 12x1L,Sligro,1,doos,13.8
2024-10-31,ZUI01,Volle melk 12x1L,Sligro,1,doos,13.8
2024-11-04,ZUI01,Volle melk 12x1L,Sligro,1,doos,13.8
2024-11-07,ZUI01,Volle melk 12x1L,Sligro,1,doos,13.8
2024-11-11,ZUI01,Volle melk 12x1L,Sligro,1,doos,13.8
2024-11-18,ZUI01,Volle melk 12x1L,Sligro,1,doos,13.8
2024-11-21,ZUI01,Volle melk 12x1L,Sligro,1,doos,13.8
2024-11-28,ZUI01,Volle melk 12x1L,Sligro,1,doos,13.8
2024-12-05,ZUI01,Volle melk 12x1L,Sligro,1,doos,13.8
2024-12-09,ZUI01,Volle melk 12x1L,Sligro,1,doos,13.8
2024-12-12,ZUI01,Volle melk 12x1L,Sligro,1,doos,13.8
2024-12-19,ZUI01,Volle melk 12x1L,Sligro,2,doos,27.6
2024-12-26,ZUI01,Volle melk 12x1L,Sligro,1,doos,13.8
2025-01-02,ZUI01,Volle melk 12x1L,Sligro,1,doos,13.8
2025-01-13,ZUI01,Volle melk 12x1L,Sligro,1,doos,13.8
2025-01-20,ZUI01,Volle melk 12x1L,Sligro,1,doos,13.8
2025-01-27,ZUI01,Volle melk 12x1L,Sligro,1,doos,13.8
2025-02-03,ZUI01,Volle melk 12x1L,Sligro,1,doos,13.8
2025-02-10,ZUI01,Volle melk 12x1L,Sligro,1,doos,13.8
2025-02-13,ZUI01,Volle melk 12x1L,Sligro,1,doos,13.8
2025-02-20,ZUI01,Volle melk 12x1L,Sligro,1,doos,13.8
2025-02-27,ZUI01,Volle melk 12x1L,Sligro,1,doos,13.8
2025-03-03,ZUI01,Volle melk 12x1L,Sligro,1,doos,13.8
2025-03-06,ZUI01,Volle melk 12x1L,Sligro,1,doos,13.8
2025-03-13,ZUI01,Volle melk 12x1L,Sligro,1,doos,13.8
2025-03-17,ZUI01,Volle melk 12x1L,Sligro,1,doos,13.8
2025-03-20,ZUI01,Volle melk 12x1L,Sligro,1,doos,13.8
2025-03-24,ZUI01,Volle melk 12x1L,Sligro,1,doos,13.8
2025-03-31,ZUI01,Volle melk 12x1L,Sligro,1,doos,13.8
2025-04-03,ZUI01,Volle melk 12x1L,Sligro,1,doos,13.8
2025-04-07,ZUI01,Volle melk 12x1L,Sligro,1,doos,13.8
2025-04-14,ZUI01,Volle melk 12x1L,Sligro,1,doos,13.8
2025-04-17,ZUI01,Volle melk 12x1L,Sligro,1,doos,13.8
2025-04-24,ZUI01,Volle melk 12x1L,Sligro,1,doos,13.8
2025-04-28,ZUI01,Volle melk 12x1L,Sligro,1,doos,13.8
2025-05-01,ZUI01,Volle melk 12x1L,Sligro,1,doos,13.8
2025-05-05,ZUI01,Volle melk 12x1L,Sligro,1,doos,13.8
2025-05-08,ZUI01,Volle melk 12x1L,Sligro,1,doos,13.8
2025-05-15,ZUI01,Volle melk 12x1L,Sligro,1,doos,13.8
2025-05-19,ZUI01,Volle melk 12x1L,Sligro,1,doos,13.8
2025-05-22,ZUI01,Volle melk 12x1L,Sligro,1,doos,13.8
2025-05-26,ZUI01,Volle melk 12x1L,Sligro,1,doos,13.8
2025-05-29,ZUI01,Volle melk 12x1L,Sligro,2,doos,27.6
2025-06-02,ZUI01,Volle melk 12x1L,Sligro,1,doos,13.8
2025-06-05,ZUI01,Volle melk 12x1L,Sligro,1,doos,13.8
2025-06-09,ZUI01,Volle melk 12x1L,Sligro,1,doos,13.8
2025-06-12,ZUI01,Volle melk 12x1L,Sligro,2,doos,27.6
2025-06-16,ZUI01,Volle melk 12x1L,Sligro,1,doos,13.8
2025-06-19,ZUI01,Volle melk 12x1L,Sligro,1,doos,13.8
2025-06-23,ZUI01,Volle melk 12x1L,Sligro,2,doos,27.6
2025-06-26,ZUI01,Volle melk 12x1L,Sligro,1,doos,13.8
2025-06-30,ZUI01,Volle melk 12x1L,Sligro,1,doos,13.8
2025-07-03,ZUI01,Volle melk 12x1L,Sligro,2,doos,27.6
2025-07-07,ZUI01,Volle melk 12x1L,Sligro,1,doos,13.8
2025-07-10,ZUI01,Volle melk 12x1L,Sligro,1,doos,13.8
2025-07-14,ZUI01,Volle melk 12x1L,Sligro,1,doos,13.8
2025-07-17,ZUI01,Volle melk 12x1L,Sligro,2,doos,27.6
2025-07-21,ZUI01,Volle melk 12x1L,Sligro,1,doos,13.8
2025-07-24,ZUI01,Volle melk 12x1L,Sligro,1,doos,13.8
2025-07-28,ZUI01,Volle melk 12x1L,Sligro,2,doos,27.6
2025-07-31,ZUI01,Volle melk 12x1L,Sligro,2,doos,27.6
2025-08-04,ZUI01,Volle melk 12x1L,Sligro,1,doos,13.8
2025-08-07,ZUI01,Volle melk 12x1L,Sligro,1,doos,13.8
2025-08-11,ZUI01,Volle melk 12x1L,Sligro,1,doos,13.8
2025-08-14,ZUI01,Volle melk 12x1L,Sligro,1,doos,13.8
2025-08-18,ZUI01,Volle melk 12x1L,Sligro,1,doos,13.8
2025-08-21,ZUI01,Volle melk 12x1L,Sligro,1,doos,13.8
2025-08-25,ZUI01,Volle melk 12x1L,Sligro,1,doos,13.8
2025-08-28,ZUI01,Volle melk 12x1L,Sligro,1,doos,13.8
2025-09-04,ZUI01,Volle melk 12x1L,Sligro,1,doos,13.8
2025-09-08,ZUI01,Volle melk 12x1L,Sligro,1,doos,13.8
2025-09-11,ZUI01,Volle melk 12x1L,Sligro,1,doos,13.8
2025-09-15,ZUI01,Volle melk 12x1L,Sligro,1,doos,13.8
2025-09-18,ZUI01,Volle melk 12x1L,Sligro,1,doos,13.8
2025-09-22,ZUI01,Volle melk 12x1L,Sligro,1,doos,13.8
2025-09-25,ZUI01,Volle melk 12x1L,Sligro,1,doos,13.8
2025-09-29,ZUI01,Volle melk 12x1L,Sligro,1,doos,13.8
2025-10-02,ZUI01,Volle melk 12x1L,Sligro,1,doos,13.8
2025-10-09,ZUI01,Volle melk 12x1L,Sligro,1,doos,13.8
2025-10-13,ZUI01,Volle melk 12x1L,Sligro,1,doos,13.8
2025-10-16,ZUI01,Volle melk 12x1L,Sligro,1,doos,13.8
2025-10-23,ZUI01,Volle melk 12x1L,Sligro,1,doos,13.8
2025-10-27,ZUI01,Volle melk 12x1L,Sligro,1,doos,13.8
2025-10-30,ZUI01,Volle melk 12x1L,Sligro,1,doos,13.8
2025-11-03,ZUI01,Volle melk 12x1L,Sligro,1,doos,13.8
2025-11-06,ZUI01,Volle melk 12x1L,Sligro,1,doos,13.8
2025-11-13,ZUI01,Volle melk 12x1L,Sligro,1,doos,13.8
2025-11-17,ZUI01,Volle melk 12x1L,Sligro,1,doos,13.8
2025-11-20,ZUI01,Volle melk 12x1L,Sligro,1,doos,13.8
2025-11-24,ZUI01,Volle melk 12x1L,Sligro,1,doos,13.8
2025-12-01,ZUI01,Volle melk 12x1L,Sligro,1,doos,13.8
2025-12-04,ZUI01,Volle melk 12x1L,Sligro,1,doos,13.8
2025-12-11,ZUI01,Volle melk 12x1L,Sligro,1,doos,13.8
2025-12-15,ZUI01,Volle melk 12x1L,Sligro,1,doos,13.8
2025-12-18,ZUI01,Volle melk 12x1L,Sligro,1,doos,13.8
2025-12-25,ZUI01,Volle melk 12x1L,Sligro,1,doos,13.8
2026-01-01,ZUI01,Volle melk 12x1L,Sligro,1,doos,13.8
2026-01-08,ZUI01,Volle melk 12x1L,Sligro,1,doos,13.8
2026-01-15,ZUI01,Volle melk 12x1L,Sligro,1,doos,13.8
2026-01-22,ZUI01,Volle melk 12x1L,Sligro,1,doos,13.8
2026-01-26,ZUI01,Volle melk 12x1L,Sligro,1,doos,13.8
2026-01-29,ZUI01,Volle melk 12x1L,Sligro,1,doos,13.8
2026-02-05,ZUI01,Volle melk 12x1L,Sligro,1,doos,13.8
2026-02-12,ZUI01,Volle melk 12x1L,Sligro,1,doos,13.8
2026-02-16,ZUI01,Volle melk 12x1L,Sligro,1,doos,13.8
2026-02-19,ZUI01,Volle melk 12x1L,Sligro,1,doos,13.8
2026-02-26,ZUI01,Volle melk 12x1L,Sligro,1,doos,13.8
2026-03-02,ZUI01,Volle melk 12x1L,Sligro,1,doos,13.8
2026-03-05,ZUI01,Volle melk 12x1L,Sligro,1,doos,13.8
2026-03-12,ZUI01,Volle melk 12x1L,Sligro,1,doos,13.8
2026-03-16,ZUI01,Volle melk 12x1L,Sligro,1,doos,13.8
2026-03-19,ZUI01,Volle melk 12x1L,Sligro,1,doos,13.8
2026-03-26,ZUI01,Volle melk 12x1L,Sligro,1,doos,13.8
2026-03-30,ZUI01,Volle melk 12x1L,Sligro,1,doos,13.8
2026-04-02,ZUI01,Volle melk 12x1L,Sligro,1,doos,13.8
2026-04-09,ZUI01,Volle melk 12x1L,Sligro,1,doos,13.8
2026-04-13,ZUI01,Volle melk 12x1L,Sligro,1,doos,13.8
2026-04-16,ZUI01,Volle melk 12x1L,Sligro,1,doos,13.8
2026-04-20,ZUI01,Volle melk 12x1L,Sligro,1,doos,13.8
2026-04-23,ZUI01,Volle melk 12x1L,Sligro,1,doos,13.8
2026-04-27,ZUI01,Volle melk 12x1L,Sligro,1,doos,13.8
2026-04-30,ZUI01,Volle melk 12x1L,Sligro,1,doos,13.8
2026-05-04,ZUI01,Volle melk 12x1L,Sligro,1,doos,13.8
2026-05-07,ZUI01,Volle melk 12x1L,Sligro,1,doos,13.8
2026-05-11,ZUI01,Volle melk 12x1L,Sligro,1,doos,13.8
2026-05-14,ZUI01,Volle melk 12x1L,Sligro,1,doos,13.8
2026-05-18,ZUI01,Volle melk 12x1L,Sligro,1,doos,13.8
2026-05-21,ZUI01,Volle melk 12x1L,Sligro,2,doos,27.6
2026-05-28,ZUI01,Volle melk 12x1L,Sligro,1,doos,13.8
2026-06-01,ZUI01,Volle melk 12x1L,Sligro,1,doos,13.8
2026-06-04,ZUI01,Volle melk 12x1L,Sligro,1,doos,13.8
2026-06-08,ZUI01,Volle melk 12x1L,Sligro,2,doos,27.6
2026-06-11,ZUI01,Volle melk 12x1L,Sligro,1,doos,13.8
2026-06-15,ZUI01,Volle melk 12x1L,Sligro,2,doos,27.6
2026-06-18,ZUI01,Volle melk 12x1L,Sligro,1,doos,13.8
2026-06-22,ZUI01,Volle melk 12x1L,Sligro,1,doos,13.8
2026-06-25,ZUI01,Volle melk 12x1L,Sligro,1,doos,13.8
2026-06-29,ZUI01,Volle melk 12x1L,Sligro,1,doos,13.8
2026-07-02,ZUI01,Volle melk 12x1L,Sligro,2,doos,27.6
2026-07-06,ZUI01,Volle melk 12x1L,Sligro,1,doos,13.8
2026-07-09,ZUI01,Volle melk 12x1L,Sligro,2,doos,27.6
2026-07-13,ZUI01,Volle melk 12x1L,Sligro,1,doos,13.8
2026-07-16,ZUI01,Volle melk 12x1L,Sligro,2,doos,27.6
2026-07-20,ZUI01,Volle melk 12x1L,Sligro,1,doos,13.8
2026-07-23,ZUI01,Volle melk 12x1L,Sligro,2,doos,27.6
2026-07-27,ZUI01,Volle melk 12x1L,Sligro,1,doos,13.8
2026-07-30,ZUI01,Volle melk 12x1L,Sligro,1,doos,13.8
2026-08-03,ZUI01,Volle melk 12x1L,Sligro,1,doos,13.8
2026-08-06,ZUI01,Volle melk 12x1L,Sligro,2,doos,27.6
2026-08-10,ZUI01,Volle melk 12x1L,Sligro,2,doos,27.6
2026-08-13,ZUI01,Volle melk 12x1L,Sligro,1,doos,13.8
2026-08-17,ZUI01,Volle melk 12x1L,Sligro,1,doos,13.8
2026-08-20,ZUI01,Volle melk 12x1L,Sligro,1,doos,13.8
2026-08-24,ZUI01,Volle melk 12x1L,Sligro,1,doos,13.8
2026-08-27,ZUI01,Volle melk 12x1L,Sligro,1,doos,13.8
2026-08-31,ZUI01,Volle melk 12x1L,Sligro,1,doos,13.8
2023-09-01,BROOD01,Casinobrood 8 stuks,Bakkerij Zomerdijk,2,doos,35.2
2023-09-02,BROOD01,Casinobrood 8 stuks,Bakkerij Zomerdijk,4,doos,70.4
2023-09-05,BROOD01,Casinobrood 8 stuks,Bakkerij Zomerdijk,1,doos,17.6
2023-09-06,BROOD01,Casinobrood 8 stuks,Bakkerij Zomerdijk,1,doos,17.6
2023-09-07,BROOD01,Casinobrood 8 stuks,Bakkerij Zomerdijk,2,doos,35.2
2023-09-08,BROOD01,Casinobrood 8 stuks,Bakkerij Zomerdijk,2,doos,35.2
2023-09-09,BROOD01,Casinobrood 8 stuks,Bakkerij Zomerdijk,3,doos,52.8
2023-09-11,BROOD01,Casinobrood 8 stuks,Bakkerij Zomerdijk,1,doos,17.6
2023-09-12,BROOD01,Casinobrood 8 stuks,Bakkerij Zomerdijk,1,doos,17.6
2023-09-13,BROOD01,Casinobrood 8 stuks,Bakkerij Zomerdijk,1,doos,17.6
2023-09-14,BROOD01,Casinobrood 8 stuks,Bakkerij Zomerdijk,2,doos,35.2
2023-09-15,BROOD01,Casinobrood 8 stuks,Bakkerij Zomerdijk,1,doos,17.6
2023-09-16,BROOD01,Casinobrood 8 stuks,Bakkerij Zomerdijk,3,doos,52.8
2023-09-19,BROOD01,Casinobrood 8 stuks,Bakkerij Zomerdijk,1,doos,17.6
2023-09-20,BROOD01,Casinobrood 8 stuks,Bakkerij Zomerdijk,1,doos,17.6
2023-09-21,BROOD01,Casinobrood 8 stuks,Bakkerij Zomerdijk,1,doos,17.6
2023-09-22,BROOD01,Casinobrood 8 stuks,Bakkerij Zomerdijk,1,doos,17.6
2023-09-23,BROOD01,Casinobrood 8 stuks,Bakkerij Zomerdijk,3,doos,52.8
2023-09-25,BROOD01,Casinobrood 8 stuks,Bakkerij Zomerdijk,2,doos,35.2
2023-09-26,BROOD01,Casinobrood 8 stuks,Bakkerij Zomerdijk,1,doos,17.6
2023-09-27,BROOD01,Casinobrood 8 stuks,Bakkerij Zomerdijk,1,doos,17.6
2023-09-29,BROOD01,Casinobrood 8 stuks,Bakkerij Zomerdijk,2,doos,35.2
2023-09-30,BROOD01,Casinobrood 8 stuks,Bakkerij Zomerdijk,3,doos,52.8
2023-10-03,BROOD01,Casinobrood 8 stuks,Bakkerij Zomerdijk,1,doos,17.6
2023-10-04,BROOD01,Casinobrood 8 stuks,Bakkerij Zomerdijk,1,doos,17.6
2023-10-05,BROOD01,Casinobrood 8 stuks,Bakkerij Zomerdijk,1,doos,17.6
2023-10-06,BROOD01,Casinobrood 8 stuks,Bakkerij Zomerdijk,1,doos,17.6
2023-10-07,BROOD01,Casinobrood 8 stuks,Bakkerij Zomerdijk,3,doos,52.8
2023-10-10,BROOD01,Casinobrood 8 stuks,Bakkerij Zomerdijk,1,doos,17.6
2023-10-11,BROOD01,Casinobrood 8 stuks,Bakkerij Zomerdijk,1,doos,17.6
2023-10-12,BROOD01,Casinobrood 8 stuks,Bakkerij Zomerdijk,1,doos,17.6
2023-10-13,BROOD01,Casinobrood 8 stuks,Bakkerij Zomerdijk,1,doos,17.6
2023-10-14,BROOD01,Casinobrood 8 stuks,Bakkerij Zomerdijk,3,doos,52.8
2023-10-17,BROOD01,Casinobrood 8 stuks,Bakkerij Zomerdijk,1,doos,17.6
2023-10-18,BROOD01,Casinobrood 8 stuks,Bakkerij Zomerdijk,1,doos,17.6
2023-10-19,BROOD01,Casinobrood 8 stuks,Bakkerij Zomerdijk,1,doos,17.6
2023-10-20,BROOD01,Casinobrood 8 stuks,Bakkerij Zomerdijk,1,doos,17.6
2023-10-21,BROOD01,Casinobrood 8 stuks,Bakkerij Zomerdijk,3,doos,52.8
2023-10-24,BROOD01,Casinobrood 8 stuks,Bakkerij Zomerdijk,1,doos,17.6
2023-10-25,BROOD01,Casinobrood 8 stuks,Bakkerij Zomerdijk,1,doos,17.6
2023-10-26,BROOD01,Casinobrood 8 stuks,Bakkerij Zomerdijk,2,doos,35.2
2023-10-27,BROOD01,Casinobrood 8 stuks,Bakkerij Zomerdijk,1,doos,17.6
2023-10-28,BROOD01,Casinobrood 8 stuks,Bakkerij Zomerdijk,2,doos,35.2
2023-10-30,BROOD01,Casinobrood 8 stuks,Bakkerij Zomerdijk,1,doos,17.6
2023-10-31,BROOD01,Casinobrood 8 stuks,Bakkerij Zomerdijk,1,doos,17.6
2023-11-02,BROOD01,Casinobrood 8 stuks,Bakkerij Zomerdijk,1,doos,17.6
2023-11-03,BROOD01,Casinobrood 8 stuks,Bakkerij Zomerdijk,2,doos,35.2
2023-11-04,BROOD01,Casinobrood 8 stuks,Bakkerij Zomerdijk,2,doos,35.2
2023-11-07,BROOD01,Casinobrood 8 stuks,Bakkerij Zomerdijk,1,doos,17.6
2023-11-08,BROOD01,Casinobrood 8 stuks,Bakkerij Zomerdijk,1,doos,17.6
2023-11-09,BROOD01,Casinobrood 8 stuks,Bakkerij Zomerdijk,1,doos,17.6
2023-11-11,BROOD01,Casinobrood 8 stuks,Bakkerij Zomerdijk,3,doos,52.8
2023-11-14,BROOD01,Casinobrood 8 stuks,Bakkerij Zomerdijk,1,doos,17.6
2023-11-15,BROOD01,Casinobrood 8 stuks,Bakkerij Zomerdijk,1,doos,17.6
2023-11-16,BROOD01,Casinobrood 8 stuks,Bakkerij Zomerdijk,1,doos,17.6
2023-11-17,BROOD01,Casinobrood 8 stuks,Bakkerij Zomerdijk,1,doos,17.6
2023-11-18,BROOD01,Casinobrood 8 stuks,Bakkerij Zomerdijk,2,doos,35.2
2023-11-20,BROOD01,Casinobrood 8 stuks,Bakkerij Zomerdijk,1,doos,17.6
2023-11-21,BROOD01,Casinobrood 8 stuks,Bakkerij Zomerdijk,1,doos,17.6
2023-11-22,BROOD01,Casinobrood 8 stuks,Bakkerij Zomerdijk,1,doos,17.6
2023-11-23,BROOD01,Casinobrood 8 stuks,Bakkerij Zomerdijk,1,doos,17.6
2023-11-25,BROOD01,Casinobrood 8 stuks,Bakkerij Zomerdijk,3,doos,52.8
2023-11-28,BROOD01,Casinobrood 8 stuks,Bakkerij Zomerdijk,1,doos,17.6
2023-11-29,BROOD01,Casinobrood 8 stuks,Bakkerij Zomerdijk,1,doos,17.6
2023-11-30,BROOD01,Casinobrood 8 stuks,Bakkerij Zomerdijk,1,doos,17.6
2023-12-01,BROOD01,Casinobrood 8 stuks,Bakkerij Zomerdijk,2,doos,35.2
2023-12-02,BROOD01,Casinobrood 8 stuks,Bakkerij Zomerdijk,1,doos,17.6
2023-12-05,BROOD01,Casinobrood 8 stuks,Bakkerij Zomerdijk,1,doos,17.6
2023-12-06,BROOD01,Casinobrood 8 stuks,Bakkerij Zomerdijk,1,doos,17.6
2023-12-07,BROOD01,Casinobrood 8 stuks,Bakkerij Zomerdijk,1,doos,17.6
2023-12-08,BROOD01,Casinobrood 8 stuks,Bakkerij Zomerdijk,1,doos,17.6
2023-12-09,BROOD01,Casinobrood 8 stuks,Bakkerij Zomerdijk,2,doos,35.2
2023-12-11,BROOD01,Casinobrood 8 stuks,Bakkerij Zomerdijk,1,doos,17.6
2023-12-13,BROOD01,Casinobrood 8 stuks,Bakkerij Zomerdijk,1,doos,17.6
2023-12-14,BROOD01,Casinobrood 8 stuks,Bakkerij Zomerdijk,1,doos,17.6
2023-12-15,BROOD01,Casinobrood 8 stuks,Bakkerij Zomerdijk,2,doos,35.2
2023-12-16,BROOD01,Casinobrood 8 stuks,Bakkerij Zomerdijk,2,doos,35.2
2023-12-19,BROOD01,Casinobrood 8 stuks,Bakkerij Zomerdijk,1,doos,17.6
2023-12-20,BROOD01,Casinobrood 8 stuks,Bakkerij Zomerdijk,1,doos,17.6
2023-12-21,BROOD01,Casinobrood 8 stuks,Bakkerij Zomerdijk,1,doos,17.6
2023-12-22,BROOD01,Casinobrood 8 stuks,Bakkerij Zomerdijk,1,doos,17.6
2023-12-23,BROOD01,Casinobrood 8 stuks,Bakkerij Zomerdijk,2,doos,35.2
2023-12-27,BROOD01,Casinobrood 8 stuks,Bakkerij Zomerdijk,2,doos,35.2
2023-12-29,BROOD01,Casinobrood 8 stuks,Bakkerij Zomerdijk,1,doos,17.6
2023-12-30,BROOD01,Casinobrood 8 stuks,Bakkerij Zomerdijk,2,doos,35.2
2024-01-03,BROOD01,Casinobrood 8 stuks,Bakkerij Zomerdijk,2,doos,35.2
2024-01-05,BROOD01,Casinobrood 8 stuks,Bakkerij Zomerdijk,1,doos,17.6
2024-01-06,BROOD01,Casinobrood 8 stuks,Bakkerij Zomerdijk,2,doos,35.2
2024-01-10,BROOD01,Casinobrood 8 stuks,Bakkerij Zomerdijk,1,doos,17.6
2024-01-11,BROOD01,Casinobrood 8 stuks,Bakkerij Zomerdijk,1,doos,17.6
2024-01-12,BROOD01,Casinobrood 8 stuks,Bakkerij Zomerdijk,1,doos,17.6
2024-01-13,BROOD01,Casinobrood 8 stuks,Bakkerij Zomerdijk,2,doos,35.2
2024-01-17,BROOD01,Casinobrood 8 stuks,Bakkerij Zomerdijk,1,doos,17.6
2024-01-18,BROOD01,Casinobrood 8 stuks,Bakkerij Zomerdijk,1,doos,17.6
2024-01-20,BROOD01,Casinobrood 8 stuks,Bakkerij Zomerdijk,2,doos,35.2
2024-01-23,BROOD01,Casinobrood 8 stuks,Bakkerij Zomerdijk,1,doos,17.6
2024-01-25,BROOD01,Casinobrood 8 stuks,Bakkerij Zomerdijk,1,doos,17.6
2024-01-26,BROOD01,Casinobrood 8 stuks,Bakkerij Zomerdijk,1,doos,17.6
2024-01-27,BROOD01,Casinobrood 8 stuks,Bakkerij Zomerdijk,1,doos,17.6
2024-01-29,BROOD01,Casinobrood 8 stuks,Bakkerij Zomerdijk,1,doos,17.6
2024-01-31,BROOD01,Casinobrood 8 stuks,Bakkerij Zomerdijk,1,doos,17.6
2024-02-01,BROOD01,Casinobrood 8 stuks,Bakkerij Zomerdijk,1,doos,17.6
2024-02-02,BROOD01,Casinobrood 8 stuks,Bakkerij Zomerdijk,1,doos,17.6
2024-02-03,BROOD01,Casinobrood 8 stuks,Bakkerij Zomerdijk,2,doos,35.2
2024-02-05,BROOD01,Casinobrood 8 stuks,Bakkerij Zomerdijk,1,doos,17.6
2024-02-06,BROOD01,Casinobrood 8 stuks,Bakkerij Zomerdijk,1,doos,17.6
2024-02-07,BROOD01,Casinobrood 8 stuks,Bakkerij Zomerdijk,1,doos,17.6
2024-02-08,BROOD01,Casinobrood 8 stuks,Bakkerij Zomerdijk,1,doos,17.6
2024-02-09,BROOD01,Casinobrood 8 stuks,Bakkerij Zomerdijk,1,doos,17.6
2024-02-10,BROOD01,Casinobrood 8 stuks,Bakkerij Zomerdijk,2,doos,35.2
2024-02-12,BROOD01,Casinobrood 8 stuks,Bakkerij Zomerdijk,1,doos,17.6
2024-02-14,BROOD01,Casinobrood 8 stuks,Bakkerij Zomerdijk,1,doos,17.6
2024-02-15,BROOD01,Casinobrood 8 stuks,Bakkerij Zomerdijk,1,doos,17.6
2024-02-17,BROOD01,Casinobrood 8 stuks,Bakkerij Zomerdijk,2,doos,35.2
2024-02-20,BROOD01,Casinobrood 8 stuks,Bakkerij Zomerdijk,1,doos,17.6
2024-02-21,BROOD01,Casinobrood 8 stuks,Bakkerij Zomerdijk,1,doos,17.6
2024-02-22,BROOD01,Casinobrood 8 stuks,Bakkerij Zomerdijk,1,doos,17.6
2024-02-23,BROOD01,Casinobrood 8 stuks,Bakkerij Zomerdijk,1,doos,17.6
2024-02-24,BROOD01,Casinobrood 8 stuks,Bakkerij Zomerdijk,2,doos,35.2
2024-02-28,BROOD01,Casinobrood 8 stuks,Bakkerij Zomerdijk,2,doos,35.2
2024-03-01,BROOD01,Casinobrood 8 stuks,Bakkerij Zomerdijk,1,doos,17.6
2024-03-02,BROOD01,Casinobrood 8 stuks,Bakkerij Zomerdijk,2,doos,35.2
2024-03-05,BROOD01,Casinobrood 8 stuks,Bakkerij Zomerdijk,1,doos,17.6
2024-03-06,BROOD01,Casinobrood 8 stuks,Bakkerij Zomerdijk,1,doos,17.6
2024-03-07,BROOD01,Casinobrood 8 stuks,Bakkerij Zomerdijk,1,doos,17.6
2024-03-09,BROOD01,Casinobrood 8 stuks,Bakkerij Zomerdijk,3,doos,52.8
2024-03-12,BROOD01,Casinobrood 8 stuks,Bakkerij Zomerdijk,1,doos,17.6
2024-03-13,BROOD01,Casinobrood 8 stuks,Bakkerij Zomerdijk,1,doos,17.6
2024-03-14,BROOD01,Casinobrood 8 stuks,Bakkerij Zomerdijk,1,doos,17.6
2024-03-15,BROOD01,Casinobrood 8 stuks,Bakkerij Zomerdijk,1,doos,17.6
2024-03-16,BROOD01,Casinobrood 8 stuks,Bakkerij Zomerdijk,3,doos,52.8
2024-03-19,BROOD01,Casinobrood 8 stuks,Bakkerij Zomerdijk,1,doos,17.6
2024-03-20,BROOD01,Casinobrood 8 stuks,Bakkerij Zomerdijk,1,doos,17.6
2024-03-21,BROOD01,Casinobrood 8 stuks,Bakkerij Zomerdijk,1,doos,17.6
2024-03-22,BROOD01,Casinobrood 8 stuks,Bakkerij Zomerdijk,1,doos,17.6
2024-03-23,BROOD01,Casinobrood 8 stuks,Bakkerij Zomerdijk,3,doos,52.8
2024-03-26,BROOD01,Casinobrood 8 stuks,Bakkerij Zomerdijk,1,doos,17.6
2024-03-27,BROOD01,Casinobrood 8 stuks,Bakkerij Zomerdijk,1,doos,17.6
2024-03-28,BROOD01,Casinobrood 8 stuks,Bakkerij Zomerdijk,1,doos,17.6
2024-03-30,BROOD01,Casinobrood 8 stuks,Bakkerij Zomerdijk,2,doos,35.2
2024-04-01,BROOD01,Casinobrood 8 stuks,Bakkerij Zomerdijk,1,doos,17.6
2024-04-03,BROOD01,Casinobrood 8 stuks,Bakkerij Zomerdijk,1,doos,17.6
2024-04-04,BROOD01,Casinobrood 8 stuks,Bakkerij Zomerdijk,1,doos,17.6
2024-04-05,BROOD01,Casinobrood 8 stuks,Bakkerij Zomerdijk,1,doos,17.6
2024-04-06,BROOD01,Casinobrood 8 stuks,Bakkerij Zomerdijk,2,doos,35.2
2024-04-08,BROOD01,Casinobrood 8 stuks,Bakkerij Zomerdijk,1,doos,17.6
2024-04-10,BROOD01,Casinobrood 8 stuks,Bakkerij Zomerdijk,1,doos,17.6
2024-04-11,BROOD01,Casinobrood 8 stuks,Bakkerij Zomerdijk,1,doos,17.6
2024-04-12,BROOD01,Casinobrood 8 stuks,Bakkerij Zomerdijk,1,doos,17.6
2024-04-13,BROOD01,Casinobrood 8 stuks,Bakkerij Zomerdijk,2,doos,35.2
2024-04-15,BROOD01,Casinobrood 8 stuks,Bakkerij Zomerdijk,1,doos,17.6
2024-04-17,BROOD01,Casinobrood 8 stuks,Bakkerij Zomerdijk,1,doos,17.6
2024-04-18,BROOD01,Casinobrood 8 stuks,Bakkerij Zomerdijk,2,doos,35.2
2024-04-20,BROOD01,Casinobrood 8 stuks,Bakkerij Zomerdijk,3,doos,52.8
2024-04-23,BROOD01,Casinobrood 8 stuks,Bakkerij Zomerdijk,1,doos,17.6
2024-04-24,BROOD01,Casinobrood 8 stuks,Bakkerij Zomerdijk,1,doos,17.6
2024-04-25,BROOD01,Casinobrood 8 stuks,Bakkerij Zomerdijk,1,doos,17.6
2024-04-26,BROOD01,Casinobrood 8 stuks,Bakkerij Zomerdijk,1,doos,17.6
2024-04-27,BROOD01,Casinobrood 8 stuks,Bakkerij Zomerdijk,2,doos,35.2
2024-04-29,BROOD01,Casinobrood 8 stuks,Bakkerij Zomerdijk,1,doos,17.6
2024-05-01,BROOD01,Casinobrood 8 stuks,Bakkerij Zomerdijk,1,doos,17.6
2024-05-02,BROOD01,Casinobrood 8 stuks,Bakkerij Zomerdijk,1,doos,17.6
2024-05-03,BROOD01,Casinobrood 8 stuks,Bakkerij Zomerdijk,2,doos,35.2
2024-05-04,BROOD01,Casinobrood 8 stuks,Bakkerij Zomerdijk,2,doos,35.2
2024-05-06,BROOD01,Casinobrood 8 stuks,Bakkerij Zomerdijk,1,doos,17.6
2024-05-07,BROOD01,Casinobrood 8 stuks,Bakkerij Zomerdijk,1,doos,17.6
2024-05-08,BROOD01,Casinobrood 8 stuks,Bakkerij Zomerdijk,1,doos,17.6
2024-05-09,BROOD01,Casinobrood 8 stuks,Bakkerij Zomerdijk,1,doos,17.6
2024-05-10,BROOD01,Casinobrood 8 stuks,Bakkerij Zomerdijk,2,doos,35.2
2024-05-11,BROOD01,Casinobrood 8 stuks,Bakkerij Zomerdijk,3,doos,52.8
2024-05-13,BROOD01,Casinobrood 8 stuks,Bakkerij Zomerdijk,1,doos,17.6
2024-05-14,BROOD01,Casinobrood 8 stuks,Bakkerij Zomerdijk,1,doos,17.6
2024-05-15,BROOD01,Casinobrood 8 stuks,Bakkerij Zomerdijk,1,doos,17.6
2024-05-16,BROOD01,Casinobrood 8 stuks,Bakkerij Zomerdijk,1,doos,17.6
2024-05-17,BROOD01,Casinobrood 8 stuks,Bakkerij Zomerdijk,2,doos,35.2
2024-05-18,BROOD01,Casinobrood 8 stuks,Bakkerij Zomerdijk,3,doos,52.8
2024-05-20,BROOD01,Casinobrood 8 stuks,Bakkerij Zomerdijk,1,doos,17.6
2024-05-21,BROOD01,Casinobrood 8 stuks,Bakkerij Zomerdijk,1,doos,17.6
2024-05-22,BROOD01,Casinobrood 8 stuks,Bakkerij Zomerdijk,2,doos,35.2
2024-05-23,BROOD01,Casinobrood 8 stuks,Bakkerij Zomerdijk,1,doos,17.6
2024-05-24,BROOD01,Casinobrood 8 stuks,Bakkerij Zomerdijk,1,doos,17.6
2024-05-25,BROOD01,Casinobrood 8 stuks,Bakkerij Zomerdijk,4,doos,70.4
2024-05-28,BROOD01,Casinobrood 8 stuks,Bakkerij Zomerdijk,2,doos,35.2
2024-05-29,BROOD01,Casinobrood 8 stuks,Bakkerij Zomerdijk,1,doos,17.6
2024-05-30,BROOD01,Casinobrood 8 stuks,Bakkerij Zomerdijk,1,doos,17.6
2024-05-31,BROOD01,Casinobrood 8 stuks,Bakkerij Zomerdijk,1,doos,17.6
2024-06-01,BROOD01,Casinobrood 8 stuks,Bakkerij Zomerdijk,4,doos,70.4
2024-06-03,BROOD01,Casinobrood 8 stuks,Bakkerij Zomerdijk,1,doos,17.6
2024-06-05,BROOD01,Casinobrood 8 stuks,Bakkerij Zomerdijk,2,doos,35.2
2024-06-06,BROOD01,Casinobrood 8 stuks,Bakkerij Zomerdijk,2,doos,35.2
2024-06-07,BROOD01,Casinobrood 8 stuks,Bakkerij Zomerdijk,2,doos,35.2
2024-06-08,BROOD01,Casinobrood 8 stuks,Bakkerij Zomerdijk,3,doos,52.8
2024-06-10,BROOD01,Casinobrood 8 stuks,Bakkerij Zomerdijk,1,doos,17.6
2024-06-11,BROOD01,Casinobrood 8 stuks,Bakkerij Zomerdijk,1,doos,17.6
2024-06-12,BROOD01,Casinobrood 8 stuks,Bakkerij Zomerdijk,2,doos,35.2
2024-06-13,BROOD01,Casinobrood 8 stuks,Bakkerij Zomerdijk,2,doos,35.2
2024-06-14,BROOD01,Casinobrood 8 stuks,Bakkerij Zomerdijk,2,doos,35.2
2024-06-15,BROOD01,Casinobrood 8 stuks,Bakkerij Zomerdijk,4,doos,70.4
2024-06-18,BROOD01,Casinobrood 8 stuks,Bakkerij Zomerdijk,1,doos,17.6
2024-06-19,BROOD01,Casinobrood 8 stuks,Bakkerij Zomerdijk,2,doos,35.2
2024-06-20,BROOD01,Casinobrood 8 stuks,Bakkerij Zomerdijk,2,doos,35.2
2024-06-21,BROOD01,Casinobrood 8 stuks,Bakkerij Zomerdijk,2,doos,35.2
2024-06-22,BROOD01,Casinobrood 8 stuks,Bakkerij Zomerdijk,3,doos,52.8
2024-06-25,BROOD01,Casinobrood 8 stuks,Bakkerij Zomerdijk,1,doos,17.6
2024-06-26,BROOD01,Casinobrood 8 stuks,Bakkerij Zomerdijk,1,doos,17.6
2024-06-27,BROOD01,Casinobrood 8 stuks,Bakkerij Zomerdijk,2,doos,35.2
2024-06-28,BROOD01,Casinobrood 8 stuks,Bakkerij Zomerdijk,2,doos,35.2
2024-06-29,BROOD01,Casinobrood 8 stuks,Bakkerij Zomerdijk,4,doos,70.4
2024-07-01,BROOD01,Casinobrood 8 stuks,Bakkerij Zomerdijk,1,doos,17.6
2024-07-02,BROOD01,Casinobrood 8 stuks,Bakkerij Zomerdijk,1,doos,17.6
2024-07-03,BROOD01,Casinobrood 8 stuks,Bakkerij Zomerdijk,2,doos,35.2
2024-07-04,BROOD01,Casinobrood 8 stuks,Bakkerij Zomerdijk,2,doos,35.2
2024-07-05,BROOD01,Casinobrood 8 stuks,Bakkerij Zomerdijk,3,doos,52.8
2024-07-06,BROOD01,Casinobrood 8 stuks,Bakkerij Zomerdijk,4,doos,70.4
2024-07-08,BROOD01,Casinobrood 8 stuks,Bakkerij Zomerdijk,1,doos,17.6
2024-07-09,BROOD01,Casinobrood 8 stuks,Bakkerij Zomerdijk,1,doos,17.6
2024-07-10,BROOD01,Casinobrood 8 stuks,Bakkerij Zomerdijk,1,doos,17.6
2024-07-11,BROOD01,Casinobrood 8 stuks,Bakkerij Zomerdijk,2,doos,35.2
2024-07-12,BROOD01,Casinobrood 8 stuks,Bakkerij Zomerdijk,2,doos,35.2
2024-07-13,BROOD01,Casinobrood 8 stuks,Bakkerij Zomerdijk,3,doos,52.8
2024-07-15,BROOD01,Casinobrood 8 stuks,Bakkerij Zomerdijk,1,doos,17.6
2024-07-16,BROOD01,Casinobrood 8 stuks,Bakkerij Zomerdijk,2,doos,35.2
2024-07-17,BROOD01,Casinobrood 8 stuks,Bakkerij Zomerdijk,1,doos,17.6
2024-07-18,BROOD01,Casinobrood 8 stuks,Bakkerij Zomerdijk,1,doos,17.6
2024-07-19,BROOD01,Casinobrood 8 stuks,Bakkerij Zomerdijk,2,doos,35.2
2024-07-20,BROOD01,Casinobrood 8 stuks,Bakkerij Zomerdijk,5,doos,88.0
2024-07-23,BROOD01,Casinobrood 8 stuks,Bakkerij Zomerdijk,2,doos,35.2
2024-07-24,BROOD01,Casinobrood 8 stuks,Bakkerij Zomerdijk,1,doos,17.6
2024-07-25,BROOD01,Casinobrood 8 stuks,Bakkerij Zomerdijk,2,doos,35.2
2024-07-26,BROOD01,Casinobrood 8 stuks,Bakkerij Zomerdijk,2,doos,35.2
2024-07-27,BROOD01,Casinobrood 8 stuks,Bakkerij Zomerdijk,3,doos,52.8
2024-07-29,BROOD01,Casinobrood 8 stuks,Bakkerij Zomerdijk,1,doos,17.6
2024-07-30,BROOD01,Casinobrood 8 stuks,Bakkerij Zomerdijk,1,doos,17.6
2024-07-31,BROOD01,Casinobrood 8 stuks,Bakkerij Zomerdijk,3,doos,52.8
2024-08-01,BROOD01,Casinobrood 8 stuks,Bakkerij Zomerdijk,1,doos,17.6
2024-08-02,BROOD01,Casinobrood 8 stuks,Bakkerij Zomerdijk,3,doos,52.8
2024-08-03,BROOD01,Casinobrood 8 stuks,Bakkerij Zomerdijk,4,doos,70.4
2024-08-06,BROOD01,Casinobrood 8 stuks,Bakkerij Zomerdijk,1,doos,17.6
2024-08-07,BROOD01,Casinobrood 8 stuks,Bakkerij Zomerdijk,2,doos,35.2
2024-08-08,BROOD01,Casinobrood 8 stuks,Bakkerij Zomerdijk,2,doos,35.2
2024-08-09,BROOD01,Casinobrood 8 stuks,Bakkerij Zomerdijk,2,doos,35.2
2024-08-10,BROOD01,Casinobrood 8 stuks,Bakkerij Zomerdijk,3,doos,52.8
2024-08-13,BROOD01,Casinobrood 8 stuks,Bakkerij Zomerdijk,1,doos,17.6
2024-08-14,BROOD01,Casinobrood 8 stuks,Bakkerij Zomerdijk,2,doos,35.2
2024-08-15,BROOD01,Casinobrood 8 stuks,Bakkerij Zomerdijk,2,doos,35.2
2024-08-16,BROOD01,Casinobrood 8 stuks,Bakkerij Zomerdijk,1,doos,17.6
2024-08-17,BROOD01,Casinobrood 8 stuks,Bakkerij Zomerdijk,4,doos,70.4
2024-08-20,BROOD01,Casinobrood 8 stuks,Bakkerij Zomerdijk,1,doos,17.6
2024-08-21,BROOD01,Casinobrood 8 stuks,Bakkerij Zomerdijk,1,doos,17.6
2024-08-22,BROOD01,Casinobrood 8 stuks,Bakkerij Zomerdijk,2,doos,35.2
2024-08-23,BROOD01,Casinobrood 8 stuks,Bakkerij Zomerdijk,2,doos,35.2
2024-08-24,BROOD01,Casinobrood 8 stuks,Bakkerij Zomerdijk,3,doos,52.8
2024-08-26,BROOD01,Casinobrood 8 stuks,Bakkerij Zomerdijk,1,doos,17.6
2024-08-27,BROOD01,Casinobrood 8 stuks,Bakkerij Zomerdijk,1,doos,17.6
2024-08-28,BROOD01,Casinobrood 8 stuks,Bakkerij Zomerdijk,1,doos,17.6
2024-08-29,BROOD01,Casinobrood 8 stuks,Bakkerij Zomerdijk,3,doos,52.8
2024-08-30,BROOD01,Casinobrood 8 stuks,Bakkerij Zomerdijk,1,doos,17.6
2024-08-31,BROOD01,Casinobrood 8 stuks,Bakkerij Zomerdijk,3,doos,52.8
2024-09-03,BROOD01,Casinobrood 8 stuks,Bakkerij Zomerdijk,2,doos,35.2
2024-09-04,BROOD01,Casinobrood 8 stuks,Bakkerij Zomerdijk,1,doos,17.6
2024-09-05,BROOD01,Casinobrood 8 stuks,Bakkerij Zomerdijk,2,doos,35.2
2024-09-06,BROOD01,Casinobrood 8 stuks,Bakkerij Zomerdijk,1,doos,17.6
2024-09-07,BROOD01,Casinobrood 8 stuks,Bakkerij Zomerdijk,4,doos,70.4
2024-09-09,BROOD01,Casinobrood 8 stuks,Bakkerij Zomerdijk,1,doos,17.6
2024-09-10,BROOD01,Casinobrood 8 stuks,Bakkerij Zomerdijk,1,doos,17.6
2024-09-11,BROOD01,Casinobrood 8 stuks,Bakkerij Zomerdijk,1,doos,17.6
2024-09-12,BROOD01,Casinobrood 8 stuks,Bakkerij Zomerdijk,1,doos,17.6
2024-09-13,BROOD01,Casinobrood 8 stuks,Bakkerij Zomerdijk,2,doos,35.2
2024-09-14,BROOD01,Casinobrood 8 stuks,Bakkerij Zomerdijk,4,doos,70.4
2024-09-18,BROOD01,Casinobrood 8 stuks,Bakkerij Zomerdijk,2,doos,35.2
2024-09-19,BROOD01,Casinobrood 8 stuks,Bakkerij Zomerdijk,2,doos,35.2
2024-09-20,BROOD01,Casinobrood 8 stuks,Bakkerij Zomerdijk,1,doos,17.6
2024-09-21,BROOD01,Casinobrood 8 stuks,Bakkerij Zomerdijk,3,doos,52.8
2024-09-23,BROOD01,Casinobrood 8 stuks,Bakkerij Zomerdijk,1,doos,17.6
2024-09-25,BROOD01,Casinobrood 8 stuks,Bakkerij Zomerdijk,2,doos,35.2
2024-09-26,BROOD01,Casinobrood 8 stuks,Bakkerij Zomerdijk,1,doos,17.6
2024-09-27,BROOD01,Casinobrood 8 stuks,Bakkerij Zomerdijk,1,doos,17.6
2024-09-28,BROOD01,Casinobrood 8 stuks,Bakkerij Zomerdijk,3,doos,52.8
2024-09-30,BROOD01,Casinobrood 8 stuks,Bakkerij Zomerdijk,1,doos,17.6
2024-10-02,BROOD01,Casinobrood 8 stuks,Bakkerij Zomerdijk,1,doos,17.6
2024-10-03,BROOD01,Casinobrood 8 stuks,Bakkerij Zomerdijk,1,doos,17.6
2024-10-04,BROOD01,Casinobrood 8 stuks,Bakkerij Zomerdijk,2,doos,35.2
2024-10-05,BROOD01,Casinobrood 8 stuks,Bakkerij Zomerdijk,2,doos,35.2
2024-10-07,BROOD01,Casinobrood 8 stuks,Bakkerij Zomerdijk,1,doos,17.6
2024-10-08,BROOD01,Casinobrood 8 stuks,Bakkerij Zomerdijk,1,doos,17.6
2024-10-09,BROOD01,Casinobrood 8 stuks,Bakkerij Zomerdijk,1,doos,17.6
2024-10-11,BROOD01,Casinobrood 8 stuks,Bakkerij Zomerdijk,1,doos,17.6
2024-10-12,BROOD01,Casinobrood 8 stuks,Bakkerij Zomerdijk,2,doos,35.2
2024-10-15,BROOD01,Casinobrood 8 stuks,Bakkerij Zomerdijk,2,doos,35.2
2024-10-16,BROOD01,Casinobrood 8 stuks,Bakkerij Zomerdijk,1,doos,17.6
2024-10-17,BROOD01,Casinobrood 8 stuks,Bakkerij Zomerdijk,1,doos,17.6
2024-10-18,BROOD01,Casinobrood 8 stuks,Bakkerij Zomerdijk,1,doos,17.6
2024-10-19,BROOD01,Casinobrood 8 stuks,Bakkerij Zomerdijk,3,doos,52.8
2024-10-22,BROOD01,Casinobrood 8 stuks,Bakkerij Zomerdijk,1,doos,17.6
2024-10-23,BROOD01,Casinobrood 8 stuks,Bakkerij Zomerdijk,1,doos,17.6
2024-10-24,BROOD01,Casinobrood 8 stuks,Bakkerij Zomerdijk,1,doos,17.6
2024-10-25,BROOD01,Casinobrood 8 stuks,Bakkerij Zomerdijk,1,doos,17.6
2024-10-26,BROOD01,Casinobrood 8 stuks,Bakkerij Zomerdijk,3,doos,52.8
2024-10-28,BROOD01,Casinobrood 8 stuks,Bakkerij Zomerdijk,1,doos,17.6
2024-10-29,BROOD01,Casinobrood 8 stuks,Bakkerij Zomerdijk,1,doos,17.6
2024-10-30,BROOD01,Casinobrood 8 stuks,Bakkerij Zomerdijk,1,doos,17.6
2024-10-31,BROOD01,Casinobrood 8 stuks,Bakkerij Zomerdijk,1,doos,17.6
2024-11-01,BROOD01,Casinobrood 8 stuks,Bakkerij Zomerdijk,1,doos,17.6
2024-11-02,BROOD01,Casinobrood 8 stuks,Bakkerij Zomerdijk,3,doos,52.8
2024-11-05,BROOD01,Casinobrood 8 stuks,Bakkerij Zomerdijk,1,doos,17.6
2024-11-06,BROOD01,Casinobrood 8 stuks,Bakkerij Zomerdijk,1,doos,17.6
2024-11-07,BROOD01,Casinobrood 8 stuks,Bakkerij Zomerdijk,1,doos,17.6
2024-11-08,BROOD01,Casinobrood 8 stuks,Bakkerij Zomerdijk,1,doos,17.6
2024-11-09,BROOD01,Casinobrood 8 stuks,Bakkerij Zomerdijk,3,doos,52.8
2024-11-11,BROOD01,Casinobrood 8 stuks,Bakkerij Zomerdijk,1,doos,17.6
2024-11-13,BROOD01,Casinobrood 8 stuks,Bakkerij Zomerdijk,1,doos,17.6
2024-11-14,BROOD01,Casinobrood 8 stuks,Bakkerij Zomerdijk,1,doos,17.6
2024-11-15,BROOD01,Casinobrood 8 stuks,Bakkerij Zomerdijk,1,doos,17.6
2024-11-16,BROOD01,Casinobrood 8 stuks,Bakkerij Zomerdijk,3,doos,52.8
2024-11-19,BROOD01,Casinobrood 8 stuks,Bakkerij Zomerdijk,1,doos,17.6
2024-11-20,BROOD01,Casinobrood 8 stuks,Bakkerij Zomerdijk,1,doos,17.6
2024-11-21,BROOD01,Casinobrood 8 stuks,Bakkerij Zomerdijk,1,doos,17.6
2024-11-22,BROOD01,Casinobrood 8 stuks,Bakkerij Zomerdijk,1,doos,17.6
2024-11-23,BROOD01,Casinobrood 8 stuks,Bakkerij Zomerdijk,3,doos,52.8
2024-11-27,BROOD01,Casinobrood 8 stuks,Bakkerij Zomerdijk,2,doos,35.2
2024-11-28,BROOD01,Casinobrood 8 stuks,Bakkerij Zomerdijk,1,doos,17.6
2024-11-29,BROOD01,Casinobrood 8 stuks,Bakkerij Zomerdijk,1,doos,17.6
2024-11-30,BROOD01,Casinobrood 8 stuks,Bakkerij Zomerdijk,2,doos,35.2
2024-12-03,BROOD01,Casinobrood 8 stuks,Bakkerij Zomerdijk,1,doos,17.6
2024-12-04,BROOD01,Casinobrood 8 stuks,Bakkerij Zomerdijk,1,doos,17.6
2024-12-05,BROOD01,Casinobrood 8 stuks,Bakkerij Zomerdijk,1,doos,17.6
2024-12-06,BROOD01,Casinobrood 8 stuks,Bakkerij Zomerdijk,1,doos,17.6
2024-12-07,BROOD01,Casinobrood 8 stuks,Bakkerij Zomerdijk,4,doos,70.4
2024-12-10,BROOD01,Casinobrood 8 stuks,Bakkerij Zomerdijk,1,doos,17.6
2024-12-11,BROOD01,Casinobrood 8 stuks,Bakkerij Zomerdijk,1,doos,17.6
2024-12-12,BROOD01,Casinobrood 8 stuks,Bakkerij Zomerdijk,1,doos,17.6
2024-12-13,BROOD01,Casinobrood 8 stuks,Bakkerij Zomerdijk,1,doos,17.6
2024-12-14,BROOD01,Casinobrood 8 stuks,Bakkerij Zomerdijk,2,doos,35.2
2024-12-16,BROOD01,Casinobrood 8 stuks,Bakkerij Zomerdijk,1,doos,17.6
2024-12-17,BROOD01,Casinobrood 8 stuks,Bakkerij Zomerdijk,1,doos,17.6
2024-12-18,BROOD01,Casinobrood 8 stuks,Bakkerij Zomerdijk,1,doos,17.6
2024-12-19,BROOD01,Casinobrood 8 stuks,Bakkerij Zomerdijk,1,doos,17.6
2024-12-20,BROOD01,Casinobrood 8 stuks,Bakkerij Zomerdijk,1,doos,17.6
2024-12-21,BROOD01,Casinobrood 8 stuks,Bakkerij Zomerdijk,2,doos,35.2
2024-12-23,BROOD01,Casinobrood 8 stuks,Bakkerij Zomerdijk,1,doos,17.6
2024-12-25,BROOD01,Casinobrood 8 stuks,Bakkerij Zomerdijk,1,doos,17.6
2024-12-26,BROOD01,Casinobrood 8 stuks,Bakkerij Zomerdijk,1,doos,17.6
2024-12-28,BROOD01,Casinobrood 8 stuks,Bakkerij Zomerdijk,2,doos,35.2
2025-01-01,BROOD01,Casinobrood 8 stuks,Bakkerij Zomerdijk,2,doos,35.2
2025-01-03,BROOD01,Casinobrood 8 stuks,Bakkerij Zomerdijk,1,doos,17.6
2025-01-04,BROOD01,Casinobrood 8 stuks,Bakkerij Zomerdijk,2,doos,35.2
2025-01-08,BROOD01,Casinobrood 8 stuks,Bakkerij Zomerdijk,1,doos,17.6
2025-01-09,BROOD01,Casinobrood 8 stuks,Bakkerij Zomerdijk,1,doos,17.6
2025-01-10,BROOD01,Casinobrood 8 stuks,Bakkerij Zomerdijk,1,doos,17.6
2025-01-11,BROOD01,Casinobrood 8 stuks,Bakkerij Zomerdijk,2,doos,35.2
2025-01-14,BROOD01,Casinobrood 8 stuks,Bakkerij Zomerdijk,1,doos,17.6
2025-01-16,BROOD01,Casinobrood 8 stuks,Bakkerij Zomerdijk,1,doos,17.6
2025-01-17,BROOD01,Casinobrood 8 stuks,Bakkerij Zomerdijk,1,doos,17.6
2025-01-18,BROOD01,Casinobrood 8 stuks,Bakkerij Zomerdijk,1,doos,17.6
2025-01-20,BROOD01,Casinobrood 8 stuks,Bakkerij Zomerdijk,1,doos,17.6
2025-01-21,BROOD01,Casinobrood 8 stuks,Bakkerij Zomerdijk,1,doos,17.6
2025-01-23,BROOD01,Casinobrood 8 stuks,Bakkerij Zomerdijk,1,doos,17.6
2025-01-24,BROOD01,Casinobrood 8 stuks,Bakkerij Zomerdijk,1,doos,17.6
2025-01-25,BROOD01,Casinobrood 8 stuks,Bakkerij Zomerdijk,2,doos,35.2
2025-01-28,BROOD01,Casinobrood 8 stuks,Bakkerij Zomerdijk,1,doos,17.6
2025-01-30,BROOD01,Casinobrood 8 stuks,Bakkerij Zomerdijk,1,doos,17.6
2025-01-31,BROOD01,Casinobrood 8 stuks,Bakkerij Zomerdijk,1,doos,17.6
2025-02-01,BROOD01,Casinobrood 8 stuks,Bakkerij Zomerdijk,2,doos,35.2
2025-02-04,BROOD01,Casinobrood 8 stuks,Bakkerij Zomerdijk,1,doos,17.6
2025-02-05,BROOD01,Casinobrood 8 stuks,Bakkerij Zomerdijk,1,doos,17.6
2025-02-07,BROOD01,Casinobrood 8 stuks,Bakkerij Zomerdijk,1,doos,17.6
2025-02-08,BROOD01,Casinobrood 8 stuks,Bakkerij Zomerdijk,2,doos,35.2
2025-02-10,BROOD01,Casinobrood 8 stuks,Bakkerij Zomerdijk,1,doos,17.6
2025-02-11,BROOD01,Casinobrood 8 stuks,Bakkerij Zomerdijk,1,doos,17.6
2025-02-12,BROOD01,Casinobrood 8 stuks,Bakkerij Zomerdijk,1,doos,17.6
2025-02-13,BROOD01,Casinobrood 8 stuks,Bakkerij Zomerdijk,1,doos,17.6
2025-02-15,BROOD01,Casinobrood 8 stuks,Bakkerij Zomerdijk,2,doos,35.2
2025-02-17,BROOD01,Casinobrood 8 stuks,Bakkerij Zomerdijk,1,doos,17.6
2025-02-19,BROOD01,Casinobrood 8 stuks,Bakkerij Zomerdijk,1,doos,17.6
2025-02-20,BROOD01,Casinobrood 8 stuks,Bakkerij Zomerdijk,1,doos,17.6
2025-02-21,BROOD01,Casinobrood 8 stuks,Bakkerij Zomerdijk,1,doos,17.6
2025-02-22,BROOD01,Casinobrood 8 stuks,Bakkerij Zomerdijk,2,doos,35.2
2025-02-24,BROOD01,Casinobrood 8 stuks,Bakkerij Zomerdijk,1,doos,17.6
2025-02-25,BROOD01,Casinobrood 8 stuks,Bakkerij Zomerdijk,1,doos,17.6
2025-02-26,BROOD01,Casinobrood 8 stuks,Bakkerij Zomerdijk,1,doos,17.6
2025-02-27,BROOD01,Casinobrood 8 stuks,Bakkerij Zomerdijk,1,doos,17.6
2025-02-28,BROOD01,Casinobrood 8 stuks,Bakkerij Zomerdijk,1,doos,17.6
2025-03-01,BROOD01,Casinobrood 8 stuks,Bakkerij Zomerdijk,2,doos,35.2
2025-03-03,BROOD01,Casinobrood 8 stuks,Bakkerij Zomerdijk,1,doos,17.6
2025-03-05,BROOD01,Casinobrood 8 stuks,Bakkerij Zomerdijk,1,doos,17.6
2025-03-06,BROOD01,Casinobrood 8 stuks,Bakkerij Zomerdijk,1,doos,17.6
2025-03-07,BROOD01,Casinobrood 8 stuks,Bakkerij Zomerdijk,1,doos,17.6
2025-03-08,BROOD01,Casinobrood 8 stuks,Bakkerij Zomerdijk,3,doos,52.8
2025-03-11,BROOD01,Casinobrood 8 stuks,Bakkerij Zomerdijk,1,doos,17.6
2025-03-12,BROOD01,Casinobrood 8 stuks,Bakkerij Zomerdijk,1,doos,17.6
2025-03-14,BROOD01,Casinobrood 8 stuks,Bakkerij Zomerdijk,1,doos,17.6
2025-03-15,BROOD01,Casinobrood 8 stuks,Bakkerij Zomerdijk,2,doos,35.2
2025-03-17,BROOD01,Casinobrood 8 stuks,Bakkerij Zomerdijk,1,doos,17.6
2025-03-18,BROOD01,Casinobrood 8 stuks,Bakkerij Zomerdijk,1,doos,17.6
2025-03-19,BROOD01,Casinobrood 8 stuks,Bakkerij Zomerdijk,1,doos,17.6
2025-03-20,BROOD01,Casinobrood 8 stuks,Bakkerij Zomerdijk,1,doos,17.6
2025-03-21,BROOD01,Casinobrood 8 stuks,Bakkerij Zomerdijk,1,doos,17.6
2025-03-22,BROOD01,Casinobrood 8 stuks,Bakkerij Zomerdijk,2,doos,35.2
2025-03-25,BROOD01,Casinobrood 8 stuks,Bakkerij Zomerdijk,1,doos,17.6
2025-03-26,BROOD01,Casinobrood 8 stuks,Bakkerij Zomerdijk,1,doos,17.6
2025-03-27,BROOD01,Casinobrood 8 stuks,Bakkerij Zomerdijk,1,doos,17.6
2025-03-28,BROOD01,Casinobrood 8 stuks,Bakkerij Zomerdijk,1,doos,17.6
2025-03-29,BROOD01,Casinobrood 8 stuks,Bakkerij Zomerdijk,2,doos,35.2
2025-03-31,BROOD01,Casinobrood 8 stuks,Bakkerij Zomerdijk,2,doos,35.2
2025-04-01,BROOD01,Casinobrood 8 stuks,Bakkerij Zomerdijk,1,doos,17.6
2025-04-03,BROOD01,Casinobrood 8 stuks,Bakkerij Zomerdijk,1,doos,17.6
2025-04-04,BROOD01,Casinobrood 8 stuks,Bakkerij Zomerdijk,1,doos,17.6
2025-04-05,BROOD01,Casinobrood 8 stuks,Bakkerij Zomerdijk,3,doos,52.8
2025-04-08,BROOD01,Casinobrood 8 stuks,Bakkerij Zomerdijk,1,doos,17.6
2025-04-09,BROOD01,Casinobrood 8 stuks,Bakkerij Zomerdijk,1,doos,17.6
2025-04-10,BROOD01,Casinobrood 8 stuks,Bakkerij Zomerdijk,1,doos,17.6
2025-04-11,BROOD01,Casinobrood 8 stuks,Bakkerij Zomerdijk,1,doos,17.6
2025-04-12,BROOD01,Casinobrood 8 stuks,Bakkerij Zomerdijk,2,doos,35.2
2025-04-15,BROOD01,Casinobrood 8 stuks,Bakkerij Zomerdijk,1,doos,17.6
2025-04-16,BROOD01,Casinobrood 8 stuks,Bakkerij Zomerdijk,1,doos,17.6
2025-04-17,BROOD01,Casinobrood 8 stuks,Bakkerij Zomerdijk,2,doos,35.2
2025-04-18,BROOD01,Casinobrood 8 stuks,Bakkerij Zomerdijk,1,doos,17.6
2025-04-19,BROOD01,Casinobrood 8 stuks,Bakkerij Zomerdijk,3,doos,52.8
2025-04-21,BROOD01,Casinobrood 8 stuks,Bakkerij Zomerdijk,2,doos,35.2
2025-04-22,BROOD01,Casinobrood 8 stuks,Bakkerij Zomerdijk,1,doos,17.6
2025-04-23,BROOD01,Casinobrood 8 stuks,Bakkerij Zomerdijk,1,doos,17.6
2025-04-24,BROOD01,Casinobrood 8 stuks,Bakkerij Zomerdijk,1,doos,17.6
2025-04-25,BROOD01,Casinobrood 8 stuks,Bakkerij Zomerdijk,2,doos,35.2
2025-04-26,BROOD01,Casinobrood 8 stuks,Bakkerij Zomerdijk,3,doos,52.8
2025-04-29,BROOD01,Casinobrood 8 stuks,Bakkerij Zomerdijk,1,doos,17.6
2025-04-30,BROOD01,Casinobrood 8 stuks,Bakkerij Zomerdijk,1,doos,17.6
2025-05-01,BROOD01,Casinobrood 8 stuks,Bakkerij Zomerdijk,1,doos,17.6
2025-05-02,BROOD01,Casinobrood 8 stuks,Bakkerij Zomerdijk,2,doos,35.2
2025-05-03,BROOD01,Casinobrood 8 stuks,Bakkerij Zomerdijk,2,doos,35.2
2025-05-05,BROOD01,Casinobrood 8 stuks,Bakkerij Zomerdijk,1,doos,17.6
2025-05-06,BROOD01,Casinobrood 8 stuks,Bakkerij Zomerdijk,1,doos,17.6
2025-05-07,BROOD01,Casinobrood 8 stuks,Bakkerij Zomerdijk,1,doos,17.6
2025-05-08,BROOD01,Casinobrood 8 stuks,Bakkerij Zomerdijk,1,doos,17.6
2025-05-09,BROOD01,Casinobrood 8 stuks,Bakkerij Zomerdijk,2,doos,35.2
2025-05-10,BROOD01,Casinobrood 8 stuks,Bakkerij Zomerdijk,3,doos,52.8
2025-05-12,BROOD01,Casinobrood 8 stuks,Bakkerij Zomerdijk,2,doos,35.2
2025-05-13,BROOD01,Casinobrood 8 stuks,Bakkerij Zomerdijk,1,doos,17.6
2025-05-14,BROOD01,Casinobrood 8 stuks,Bakkerij Zomerdijk,1,doos,17.6
2025-05-15,BROOD01,Casinobrood 8 stuks,Bakkerij Zomerdijk,1,doos,17.6
2025-05-16,BROOD01,Casinobrood 8 stuks,Bakkerij Zomerdijk,2,doos,35.2
2025-05-17,BROOD01,Casinobrood 8 stuks,Bakkerij Zomerdijk,4,doos,70.4
2025-05-20,BROOD01,Casinobrood 8 stuks,Bakkerij Zomerdijk,1,doos,17.6
2025-05-21,BROOD01,Casinobrood 8 stuks,Bakkerij Zomerdijk,1,doos,17.6
2025-05-22,BROOD01,Casinobrood 8 stuks,Bakkerij Zomerdijk,1,doos,17.6
2025-05-23,BROOD01,Casinobrood 8 stuks,Bakkerij Zomerdijk,1,doos,17.6
2025-05-24,BROOD01,Casinobrood 8 stuks,Bakkerij Zomerdijk,4,doos,70.4
2025-05-26,BROOD01,Casinobrood 8 stuks,Bakkerij Zomerdijk,1,doos,17.6
2025-05-27,BROOD01,Casinobrood 8 stuks,Bakkerij Zomerdijk,1,doos,17.6
2025-05-28,BROOD01,Casinobrood 8 stuks,Bakkerij Zomerdijk,1,doos,17.6
2025-05-29,BROOD01,Casinobrood 8 stuks,Bakkerij Zomerdijk,2,doos,35.2
2025-05-30,BROOD01,Casinobrood 8 stuks,Bakkerij Zomerdijk,2,doos,35.2
2025-05-31,BROOD01,Casinobrood 8 stuks,Bakkerij Zomerdijk,4,doos,70.4
2025-06-03,BROOD01,Casinobrood 8 stuks,Bakkerij Zomerdijk,1,doos,17.6
2025-06-04,BROOD01,Casinobrood 8 stuks,Bakkerij Zomerdijk,1,doos,17.6
2025-06-05,BROOD01,Casinobrood 8 stuks,Bakkerij Zomerdijk,1,doos,17.6
2025-06-06,BROOD01,Casinobrood 8 stuks,Bakkerij Zomerdijk,2,doos,35.2
2025-06-07,BROOD01,Casinobrood 8 stuks,Bakkerij Zomerdijk,3,doos,52.8
2025-06-09,BROOD01,Casinobrood 8 stuks,Bakkerij Zomerdijk,1,doos,17.6
2025-06-10,BROOD01,Casinobrood 8 stuks,Bakkerij Zomerdijk,2,doos,35.2
2025-06-11,BROOD01,Casinobrood 8 stuks,Bakkerij Zomerdijk,2,doos,35.2
2025-06-12,BROOD01,Casinobrood 8 stuks,Bakkerij Zomerdijk,2,doos,35.2
2025-06-13,BROOD01,Casinobrood 8 stuks,Bakkerij Zomerdijk,2,doos,35.2
2025-06-14,BROOD01,Casinobrood 8 stuks,Bakkerij Zomerdijk,4,doos,70.4
2025-06-16,BROOD01,Casinobrood 8 stuks,Bakkerij Zomerdijk,1,doos,17.6
2025-06-17,BROOD01,Casinobrood 8 stuks,Bakkerij Zomerdijk,1,doos,17.6
2025-06-18,BROOD01,Casinobrood 8 stuks,Bakkerij Zomerdijk,1,doos,17.6
2025-06-19,BROOD01,Casinobrood 8 stuks,Bakkerij Zomerdijk,2,doos,35.2
2025-06-20,BROOD01,Casinobrood 8 stuks,Bakkerij Zomerdijk,2,doos,35.2
2025-06-21,BROOD01,Casinobrood 8 stuks,Bakkerij Zomerdijk,4,doos,70.4
2025-06-23,BROOD01,Casinobrood 8 stuks,Bakkerij Zomerdijk,1,doos,17.6
2025-06-24,BROOD01,Casinobrood 8 stuks,Bakkerij Zomerdijk,1,doos,17.6
2025-06-25,BROOD01,Casinobrood 8 stuks,Bakkerij Zomerdijk,2,doos,35.2
2025-06-26,BROOD01,Casinobrood 8 stuks,Bakkerij Zomerdijk,2,doos,35.2
2025-06-27,BROOD01,Casinobrood 8 stuks,Bakkerij Zomerdijk,2,doos,35.2
2025-06-28,BROOD01,Casinobrood 8 stuks,Bakkerij Zomerdijk,4,doos,70.4
2025-06-30,BROOD01,Casinobrood 8 stuks,Bakkerij Zomerdijk,1,doos,17.6
2025-07-01,BROOD01,Casinobrood 8 stuks,Bakkerij Zomerdijk,1,doos,17.6
2025-07-02,BROOD01,Casinobrood 8 stuks,Bakkerij Zomerdijk,1,doos,17.6
2025-07-03,BROOD01,Casinobrood 8 stuks,Bakkerij Zomerdijk,1,doos,17.6
2025-07-04,BROOD01,Casinobrood 8 stuks,Bakkerij Zomerdijk,2,doos,35.2
2025-07-05,BROOD01,Casinobrood 8 stuks,Bakkerij Zomerdijk,4,doos,70.4
2025-07-08,BROOD01,Casinobrood 8 stuks,Bakkerij Zomerdijk,2,doos,35.2
2025-07-09,BROOD01,Casinobrood 8 stuks,Bakkerij Zomerdijk,1,doos,17.6
2025-07-10,BROOD01,Casinobrood 8 stuks,Bakkerij Zomerdijk,2,doos,35.2
2025-07-11,BROOD01,Casinobrood 8 stuks,Bakkerij Zomerdijk,2,doos,35.2
2025-07-12,BROOD01,Casinobrood 8 stuks,Bakkerij Zomerdijk,5,doos,88.0
2025-07-14,BROOD01,Casinobrood 8 stuks,Bakkerij Zomerdijk,1,doos,17.6
2025-07-15,BROOD01,Casinobrood 8 stuks,Bakkerij Zomerdijk,1,doos,17.6
2025-07-16,BROOD01,Casinobrood 8 stuks,Bakkerij Zomerdijk,1,doos,17.6
2025-07-17,BROOD01,Casinobrood 8 stuks,Bakkerij Zomerdijk,2,doos,35.2
2025-07-18,BROOD01,Casinobrood 8 stuks,Bakkerij Zomerdijk,2,doos,35.2
2025-07-19,BROOD01,Casinobrood 8 stuks,Bakkerij Zomerdijk,5,doos,88.0
2025-07-22,BROOD01,Casinobrood 8 stuks,Bakkerij Zomerdijk,1,doos,17.6
2025-07-23,BROOD01,Casinobrood 8 stuks,Bakkerij Zomerdijk,2,doos,35.2
2025-07-24,BROOD01,Casinobrood 8 stuks,Bakkerij Zomerdijk,1,doos,17.6
2025-07-25,BROOD01,Casinobrood 8 stuks,Bakkerij Zomerdijk,3,doos,52.8
2025-07-26,BROOD01,Casinobrood 8 stuks,Bakkerij Zomerdijk,3,doos,52.8
2025-07-28,BROOD01,Casinobrood 8 stuks,Bakkerij Zomerdijk,2,doos,35.2
2025-07-29,BROOD01,Casinobrood 8 stuks,Bakkerij Zomerdijk,1,doos,17.6
2025-07-30,BROOD01,Casinobrood 8 stuks,Bakkerij Zomerdijk,2,doos,35.2
2025-07-31,BROOD01,Casinobrood 8 stuks,Bakkerij Zomerdijk,2,doos,35.2
2025-08-01,BROOD01,Casinobrood 8 stuks,Bakkerij Zomerdijk,2,doos,35.2
2025-08-02,BROOD01,Casinobrood 8 stuks,Bakkerij Zomerdijk,5,doos,88.0
2025-08-05,BROOD01,Casinobrood 8 stuks,Bakkerij Zomerdijk,2,doos,35.2
2025-08-06,BROOD01,Casinobrood 8 stuks,Bakkerij Zomerdijk,1,doos,17.6
2025-08-07,BROOD01,Casinobrood 8 stuks,Bakkerij Zomerdijk,2,doos,35.2
2025-08-08,BROOD01,Casinobrood 8 stuks,Bakkerij Zomerdijk,2,doos,35.2
2025-08-09,BROOD01,Casinobrood 8 stuks,Bakkerij Zomerdijk,4,doos,70.4
2025-08-12,BROOD01,Casinobrood 8 stuks,Bakkerij Zomerdijk,1,doos,17.6
2025-08-13,BROOD01,Casinobrood 8 stuks,Bakkerij Zomerdijk,2,doos,35.2
2025-08-14,BROOD01,Casinobrood 8 stuks,Bakkerij Zomerdijk,2,doos,35.2
2025-08-15,BROOD01,Casinobrood 8 stuks,Bakkerij Zomerdijk,1,doos,17.6
2025-08-16,BROOD01,Casinobrood 8 stuks,Bakkerij Zomerdijk,3,doos,52.8
2025-08-18,BROOD01,Casinobrood 8 stuks,Bakkerij Zomerdijk,1,doos,17.6
2025-08-19,BROOD01,Casinobrood 8 stuks,Bakkerij Zomerdijk,1,doos,17.6
2025-08-20,BROOD01,Casinobrood 8 stuks,Bakkerij Zomerdijk,1,doos,17.6
2025-08-21,BROOD01,Casinobrood 8 stuks,Bakkerij Zomerdijk,1,doos,17.6
2025-08-22,BROOD01,Casinobrood 8 stuks,Bakkerij Zomerdijk,2,doos,35.2
2025-08-23,BROOD01,Casinobrood 8 stuks,Bakkerij Zomerdijk,4,doos,70.4
2025-08-27,BROOD01,Casinobrood 8 stuks,Bakkerij Zomerdijk,3,doos,52.8
2025-08-28,BROOD01,Casinobrood 8 stuks,Bakkerij Zomerdijk,1,doos,17.6
2025-08-29,BROOD01,Casinobrood 8 stuks,Bakkerij Zomerdijk,2,doos,35.2
2025-08-30,BROOD01,Casinobrood 8 stuks,Bakkerij Zomerdijk,4,doos,70.4
2025-09-02,BROOD01,Casinobrood 8 stuks,Bakkerij Zomerdijk,1,doos,17.6
2025-09-03,BROOD01,Casinobrood 8 stuks,Bakkerij Zomerdijk,1,doos,17.6
2025-09-04,BROOD01,Casinobrood 8 stuks,Bakkerij Zomerdijk,2,doos,35.2
2025-09-05,BROOD01,Casinobrood 8 stuks,Bakkerij Zomerdijk,1,doos,17.6
2025-09-06,BROOD01,Casinobrood 8 stuks,Bakkerij Zomerdijk,3,doos,52.8
2025-09-08,BROOD01,Casinobrood 8 stuks,Bakkerij Zomerdijk,1,doos,17.6
2025-09-09,BROOD01,Casinobrood 8 stuks,Bakkerij Zomerdijk,2,doos,35.2
2025-09-10,BROOD01,Casinobrood 8 stuks,Bakkerij Zomerdijk,1,doos,17.6
2025-09-11,BROOD01,Casinobrood 8 stuks,Bakkerij Zomerdijk,1,doos,17.6
2025-09-12,BROOD01,Casinobrood 8 stuks,Bakkerij Zomerdijk,1,doos,17.6
2025-09-13,BROOD01,Casinobrood 8 stuks,Bakkerij Zomerdijk,4,doos,70.4
2025-09-15,BROOD01,Casinobrood 8 stuks,Bakkerij Zomerdijk,1,doos,17.6
2025-09-16,BROOD01,Casinobrood 8 stuks,Bakkerij Zomerdijk,2,doos,35.2
2025-09-17,BROOD01,Casinobrood 8 stuks,Bakkerij Zomerdijk,1,doos,17.6
2025-09-18,BROOD01,Casinobrood 8 stuks,Bakkerij Zomerdijk,1,doos,17.6
2025-09-19,BROOD01,Casinobrood 8 stuks,Bakkerij Zomerdijk,2,doos,35.2
2025-09-20,BROOD01,Casinobrood 8 stuks,Bakkerij Zomerdijk,3,doos,52.8
2025-09-23,BROOD01,Casinobrood 8 stuks,Bakkerij Zomerdijk,1,doos,17.6
2025-09-24,BROOD01,Casinobrood 8 stuks,Bakkerij Zomerdijk,1,doos,17.6
2025-09-25,BROOD01,Casinobrood 8 stuks,Bakkerij Zomerdijk,1,doos,17.6
2025-09-26,BROOD01,Casinobrood 8 stuks,Bakkerij Zomerdijk,2,doos,35.2
2025-09-27,BROOD01,Casinobrood 8 stuks,Bakkerij Zomerdijk,4,doos,70.4
2025-09-30,BROOD01,Casinobrood 8 stuks,Bakkerij Zomerdijk,1,doos,17.6
2025-10-01,BROOD01,Casinobrood 8 stuks,Bakkerij Zomerdijk,2,doos,35.2
2025-10-03,BROOD01,Casinobrood 8 stuks,Bakkerij Zomerdijk,1,doos,17.6
2025-10-04,BROOD01,Casinobrood 8 stuks,Bakkerij Zomerdijk,2,doos,35.2
2025-10-06,BROOD01,Casinobrood 8 stuks,Bakkerij Zomerdijk,1,doos,17.6
2025-10-07,BROOD01,Casinobrood 8 stuks,Bakkerij Zomerdijk,1,doos,17.6
2025-10-08,BROOD01,Casinobrood 8 stuks,Bakkerij Zomerdijk,1,doos,17.6
2025-10-09,BROOD01,Casinobrood 8 stuks,Bakkerij Zomerdijk,1,doos,17.6
2025-10-10,BROOD01,Casinobrood 8 stuks,Bakkerij Zomerdijk,1,doos,17.6
2025-10-11,BROOD01,Casinobrood 8 stuks,Bakkerij Zomerdijk,3,doos,52.8
2025-10-13,BROOD01,Casinobrood 8 stuks,Bakkerij Zomerdijk,1,doos,17.6
2025-10-14,BROOD01,Casinobrood 8 stuks,Bakkerij Zomerdijk,1,doos,17.6
2025-10-15,BROOD01,Casinobrood 8 stuks,Bakkerij Zomerdijk,1,doos,17.6
2025-10-16,BROOD01,Casinobrood 8 stuks,Bakkerij Zomerdijk,1,doos,17.6
2025-10-17,BROOD01,Casinobrood 8 stuks,Bakkerij Zomerdijk,1,doos,17.6
2025-10-18,BROOD01,Casinobrood 8 stuks,Bakkerij Zomerdijk,3,doos,52.8
2025-10-20,BROOD01,Casinobrood 8 stuks,Bakkerij Zomerdijk,1,doos,17.6
2025-10-21,BROOD01,Casinobrood 8 stuks,Bakkerij Zomerdijk,1,doos,17.6
2025-10-22,BROOD01,Casinobrood 8 stuks,Bakkerij Zomerdijk,1,doos,17.6
2025-10-23,BROOD01,Casinobrood 8 stuks,Bakkerij Zomerdijk,1,doos,17.6
2025-10-24,BROOD01,Casinobrood 8 stuks,Bakkerij Zomerdijk,1,doos,17.6
2025-10-25,BROOD01,Casinobrood 8 stuks,Bakkerij Zomerdijk,2,doos,35.2
2025-10-28,BROOD01,Casinobrood 8 stuks,Bakkerij Zomerdijk,1,doos,17.6
2025-10-29,BROOD01,Casinobrood 8 stuks,Bakkerij Zomerdijk,1,doos,17.6
2025-10-30,BROOD01,Casinobrood 8 stuks,Bakkerij Zomerdijk,1,doos,17.6
2025-10-31,BROOD01,Casinobrood 8 stuks,Bakkerij Zomerdijk,2,doos,35.2
2025-11-01,BROOD01,Casinobrood 8 stuks,Bakkerij Zomerdijk,3,doos,52.8
2025-11-04,BROOD01,Casinobrood 8 stuks,Bakkerij Zomerdijk,1,doos,17.6
2025-11-05,BROOD01,Casinobrood 8 stuks,Bakkerij Zomerdijk,1,doos,17.6
2025-11-06,BROOD01,Casinobrood 8 stuks,Bakkerij Zomerdijk,1,doos,17.6
2025-11-07,BROOD01,Casinobrood 8 stuks,Bakkerij Zomerdijk,1,doos,17.6
2025-11-08,BROOD01,Casinobrood 8 stuks,Bakkerij Zomerdijk,2,doos,35.2
2025-11-10,BROOD01,Casinobrood 8 stuks,Bakkerij Zomerdijk,1,doos,17.6
2025-11-11,BROOD01,Casinobrood 8 stuks,Bakkerij Zomerdijk,1,doos,17.6
2025-11-12,BROOD01,Casinobrood 8 stuks,Bakkerij Zomerdijk,1,doos,17.6
2025-11-13,BROOD01,Casinobrood 8 stuks,Bakkerij Zomerdijk,1,doos,17.6
2025-11-14,BROOD01,Casinobrood 8 stuks,Bakkerij Zomerdijk,1,doos,17.6
2025-11-15,BROOD01,Casinobrood 8 stuks,Bakkerij Zomerdijk,2,doos,35.2
2025-11-17,BROOD01,Casinobrood 8 stuks,Bakkerij Zomerdijk,1,doos,17.6
2025-11-18,BROOD01,Casinobrood 8 stuks,Bakkerij Zomerdijk,1,doos,17.6
2025-11-19,BROOD01,Casinobrood 8 stuks,Bakkerij Zomerdijk,1,doos,17.6
2025-11-20,BROOD01,Casinobrood 8 stuks,Bakkerij Zomerdijk,1,doos,17.6
2025-11-21,BROOD01,Casinobrood 8 stuks,Bakkerij Zomerdijk,1,doos,17.6
2025-11-22,BROOD01,Casinobrood 8 stuks,Bakkerij Zomerdijk,3,doos,52.8
2025-11-25,BROOD01,Casinobrood 8 stuks,Bakkerij Zomerdijk,1,doos,17.6
2025-11-26,BROOD01,Casinobrood 8 stuks,Bakkerij Zomerdijk,1,doos,17.6
2025-11-27,BROOD01,Casinobrood 8 stuks,Bakkerij Zomerdijk,1,doos,17.6
2025-11-28,BROOD01,Casinobrood 8 stuks,Bakkerij Zomerdijk,1,doos,17.6
2025-11-29,BROOD01,Casinobrood 8 stuks,Bakkerij Zomerdijk,3,doos,52.8
2025-12-03,BROOD01,Casinobrood 8 stuks,Bakkerij Zomerdijk,2,doos,35.2
2025-12-04,BROOD01,Casinobrood 8 stuks,Bakkerij Zomerdijk,1,doos,17.6
2025-12-05,BROOD01,Casinobrood 8 stuks,Bakkerij Zomerdijk,1,doos,17.6
2025-12-06,BROOD01,Casinobrood 8 stuks,Bakkerij Zomerdijk,3,doos,52.8
2025-12-08,BROOD01,Casinobrood 8 stuks,Bakkerij Zomerdijk,1,doos,17.6
2025-12-09,BROOD01,Casinobrood 8 stuks,Bakkerij Zomerdijk,1,doos,17.6
2025-12-10,BROOD01,Casinobrood 8 stuks,Bakkerij Zomerdijk,1,doos,17.6
2025-12-11,BROOD01,Casinobrood 8 stuks,Bakkerij Zomerdijk,1,doos,17.6
2025-12-12,BROOD01,Casinobrood 8 stuks,Bakkerij Zomerdijk,1,doos,17.6
2025-12-13,BROOD01,Casinobrood 8 stuks,Bakkerij Zomerdijk,3,doos,52.8
2025-12-17,BROOD01,Casinobrood 8 stuks,Bakkerij Zomerdijk,2,doos,35.2
2025-12-19,BROOD01,Casinobrood 8 stuks,Bakkerij Zomerdijk,2,doos,35.2
2025-12-20,BROOD01,Casinobrood 8 stuks,Bakkerij Zomerdijk,2,doos,35.2
2025-12-22,BROOD01,Casinobrood 8 stuks,Bakkerij Zomerdijk,1,doos,17.6
2025-12-23,BROOD01,Casinobrood 8 stuks,Bakkerij Zomerdijk,1,doos,17.6
2025-12-25,BROOD01,Casinobrood 8 stuks,Bakkerij Zomerdijk,1,doos,17.6
2025-12-26,BROOD01,Casinobrood 8 stuks,Bakkerij Zomerdijk,2,doos,35.2
2025-12-27,BROOD01,Casinobrood 8 stuks,Bakkerij Zomerdijk,2,doos,35.2
2025-12-30,BROOD01,Casinobrood 8 stuks,Bakkerij Zomerdijk,1,doos,17.6
2025-12-31,BROOD01,Casinobrood 8 stuks,Bakkerij Zomerdijk,1,doos,17.6
2026-01-02,BROOD01,Casinobrood 8 stuks,Bakkerij Zomerdijk,1,doos,17.6
2026-01-03,BROOD01,Casinobrood 8 stuks,Bakkerij Zomerdijk,2,doos,35.2
2026-01-07,BROOD01,Casinobrood 8 stuks,Bakkerij Zomerdijk,2,doos,35.2
2026-01-08,BROOD01,Casinobrood 8 stuks,Bakkerij Zomerdijk,1,doos,17.6
2026-01-10,BROOD01,Casinobrood 8 stuks,Bakkerij Zomerdijk,2,doos,35.2
2026-01-13,BROOD01,Casinobrood 8 stuks,Bakkerij Zomerdijk,1,doos,17.6
2026-01-15,BROOD01,Casinobrood 8 stuks,Bakkerij Zomerdijk,1,doos,17.6
2026-01-16,BROOD01,Casinobrood 8 stuks,Bakkerij Zomerdijk,1,doos,17.6
2026-01-17,BROOD01,Casinobrood 8 stuks,Bakkerij Zomerdijk,2,doos,35.2
2026-01-20,BROOD01,Casinobrood 8 stuks,Bakkerij Zomerdijk,1,doos,17.6
2026-01-21,BROOD01,Casinobrood 8 stuks,Bakkerij Zomerdijk,1,doos,17.6
2026-01-23,BROOD01,Casinobrood 8 stuks,Bakkerij Zomerdijk,1,doos,17.6
2026-01-24,BROOD01,Casinobrood 8 stuks,Bakkerij Zomerdijk,2,doos,35.2
2026-01-27,BROOD01,Casinobrood 8 stuks,Bakkerij Zomerdijk,1,doos,17.6
2026-01-29,BROOD01,Casinobrood 8 stuks,Bakkerij Zomerdijk,1,doos,17.6
2026-01-30,BROOD01,Casinobrood 8 stuks,Bakkerij Zomerdijk,2,doos,35.2
2026-01-31,BROOD01,Casinobrood 8 stuks,Bakkerij Zomerdijk,1,doos,17.6
2026-02-02,BROOD01,Casinobrood 8 stuks,Bakkerij Zomerdijk,1,doos,17.6
2026-02-03,BROOD01,Casinobrood 8 stuks,Bakkerij Zomerdijk,1,doos,17.6
2026-02-04,BROOD01,Casinobrood 8 stuks,Bakkerij Zomerdijk,1,doos,17.6
2026-02-05,BROOD01,Casinobrood 8 stuks,Bakkerij Zomerdijk,1,doos,17.6
2026-02-07,BROOD01,Casinobrood 8 stuks,Bakkerij Zomerdijk,3,doos,52.8
2026-02-10,BROOD01,Casinobrood 8 stuks,Bakkerij Zomerdijk,1,doos,17.6
2026-02-11,BROOD01,Casinobrood 8 stuks,Bakkerij Zomerdijk,1,doos,17.6
2026-02-12,BROOD01,Casinobrood 8 stuks,Bakkerij Zomerdijk,1,doos,17.6
2026-02-14,BROOD01,Casinobrood 8 stuks,Bakkerij Zomerdijk,3,doos,52.8
2026-02-17,BROOD01,Casinobrood 8 stuks,Bakkerij Zomerdijk,1,doos,17.6
2026-02-18,BROOD01,Casinobrood 8 stuks,Bakkerij Zomerdijk,1,doos,17.6
2026-02-20,BROOD01,Casinobrood 8 stuks,Bakkerij Zomerdijk,2,doos,35.2
2026-02-21,BROOD01,Casinobrood 8 stuks,Bakkerij Zomerdijk,2,doos,35.2
2026-02-24,BROOD01,Casinobrood 8 stuks,Bakkerij Zomerdijk,1,doos,17.6
2026-02-25,BROOD01,Casinobrood 8 stuks,Bakkerij Zomerdijk,1,doos,17.6
2026-02-26,BROOD01,Casinobrood 8 stuks,Bakkerij Zomerdijk,1,doos,17.6
2026-02-27,BROOD01,Casinobrood 8 stuks,Bakkerij Zomerdijk,1,doos,17.6
2026-02-28,BROOD01,Casinobrood 8 stuks,Bakkerij Zomerdijk,2,doos,35.2
2026-03-03,BROOD01,Casinobrood 8 stuks,Bakkerij Zomerdijk,1,doos,17.6
2026-03-04,BROOD01,Casinobrood 8 stuks,Bakkerij Zomerdijk,1,doos,17.6
2026-03-05,BROOD01,Casinobrood 8 stuks,Bakkerij Zomerdijk,1,doos,17.6
2026-03-07,BROOD01,Casinobrood 8 stuks,Bakkerij Zomerdijk,2,doos,35.2
2026-03-09,BROOD01,Casinobrood 8 stuks,Bakkerij Zomerdijk,1,doos,17.6
2026-03-10,BROOD01,Casinobrood 8 stuks,Bakkerij Zomerdijk,2,doos,35.2
2026-03-11,BROOD01,Casinobrood 8 stuks,Bakkerij Zomerdijk,1,doos,17.6
2026-03-12,BROOD01,Casinobrood 8 stuks,Bakkerij Zomerdijk,1,doos,17.6
2026-03-14,BROOD01,Casinobrood 8 stuks,Bakkerij Zomerdijk,3,doos,52.8
2026-03-18,BROOD01,Casinobrood 8 stuks,Bakkerij Zomerdijk,2,doos,35.2
2026-03-19,BROOD01,Casinobrood 8 stuks,Bakkerij Zomerdijk,1,doos,17.6
2026-03-20,BROOD01,Casinobrood 8 stuks,Bakkerij Zomerdijk,1,doos,17.6
2026-03-21,BROOD01,Casinobrood 8 stuks,Bakkerij Zomerdijk,2,doos,35.2
2026-03-23,BROOD01,Casinobrood 8 stuks,Bakkerij Zomerdijk,1,doos,17.6
2026-03-24,BROOD01,Casinobrood 8 stuks,Bakkerij Zomerdijk,1,doos,17.6
2026-03-25,BROOD01,Casinobrood 8 stuks,Bakkerij Zomerdijk,1,doos,17.6
2026-03-27,BROOD01,Casinobrood 8 stuks,Bakkerij Zomerdijk,2,doos,35.2
2026-03-28,BROOD01,Casinobrood 8 stuks,Bakkerij Zomerdijk,3,doos,52.8
2026-03-30,BROOD01,Casinobrood 8 stuks,Bakkerij Zomerdijk,1,doos,17.6
2026-03-31,BROOD01,Casinobrood 8 stuks,Bakkerij Zomerdijk,1,doos,17.6
2026-04-01,BROOD01,Casinobrood 8 stuks,Bakkerij Zomerdijk,1,doos,17.6
2026-04-02,BROOD01,Casinobrood 8 stuks,Bakkerij Zomerdijk,1,doos,17.6
2026-04-03,BROOD01,Casinobrood 8 stuks,Bakkerij Zomerdijk,1,doos,17.6
2026-04-04,BROOD01,Casinobrood 8 stuks,Bakkerij Zomerdijk,3,doos,52.8
2026-04-07,BROOD01,Casinobrood 8 stuks,Bakkerij Zomerdijk,1,doos,17.6
2026-04-08,BROOD01,Casinobrood 8 stuks,Bakkerij Zomerdijk,1,doos,17.6
2026-04-09,BROOD01,Casinobrood 8 stuks,Bakkerij Zomerdijk,1,doos,17.6
2026-04-10,BROOD01,Casinobrood 8 stuks,Bakkerij Zomerdijk,2,doos,35.2
2026-04-11,BROOD01,Casinobrood 8 stuks,Bakkerij Zomerdijk,2,doos,35.2
2026-04-13,BROOD01,Casinobrood 8 stuks,Bakkerij Zomerdijk,1,doos,17.6
2026-04-14,BROOD01,Casinobrood 8 stuks,Bakkerij Zomerdijk,1,doos,17.6
2026-04-15,BROOD01,Casinobrood 8 stuks,Bakkerij Zomerdijk,1,doos,17.6
2026-04-16,BROOD01,Casinobrood 8 stuks,Bakkerij Zomerdijk,1,doos,17.6
2026-04-17,BROOD01,Casinobrood 8 stuks,Bakkerij Zomerdijk,2,doos,35.2
2026-04-18,BROOD01,Casinobrood 8 stuks,Bakkerij Zomerdijk,3,doos,52.8
2026-04-20,BROOD01,Casinobrood 8 stuks,Bakkerij Zomerdijk,1,doos,17.6
2026-04-21,BROOD01,Casinobrood 8 stuks,Bakkerij Zomerdijk,1,doos,17.6
2026-04-22,BROOD01,Casinobrood 8 stuks,Bakkerij Zomerdijk,1,doos,17.6
2026-04-23,BROOD01,Casinobrood 8 stuks,Bakkerij Zomerdijk,1,doos,17.6
2026-04-24,BROOD01,Casinobrood 8 stuks,Bakkerij Zomerdijk,2,doos,35.2
2026-04-25,BROOD01,Casinobrood 8 stuks,Bakkerij Zomerdijk,3,doos,52.8
2026-04-27,BROOD01,Casinobrood 8 stuks,Bakkerij Zomerdijk,1,doos,17.6
2026-04-28,BROOD01,Casinobrood 8 stuks,Bakkerij Zomerdijk,1,doos,17.6
2026-04-29,BROOD01,Casinobrood 8 stuks,Bakkerij Zomerdijk,1,doos,17.6
2026-04-30,BROOD01,Casinobrood 8 stuks,Bakkerij Zomerdijk,1,doos,17.6
2026-05-01,BROOD01,Casinobrood 8 stuks,Bakkerij Zomerdijk,2,doos,35.2
2026-05-02,BROOD01,Casinobrood 8 stuks,Bakkerij Zomerdijk,2,doos,35.2
2026-05-04,BROOD01,Casinobrood 8 stuks,Bakkerij Zomerdijk,1,doos,17.6
2026-05-05,BROOD01,Casinobrood 8 stuks,Bakkerij Zomerdijk,1,doos,17.6
2026-05-06,BROOD01,Casinobrood 8 stuks,Bakkerij Zomerdijk,2,doos,35.2
2026-05-07,BROOD01,Casinobrood 8 stuks,Bakkerij Zomerdijk,1,doos,17.6
2026-05-08,BROOD01,Casinobrood 8 stuks,Bakkerij Zomerdijk,1,doos,17.6
2026-05-09,BROOD01,Casinobrood 8 stuks,Bakkerij Zomerdijk,2,doos,35.2
2026-05-11,BROOD01,Casinobrood 8 stuks,Bakkerij Zomerdijk,1,doos,17.6
2026-05-12,BROOD01,Casinobrood 8 stuks,Bakkerij Zomerdijk,1,doos,17.6
2026-05-13,BROOD01,Casinobrood 8 stuks,Bakkerij Zomerdijk,2,doos,35.2
2026-05-14,BROOD01,Casinobrood 8 stuks,Bakkerij Zomerdijk,1,doos,17.6
2026-05-15,BROOD01,Casinobrood 8 stuks,Bakkerij Zomerdijk,2,doos,35.2
2026-05-16,BROOD01,Casinobrood 8 stuks,Bakkerij Zomerdijk,3,doos,52.8
2026-05-18,BROOD01,Casinobrood 8 stuks,Bakkerij Zomerdijk,1,doos,17.6
2026-05-19,BROOD01,Casinobrood 8 stuks,Bakkerij Zomerdijk,1,doos,17.6
2026-05-20,BROOD01,Casinobrood 8 stuks,Bakkerij Zomerdijk,1,doos,17.6
2026-05-21,BROOD01,Casinobrood 8 stuks,Bakkerij Zomerdijk,1,doos,17.6
2026-05-22,BROOD01,Casinobrood 8 stuks,Bakkerij Zomerdijk,2,doos,35.2
2026-05-23,BROOD01,Casinobrood 8 stuks,Bakkerij Zomerdijk,3,doos,52.8
2026-05-26,BROOD01,Casinobrood 8 stuks,Bakkerij Zomerdijk,1,doos,17.6
2026-05-27,BROOD01,Casinobrood 8 stuks,Bakkerij Zomerdijk,1,doos,17.6
2026-05-28,BROOD01,Casinobrood 8 stuks,Bakkerij Zomerdijk,2,doos,35.2
2026-05-29,BROOD01,Casinobrood 8 stuks,Bakkerij Zomerdijk,2,doos,35.2
2026-05-30,BROOD01,Casinobrood 8 stuks,Bakkerij Zomerdijk,3,doos,52.8
2026-06-01,BROOD01,Casinobrood 8 stuks,Bakkerij Zomerdijk,1,doos,17.6
2026-06-02,BROOD01,Casinobrood 8 stuks,Bakkerij Zomerdijk,2,doos,35.2
2026-06-03,BROOD01,Casinobrood 8 stuks,Bakkerij Zomerdijk,1,doos,17.6
2026-06-04,BROOD01,Casinobrood 8 stuks,Bakkerij Zomerdijk,1,doos,17.6
2026-06-05,BROOD01,Casinobrood 8 stuks,Bakkerij Zomerdijk,2,doos,35.2
2026-06-06,BROOD01,Casinobrood 8 stuks,Bakkerij Zomerdijk,4,doos,70.4
2026-06-08,BROOD01,Casinobrood 8 stuks,Bakkerij Zomerdijk,1,doos,17.6
2026-06-09,BROOD01,Casinobrood 8 stuks,Bakkerij Zomerdijk,2,doos,35.2
2026-06-10,BROOD01,Casinobrood 8 stuks,Bakkerij Zomerdijk,2,doos,35.2
2026-06-11,BROOD01,Casinobrood 8 stuks,Bakkerij Zomerdijk,1,doos,17.6
2026-06-12,BROOD01,Casinobrood 8 stuks,Bakkerij Zomerdijk,2,doos,35.2
2026-06-13,BROOD01,Casinobrood 8 stuks,Bakkerij Zomerdijk,4,doos,70.4
2026-06-15,BROOD01,Casinobrood 8 stuks,Bakkerij Zomerdijk,2,doos,35.2
2026-06-16,BROOD01,Casinobrood 8 stuks,Bakkerij Zomerdijk,1,doos,17.6
2026-06-17,BROOD01,Casinobrood 8 stuks,Bakkerij Zomerdijk,2,doos,35.2
2026-06-18,BROOD01,Casinobrood 8 stuks,Bakkerij Zomerdijk,2,doos,35.2
2026-06-19,BROOD01,Casinobrood 8 stuks,Bakkerij Zomerdijk,1,doos,17.6
2026-06-20,BROOD01,Casinobrood 8 stuks,Bakkerij Zomerdijk,3,doos,52.8
2026-06-22,BROOD01,Casinobrood 8 stuks,Bakkerij Zomerdijk,1,doos,17.6
2026-06-23,BROOD01,Casinobrood 8 stuks,Bakkerij Zomerdijk,2,doos,35.2
2026-06-24,BROOD01,Casinobrood 8 stuks,Bakkerij Zomerdijk,1,doos,17.6
2026-06-25,BROOD01,Casinobrood 8 stuks,Bakkerij Zomerdijk,2,doos,35.2
2026-06-26,BROOD01,Casinobrood 8 stuks,Bakkerij Zomerdijk,2,doos,35.2
2026-06-27,BROOD01,Casinobrood 8 stuks,Bakkerij Zomerdijk,4,doos,70.4
2026-06-30,BROOD01,Casinobrood 8 stuks,Bakkerij Zomerdijk,1,doos,17.6
2026-07-01,BROOD01,Casinobrood 8 stuks,Bakkerij Zomerdijk,2,doos,35.2
2026-07-02,BROOD01,Casinobrood 8 stuks,Bakkerij Zomerdijk,1,doos,17.6
2026-07-03,BROOD01,Casinobrood 8 stuks,Bakkerij Zomerdijk,3,doos,52.8
2026-07-04,BROOD01,Casinobrood 8 stuks,Bakkerij Zomerdijk,4,doos,70.4
2026-07-06,BROOD01,Casinobrood 8 stuks,Bakkerij Zomerdijk,1,doos,17.6
2026-07-07,BROOD01,Casinobrood 8 stuks,Bakkerij Zomerdijk,2,doos,35.2
2026-07-08,BROOD01,Casinobrood 8 stuks,Bakkerij Zomerdijk,1,doos,17.6
2026-07-09,BROOD01,Casinobrood 8 stuks,Bakkerij Zomerdijk,2,doos,35.2
2026-07-10,BROOD01,Casinobrood 8 stuks,Bakkerij Zomerdijk,2,doos,35.2
2026-07-11,BROOD01,Casinobrood 8 stuks,Bakkerij Zomerdijk,5,doos,88.0
2026-07-14,BROOD01,Casinobrood 8 stuks,Bakkerij Zomerdijk,1,doos,17.6
2026-07-15,BROOD01,Casinobrood 8 stuks,Bakkerij Zomerdijk,2,doos,35.2
2026-07-16,BROOD01,Casinobrood 8 stuks,Bakkerij Zomerdijk,1,doos,17.6
2026-07-17,BROOD01,Casinobrood 8 stuks,Bakkerij Zomerdijk,3,doos,52.8
2026-07-18,BROOD01,Casinobrood 8 stuks,Bakkerij Zomerdijk,4,doos,70.4
2026-07-20,BROOD01,Casinobrood 8 stuks,Bakkerij Zomerdijk,2,doos,35.2
2026-07-21,BROOD01,Casinobrood 8 stuks,Bakkerij Zomerdijk,1,doos,17.6
2026-07-22,BROOD01,Casinobrood 8 stuks,Bakkerij Zomerdijk,1,doos,17.6
2026-07-23,BROOD01,Casinobrood 8 stuks,Bakkerij Zomerdijk,2,doos,35.2
2026-07-24,BROOD01,Casinobrood 8 stuks,Bakkerij Zomerdijk,2,doos,35.2
2026-07-25,BROOD01,Casinobrood 8 stuks,Bakkerij Zomerdijk,4,doos,70.4
2026-07-28,BROOD01,Casinobrood 8 stuks,Bakkerij Zomerdijk,2,doos,35.2
2026-07-29,BROOD01,Casinobrood 8 stuks,Bakkerij Zomerdijk,1,doos,17.6
2026-07-30,BROOD01,Casinobrood 8 stuks,Bakkerij Zomerdijk,2,doos,35.2
2026-07-31,BROOD01,Casinobrood 8 stuks,Bakkerij Zomerdijk,2,doos,35.2
2026-08-01,BROOD01,Casinobrood 8 stuks,Bakkerij Zomerdijk,4,doos,70.4
2026-08-03,BROOD01,Casinobrood 8 stuks,Bakkerij Zomerdijk,1,doos,17.6
2026-08-04,BROOD01,Casinobrood 8 stuks,Bakkerij Zomerdijk,2,doos,35.2
2026-08-05,BROOD01,Casinobrood 8 stuks,Bakkerij Zomerdijk,1,doos,17.6
2026-08-06,BROOD01,Casinobrood 8 stuks,Bakkerij Zomerdijk,3,doos,52.8
2026-08-07,BROOD01,Casinobrood 8 stuks,Bakkerij Zomerdijk,2,doos,35.2
2026-08-08,BROOD01,Casinobrood 8 stuks,Bakkerij Zomerdijk,4,doos,70.4
2026-08-10,BROOD01,Casinobrood 8 stuks,Bakkerij Zomerdijk,2,doos,35.2
2026-08-11,BROOD01,Casinobrood 8 stuks,Bakkerij Zomerdijk,1,doos,17.6
2026-08-12,BROOD01,Casinobrood 8 stuks,Bakkerij Zomerdijk,1,doos,17.6
2026-08-13,BROOD01,Casinobrood 8 stuks,Bakkerij Zomerdijk,2,doos,35.2
2026-08-14,BROOD01,Casinobrood 8 stuks,Bakkerij Zomerdijk,3,doos,52.8
2026-08-15,BROOD01,Casinobrood 8 stuks,Bakkerij Zomerdijk,3,doos,52.8
2026-08-18,BROOD01,Casinobrood 8 stuks,Bakkerij Zomerdijk,1,doos,17.6
2026-08-19,BROOD01,Casinobrood 8 stuks,Bakkerij Zomerdijk,2,doos,35.2
2026-08-20,BROOD01,Casinobrood 8 stuks,Bakkerij Zomerdijk,1,doos,17.6
2026-08-21,BROOD01,Casinobrood 8 stuks,Bakkerij Zomerdijk,3,doos,52.8
2026-08-22,BROOD01,Casinobrood 8 stuks,Bakkerij Zomerdijk,4,doos,70.4
2026-08-25,BROOD01,Casinobrood 8 stuks,Bakkerij Zomerdijk,1,doos,17.6
2026-08-26,BROOD01,Casinobrood 8 stuks,Bakkerij Zomerdijk,2,doos,35.2
2026-08-27,BROOD01,Casinobrood 8 stuks,Bakkerij Zomerdijk,1,doos,17.6
2026-08-28,BROOD01,Casinobrood 8 stuks,Bakkerij Zomerdijk,2,doos,35.2
2026-08-29,BROOD01,Casinobrood 8 stuks,Bakkerij Zomerdijk,3,doos,52.8
2026-08-31,BROOD01,Casinobrood 8 stuks,Bakkerij Zomerdijk,2,doos,35.2
2023-09-01,BROOD02,Burgerbroodjes 4x12,Bakkerij Zomerdijk,3,doos,38.4
2023-09-06,BROOD02,Burgerbroodjes 4x12,Bakkerij Zomerdijk,2,doos,25.6
2023-09-08,BROOD02,Burgerbroodjes 4x12,Bakkerij Zomerdijk,2,doos,25.6
2023-09-11,BROOD02,Burgerbroodjes 4x12,Bakkerij Zomerdijk,1,doos,12.8
2023-09-13,BROOD02,Burgerbroodjes 4x12,Bakkerij Zomerdijk,1,doos,12.8
2023-09-15,BROOD02,Burgerbroodjes 4x12,Bakkerij Zomerdijk,1,doos,12.8
2023-09-18,BROOD02,Burgerbroodjes 4x12,Bakkerij Zomerdijk,1,doos,12.8
2023-09-20,BROOD02,Burgerbroodjes 4x12,Bakkerij Zomerdijk,1,doos,12.8
2023-09-22,BROOD02,Burgerbroodjes 4x12,Bakkerij Zomerdijk,1,doos,12.8
2023-09-25,BROOD02,Burgerbroodjes 4x12,Bakkerij Zomerdijk,1,doos,12.8
2023-09-27,BROOD02,Burgerbroodjes 4x12,Bakkerij Zomerdijk,1,doos,12.8
2023-09-29,BROOD02,Burgerbroodjes 4x12,Bakkerij Zomerdijk,1,doos,12.8
2023-10-02,BROOD02,Burgerbroodjes 4x12,Bakkerij Zomerdijk,1,doos,12.8
2023-10-04,BROOD02,Burgerbroodjes 4x12,Bakkerij Zomerdijk,1,doos,12.8
2023-10-06,BROOD02,Burgerbroodjes 4x12,Bakkerij Zomerdijk,1,doos,12.8
2023-10-09,BROOD02,Burgerbroodjes 4x12,Bakkerij Zomerdijk,1,doos,12.8
2023-10-13,BROOD02,Burgerbroodjes 4x12,Bakkerij Zomerdijk,2,doos,25.6
2023-10-18,BROOD02,Burgerbroodjes 4x12,Bakkerij Zomerdijk,2,doos,25.6
2023-10-20,BROOD02,Burgerbroodjes 4x12,Bakkerij Zomerdijk,1,doos,12.8
2023-10-23,BROOD02,Burgerbroodjes 4x12,Bakkerij Zomerdijk,1,doos,12.8
2023-10-27,BROOD02,Burgerbroodjes 4x12,Bakkerij Zomerdijk,2,doos,25.6
2023-11-01,BROOD02,Burgerbroodjes 4x12,Bakkerij Zomerdijk,1,doos,12.8
2023-11-03,BROOD02,Burgerbroodjes 4x12,Bakkerij Zomerdijk,2,doos,25.6
2023-11-08,BROOD02,Burgerbroodjes 4x12,Bakkerij Zomerdijk,1,doos,12.8
2023-11-10,BROOD02,Burgerbroodjes 4x12,Bakkerij Zomerdijk,2,doos,25.6
2023-11-15,BROOD02,Burgerbroodjes 4x12,Bakkerij Zomerdijk,2,doos,25.6
2023-11-17,BROOD02,Burgerbroodjes 4x12,Bakkerij Zomerdijk,1,doos,12.8
2023-11-22,BROOD02,Burgerbroodjes 4x12,Bakkerij Zomerdijk,1,doos,12.8
2023-11-24,BROOD02,Burgerbroodjes 4x12,Bakkerij Zomerdijk,1,doos,12.8
2023-11-27,BROOD02,Burgerbroodjes 4x12,Bakkerij Zomerdijk,1,doos,12.8
2023-11-29,BROOD02,Burgerbroodjes 4x12,Bakkerij Zomerdijk,1,doos,12.8
2023-12-01,BROOD02,Burgerbroodjes 4x12,Bakkerij Zomerdijk,1,doos,12.8
2023-12-06,BROOD02,Burgerbroodjes 4x12,Bakkerij Zomerdijk,1,doos,12.8
2023-12-08,BROOD02,Burgerbroodjes 4x12,Bakkerij Zomerdijk,2,doos,25.6
2023-12-13,BROOD02,Burgerbroodjes 4x12,Bakkerij Zomerdijk,1,doos,12.8
2023-12-15,BROOD02,Burgerbroodjes 4x12,Bakkerij Zomerdijk,2,doos,25.6
2023-12-20,BROOD02,Burgerbroodjes 4x12,Bakkerij Zomerdijk,1,doos,12.8
2023-12-22,BROOD02,Burgerbroodjes 4x12,Bakkerij Zomerdijk,2,doos,25.6
2023-12-27,BROOD02,Burgerbroodjes 4x12,Bakkerij Zomerdijk,1,doos,12.8
2023-12-29,BROOD02,Burgerbroodjes 4x12,Bakkerij Zomerdijk,1,doos,12.8
2024-01-03,BROOD02,Burgerbroodjes 4x12,Bakkerij Zomerdijk,1,doos,12.8
2024-01-05,BROOD02,Burgerbroodjes 4x12,Bakkerij Zomerdijk,1,doos,12.8
2024-01-10,BROOD02,Burgerbroodjes 4x12,Bakkerij Zomerdijk,1,doos,12.8
2024-01-12,BROOD02,Burgerbroodjes 4x12,Bakkerij Zomerdijk,1,doos,12.8
2024-01-17,BROOD02,Burgerbroodjes 4x12,Bakkerij Zomerdijk,1,doos,12.8
2024-01-19,BROOD02,Burgerbroodjes 4x12,Bakkerij Zomerdijk,1,doos,12.8
2024-01-24,BROOD02,Burgerbroodjes 4x12,Bakkerij Zomerdijk,1,doos,12.8
2024-01-26,BROOD02,Burgerbroodjes 4x12,Bakkerij Zomerdijk,1,doos,12.8
2024-01-31,BROOD02,Burgerbroodjes 4x12,Bakkerij Zomerdijk,1,doos,12.8
2024-02-02,BROOD02,Burgerbroodjes 4x12,Bakkerij Zomerdijk,1,doos,12.8
2024-02-05,BROOD02,Burgerbroodjes 4x12,Bakkerij Zomerdijk,1,doos,12.8
2024-02-07,BROOD02,Burgerbroodjes 4x12,Bakkerij Zomerdijk,1,doos,12.8
2024-02-12,BROOD02,Burgerbroodjes 4x12,Bakkerij Zomerdijk,1,doos,12.8
2024-02-14,BROOD02,Burgerbroodjes 4x12,Bakkerij Zomerdijk,1,doos,12.8
2024-02-16,BROOD02,Burgerbroodjes 4x12,Bakkerij Zomerdijk,1,doos,12.8
2024-02-21,BROOD02,Burgerbroodjes 4x12,Bakkerij Zomerdijk,1,doos,12.8
2024-02-23,BROOD02,Burgerbroodjes 4x12,Bakkerij Zomerdijk,1,doos,12.8
2024-02-26,BROOD02,Burgerbroodjes 4x12,Bakkerij Zomerdijk,1,doos,12.8
2024-03-01,BROOD02,Burgerbroodjes 4x12,Bakkerij Zomerdijk,1,doos,12.8
2024-03-04,BROOD02,Burgerbroodjes 4x12,Bakkerij Zomerdijk,1,doos,12.8
2024-03-06,BROOD02,Burgerbroodjes 4x12,Bakkerij Zomerdijk,1,doos,12.8
2024-03-08,BROOD02,Burgerbroodjes 4x12,Bakkerij Zomerdijk,1,doos,12.8
2024-03-11,BROOD02,Burgerbroodjes 4x12,Bakkerij Zomerdijk,1,doos,12.8
2024-03-15,BROOD02,Burgerbroodjes 4x12,Bakkerij Zomerdijk,1,doos,12.8
2024-03-18,BROOD02,Burgerbroodjes 4x12,Bakkerij Zomerdijk,1,doos,12.8
2024-03-20,BROOD02,Burgerbroodjes 4x12,Bakkerij Zomerdijk,1,doos,12.8
2024-03-22,BROOD02,Burgerbroodjes 4x12,Bakkerij Zomerdijk,1,doos,12.8
2024-03-27,BROOD02,Burgerbroodjes 4x12,Bakkerij Zomerdijk,1,doos,12.8
2024-03-29,BROOD02,Burgerbroodjes 4x12,Bakkerij Zomerdijk,1,doos,12.8
2024-04-01,BROOD02,Burgerbroodjes 4x12,Bakkerij Zomerdijk,1,doos,12.8
2024-04-05,BROOD02,Burgerbroodjes 4x12,Bakkerij Zomerdijk,1,doos,12.8
2024-04-08,BROOD02,Burgerbroodjes 4x12,Bakkerij Zomerdijk,1,doos,12.8
2024-04-12,BROOD02,Burgerbroodjes 4x12,Bakkerij Zomerdijk,1,doos,12.8
2024-04-15,BROOD02,Burgerbroodjes 4x12,Bakkerij Zomerdijk,1,doos,12.8
2024-04-17,BROOD02,Burgerbroodjes 4x12,Bakkerij Zomerdijk,1,doos,12.8
2024-04-19,BROOD02,Burgerbroodjes 4x12,Bakkerij Zomerdijk,1,doos,12.8
2024-04-24,BROOD02,Burgerbroodjes 4x12,Bakkerij Zomerdijk,1,doos,12.8
2024-04-26,BROOD02,Burgerbroodjes 4x12,Bakkerij Zomerdijk,1,doos,12.8
2024-04-29,BROOD02,Burgerbroodjes 4x12,Bakkerij Zomerdijk,1,doos,12.8
2024-05-01,BROOD02,Burgerbroodjes 4x12,Bakkerij Zomerdijk,1,doos,12.8
2024-05-03,BROOD02,Burgerbroodjes 4x12,Bakkerij Zomerdijk,2,doos,25.6
2024-05-08,BROOD02,Burgerbroodjes 4x12,Bakkerij Zomerdijk,1,doos,12.8
2024-05-10,BROOD02,Burgerbroodjes 4x12,Bakkerij Zomerdijk,2,doos,25.6
2024-05-13,BROOD02,Burgerbroodjes 4x12,Bakkerij Zomerdijk,1,doos,12.8
2024-05-15,BROOD02,Burgerbroodjes 4x12,Bakkerij Zomerdijk,1,doos,12.8
2024-05-17,BROOD02,Burgerbroodjes 4x12,Bakkerij Zomerdijk,1,doos,12.8
2024-05-20,BROOD02,Burgerbroodjes 4x12,Bakkerij Zomerdijk,1,doos,12.8
2024-05-22,BROOD02,Burgerbroodjes 4x12,Bakkerij Zomerdijk,1,doos,12.8
2024-05-24,BROOD02,Burgerbroodjes 4x12,Bakkerij Zomerdijk,1,doos,12.8
2024-05-27,BROOD02,Burgerbroodjes 4x12,Bakkerij Zomerdijk,1,doos,12.8
2024-05-29,BROOD02,Burgerbroodjes 4x12,Bakkerij Zomerdijk,1,doos,12.8
2024-05-31,BROOD02,Burgerbroodjes 4x12,Bakkerij Zomerdijk,1,doos,12.8
2024-06-03,BROOD02,Burgerbroodjes 4x12,Bakkerij Zomerdijk,1,doos,12.8
2024-06-05,BROOD02,Burgerbroodjes 4x12,Bakkerij Zomerdijk,1,doos,12.8
2024-06-07,BROOD02,Burgerbroodjes 4x12,Bakkerij Zomerdijk,2,doos,25.6
2024-06-12,BROOD02,Burgerbroodjes 4x12,Bakkerij Zomerdijk,2,doos,25.6
2024-06-14,BROOD02,Burgerbroodjes 4x12,Bakkerij Zomerdijk,2,doos,25.6
2024-06-19,BROOD02,Burgerbroodjes 4x12,Bakkerij Zomerdijk,2,doos,25.6
2024-06-21,BROOD02,Burgerbroodjes 4x12,Bakkerij Zomerdijk,2,doos,25.6
2024-06-24,BROOD02,Burgerbroodjes 4x12,Bakkerij Zomerdijk,1,doos,12.8
2024-06-26,BROOD02,Burgerbroodjes 4x12,Bakkerij Zomerdijk,1,doos,12.8
2024-06-28,BROOD02,Burgerbroodjes 4x12,Bakkerij Zomerdijk,2,doos,25.6
2024-07-01,BROOD02,Burgerbroodjes 4x12,Bakkerij Zomerdijk,1,doos,12.8
2024-07-03,BROOD02,Burgerbroodjes 4x12,Bakkerij Zomerdijk,1,doos,12.8
2024-07-05,BROOD02,Burgerbroodjes 4x12,Bakkerij Zomerdijk,2,doos,25.6
2024-07-08,BROOD02,Burgerbroodjes 4x12,Bakkerij Zomerdijk,2,doos,25.6
2024-07-12,BROOD02,Burgerbroodjes 4x12,Bakkerij Zomerdijk,3,doos,38.4
2024-07-15,BROOD02,Burgerbroodjes 4x12,Bakkerij Zomerdijk,1,doos,12.8
2024-07-17,BROOD02,Burgerbroodjes 4x12,Bakkerij Zomerdijk,1,doos,12.8
2024-07-19,BROOD02,Burgerbroodjes 4x12,Bakkerij Zomerdijk,2,doos,25.6
2024-07-22,BROOD02,Burgerbroodjes 4x12,Bakkerij Zomerdijk,1,doos,12.8
2024-07-24,BROOD02,Burgerbroodjes 4x12,Bakkerij Zomerdijk,1,doos,12.8
2024-07-26,BROOD02,Burgerbroodjes 4x12,Bakkerij Zomerdijk,2,doos,25.6
2024-07-31,BROOD02,Burgerbroodjes 4x12,Bakkerij Zomerdijk,2,doos,25.6
2024-08-02,BROOD02,Burgerbroodjes 4x12,Bakkerij Zomerdijk,3,doos,38.4
2024-08-07,BROOD02,Burgerbroodjes 4x12,Bakkerij Zomerdijk,2,doos,25.6
2024-08-09,BROOD02,Burgerbroodjes 4x12,Bakkerij Zomerdijk,2,doos,25.6
2024-08-12,BROOD02,Burgerbroodjes 4x12,Bakkerij Zomerdijk,1,doos,12.8
2024-08-14,BROOD02,Burgerbroodjes 4x12,Bakkerij Zomerdijk,1,doos,12.8
2024-08-16,BROOD02,Burgerbroodjes 4x12,Bakkerij Zomerdijk,2,doos,25.6
2024-08-19,BROOD02,Burgerbroodjes 4x12,Bakkerij Zomerdijk,1,doos,12.8
2024-08-21,BROOD02,Burgerbroodjes 4x12,Bakkerij Zomerdijk,1,doos,12.8
2024-08-23,BROOD02,Burgerbroodjes 4x12,Bakkerij Zomerdijk,2,doos,25.6
2024-08-26,BROOD02,Burgerbroodjes 4x12,Bakkerij Zomerdijk,1,doos,12.8
2024-08-28,BROOD02,Burgerbroodjes 4x12,Bakkerij Zomerdijk,1,doos,12.8
2024-08-30,BROOD02,Burgerbroodjes 4x12,Bakkerij Zomerdijk,2,doos,25.6
2024-09-04,BROOD02,Burgerbroodjes 4x12,Bakkerij Zomerdijk,2,doos,25.6
2024-09-06,BROOD02,Burgerbroodjes 4x12,Bakkerij Zomerdijk,2,doos,25.6
2024-09-11,BROOD02,Burgerbroodjes 4x12,Bakkerij Zomerdijk,2,doos,25.6
2024-09-13,BROOD02,Burgerbroodjes 4x12,Bakkerij Zomerdijk,1,doos,12.8
2024-09-16,BROOD02,Burgerbroodjes 4x12,Bakkerij Zomerdijk,1,doos,12.8
2024-09-18,BROOD02,Burgerbroodjes 4x12,Bakkerij Zomerdijk,1,doos,12.8
2024-09-20,BROOD02,Burgerbroodjes 4x12,Bakkerij Zomerdijk,1,doos,12.8
2024-09-23,BROOD02,Burgerbroodjes 4x12,Bakkerij Zomerdijk,1,doos,12.8
2024-09-25,BROOD02,Burgerbroodjes 4x12,Bakkerij Zomerdijk,1,doos,12.8
2024-09-27,BROOD02,Burgerbroodjes 4x12,Bakkerij Zomerdijk,1,doos,12.8
2024-09-30,BROOD02,Burgerbroodjes 4x12,Bakkerij Zomerdijk,1,doos,12.8
2024-10-02,BROOD02,Burgerbroodjes 4x12,Bakkerij Zomerdijk,1,doos,12.8
2024-10-04,BROOD02,Burgerbroodjes 4x12,Bakkerij Zomerdijk,1,doos,12.8
2024-10-07,BROOD02,Burgerbroodjes 4x12,Bakkerij Zomerdijk,1,doos,12.8
2024-10-09,BROOD02,Burgerbroodjes 4x12,Bakkerij Zomerdijk,1,doos,12.8
2024-10-11,BROOD02,Burgerbroodjes 4x12,Bakkerij Zomerdijk,2,doos,25.6
2024-10-16,BROOD02,Burgerbroodjes 4x12,Bakkerij Zomerdijk,2,doos,25.6
2024-10-18,BROOD02,Burgerbroodjes 4x12,Bakkerij Zomerdijk,1,doos,12.8
2024-10-21,BROOD02,Burgerbroodjes 4x12,Bakkerij Zomerdijk,1,doos,12.8
2024-10-23,BROOD02,Burgerbroodjes 4x12,Bakkerij Zomerdijk,1,doos,12.8
2024-10-25,BROOD02,Burgerbroodjes 4x12,Bakkerij Zomerdijk,1,doos,12.8
2024-10-28,BROOD02,Burgerbroodjes 4x12,Bakkerij Zomerdijk,1,doos,12.8
2024-11-01,BROOD02,Burgerbroodjes 4x12,Bakkerij Zomerdijk,2,doos,25.6
2024-11-04,BROOD02,Burgerbroodjes 4x12,Bakkerij Zomerdijk,1,doos,12.8
2024-11-06,BROOD02,Burgerbroodjes 4x12,Bakkerij Zomerdijk,1,doos,12.8
2024-11-08,BROOD02,Burgerbroodjes 4x12,Bakkerij Zomerdijk,1,doos,12.8
2024-11-11,BROOD02,Burgerbroodjes 4x12,Bakkerij Zomerdijk,1,doos,12.8
2024-11-15,BROOD02,Burgerbroodjes 4x12,Bakkerij Zomerdijk,1,doos,12.8
2024-11-18,BROOD02,Burgerbroodjes 4x12,Bakkerij Zomerdijk,1,doos,12.8
2024-11-22,BROOD02,Burgerbroodjes 4x12,Bakkerij Zomerdijk,2,doos,25.6
2024-11-25,BROOD02,Burgerbroodjes 4x12,Bakkerij Zomerdijk,1,doos,12.8
2024-11-29,BROOD02,Burgerbroodjes 4x12,Bakkerij Zomerdijk,1,doos,12.8
2024-12-02,BROOD02,Burgerbroodjes 4x12,Bakkerij Zomerdijk,1,doos,12.8
2024-12-06,BROOD02,Burgerbroodjes 4x12,Bakkerij Zomerdijk,1,doos,12.8
2024-12-09,BROOD02,Burgerbroodjes 4x12,Bakkerij Zomerdijk,1,doos,12.8
2024-12-11,BROOD02,Burgerbroodjes 4x12,Bakkerij Zomerdijk,1,doos,12.8
2024-12-13,BROOD02,Burgerbroodjes 4x12,Bakkerij Zomerdijk,1,doos,12.8
2024-12-16,BROOD02,Burgerbroodjes 4x12,Bakkerij Zomerdijk,1,doos,12.8
2024-12-18,BROOD02,Burgerbroodjes 4x12,Bakkerij Zomerdijk,1,doos,12.8
2024-12-20,BROOD02,Burgerbroodjes 4x12,Bakkerij Zomerdijk,1,doos,12.8
2024-12-25,BROOD02,Burgerbroodjes 4x12,Bakkerij Zomerdijk,1,doos,12.8
2024-12-27,BROOD02,Burgerbroodjes 4x12,Bakkerij Zomerdijk,2,doos,25.6
2025-01-01,BROOD02,Burgerbroodjes 4x12,Bakkerij Zomerdijk,1,doos,12.8
2025-01-03,BROOD02,Burgerbroodjes 4x12,Bakkerij Zomerdijk,1,doos,12.8
2025-01-08,BROOD02,Burgerbroodjes 4x12,Bakkerij Zomerdijk,1,doos,12.8
2025-01-10,BROOD02,Burgerbroodjes 4x12,Bakkerij Zomerdijk,1,doos,12.8
2025-01-13,BROOD02,Burgerbroodjes 4x12,Bakkerij Zomerdijk,1,doos,12.8
2025-01-17,BROOD02,Burgerbroodjes 4x12,Bakkerij Zomerdijk,1,doos,12.8
2025-01-20,BROOD02,Burgerbroodjes 4x12,Bakkerij Zomerdijk,1,doos,12.8
2025-01-24,BROOD02,Burgerbroodjes 4x12,Bakkerij Zomerdijk,1,doos,12.8
2025-01-29,BROOD02,Burgerbroodjes 4x12,Bakkerij Zomerdijk,1,doos,12.8
2025-01-31,BROOD02,Burgerbroodjes 4x12,Bakkerij Zomerdijk,1,doos,12.8
2025-02-03,BROOD02,Burgerbroodjes 4x12,Bakkerij Zomerdijk,1,doos,12.8
2025-02-07,BROOD02,Burgerbroodjes 4x12,Bakkerij Zomerdijk,2,doos,25.6
2025-02-12,BROOD02,Burgerbroodjes 4x12,Bakkerij Zomerdijk,1,doos,12.8
2025-02-14,BROOD02,Burgerbroodjes 4x12,Bakkerij Zomerdijk,1,doos,12.8
2025-02-17,BROOD02,Burgerbroodjes 4x12,Bakkerij Zomerdijk,1,doos,12.8
2025-02-19,BROOD02,Burgerbroodjes 4x12,Bakkerij Zomerdijk,1,doos,12.8
2025-02-21,BROOD02,Burgerbroodjes 4x12,Bakkerij Zomerdijk,1,doos,12.8
2025-02-26,BROOD02,Burgerbroodjes 4x12,Bakkerij Zomerdijk,1,doos,12.8
2025-02-28,BROOD02,Burgerbroodjes 4x12,Bakkerij Zomerdijk,2,doos,25.6
2025-03-05,BROOD02,Burgerbroodjes 4x12,Bakkerij Zomerdijk,1,doos,12.8
2025-03-07,BROOD02,Burgerbroodjes 4x12,Bakkerij Zomerdijk,2,doos,25.6
2025-03-12,BROOD02,Burgerbroodjes 4x12,Bakkerij Zomerdijk,1,doos,12.8
2025-03-14,BROOD02,Burgerbroodjes 4x12,Bakkerij Zomerdijk,1,doos,12.8
2025-03-17,BROOD02,Burgerbroodjes 4x12,Bakkerij Zomerdijk,1,doos,12.8
2025-03-19,BROOD02,Burgerbroodjes 4x12,Bakkerij Zomerdijk,1,doos,12.8
2025-03-21,BROOD02,Burgerbroodjes 4x12,Bakkerij Zomerdijk,1,doos,12.8
2025-03-24,BROOD02,Burgerbroodjes 4x12,Bakkerij Zomerdijk,1,doos,12.8
2025-03-28,BROOD02,Burgerbroodjes 4x12,Bakkerij Zomerdijk,2,doos,25.6
2025-04-02,BROOD02,Burgerbroodjes 4x12,Bakkerij Zomerdijk,2,doos,25.6
2025-04-04,BROOD02,Burgerbroodjes 4x12,Bakkerij Zomerdijk,1,doos,12.8
2025-04-09,BROOD02,Burgerbroodjes 4x12,Bakkerij Zomerdijk,1,doos,12.8
2025-04-11,BROOD02,Burgerbroodjes 4x12,Bakkerij Zomerdijk,1,doos,12.8
2025-04-14,BROOD02,Burgerbroodjes 4x12,Bakkerij Zomerdijk,1,doos,12.8
2025-04-18,BROOD02,Burgerbroodjes 4x12,Bakkerij Zomerdijk,2,doos,25.6
2025-04-21,BROOD02,Burgerbroodjes 4x12,Bakkerij Zomerdijk,1,doos,12.8
2025-04-25,BROOD02,Burgerbroodjes 4x12,Bakkerij Zomerdijk,2,doos,25.6
2025-04-30,BROOD02,Burgerbroodjes 4x12,Bakkerij Zomerdijk,1,doos,12.8
2025-05-02,BROOD02,Burgerbroodjes 4x12,Bakkerij Zomerdijk,2,doos,25.6
2025-05-07,BROOD02,Burgerbroodjes 4x12,Bakkerij Zomerdijk,1,doos,12.8
2025-05-09,BROOD02,Burgerbroodjes 4x12,Bakkerij Zomerdijk,2,doos,25.6
2025-05-12,BROOD02,Burgerbroodjes 4x12,Bakkerij Zomerdijk,1,doos,12.8
2025-05-14,BROOD02,Burgerbroodjes 4x12,Bakkerij Zomerdijk,1,doos,12.8
2025-05-16,BROOD02,Burgerbroodjes 4x12,Bakkerij Zomerdijk,1,doos,12.8
2025-05-19,BROOD02,Burgerbroodjes 4x12,Bakkerij Zomerdijk,1,doos,12.8
2025-05-21,BROOD02,Burgerbroodjes 4x12,Bakkerij Zomerdijk,1,doos,12.8
2025-05-23,BROOD02,Burgerbroodjes 4x12,Bakkerij Zomerdijk,1,doos,12.8
2025-05-26,BROOD02,Burgerbroodjes 4x12,Bakkerij Zomerdijk,2,doos,25.6
2025-05-30,BROOD02,Burgerbroodjes 4x12,Bakkerij Zomerdijk,2,doos,25.6
2025-06-02,BROOD02,Burgerbroodjes 4x12,Bakkerij Zomerdijk,1,doos,12.8
2025-06-04,BROOD02,Burgerbroodjes 4x12,Bakkerij Zomerdijk,1,doos,12.8
2025-06-06,BROOD02,Burgerbroodjes 4x12,Bakkerij Zomerdijk,2,doos,25.6
2025-06-09,BROOD02,Burgerbroodjes 4x12,Bakkerij Zomerdijk,1,doos,12.8
2025-06-11,BROOD02,Burgerbroodjes 4x12,Bakkerij Zomerdijk,1,doos,12.8
2025-06-13,BROOD02,Burgerbroodjes 4x12,Bakkerij Zomerdijk,3,doos,38.4
2025-06-16,BROOD02,Burgerbroodjes 4x12,Bakkerij Zomerdijk,1,doos,12.8
2025-06-18,BROOD02,Burgerbroodjes 4x12,Bakkerij Zomerdijk,1,doos,12.8
2025-06-20,BROOD02,Burgerbroodjes 4x12,Bakkerij Zomerdijk,2,doos,25.6
2025-06-23,BROOD02,Burgerbroodjes 4x12,Bakkerij Zomerdijk,1,doos,12.8
2025-06-25,BROOD02,Burgerbroodjes 4x12,Bakkerij Zomerdijk,1,doos,12.8
2025-06-27,BROOD02,Burgerbroodjes 4x12,Bakkerij Zomerdijk,3,doos,38.4
2025-07-02,BROOD02,Burgerbroodjes 4x12,Bakkerij Zomerdijk,2,doos,25.6
2025-07-04,BROOD02,Burgerbroodjes 4x12,Bakkerij Zomerdijk,2,doos,25.6
2025-07-07,BROOD02,Burgerbroodjes 4x12,Bakkerij Zomerdijk,1,doos,12.8
2025-07-09,BROOD02,Burgerbroodjes 4x12,Bakkerij Zomerdijk,1,doos,12.8
2025-07-11,BROOD02,Burgerbroodjes 4x12,Bakkerij Zomerdijk,2,doos,25.6
2025-07-14,BROOD02,Burgerbroodjes 4x12,Bakkerij Zomerdijk,1,doos,12.8
2025-07-16,BROOD02,Burgerbroodjes 4x12,Bakkerij Zomerdijk,2,doos,25.6
2025-07-18,BROOD02,Burgerbroodjes 4x12,Bakkerij Zomerdijk,2,doos,25.6
2025-07-21,BROOD02,Burgerbroodjes 4x12,Bakkerij Zomerdijk,1,doos,12.8
2025-07-23,BROOD02,Burgerbroodjes 4x12,Bakkerij Zomerdijk,1,doos,12.8
2025-07-25,BROOD02,Burgerbroodjes 4x12,Bakkerij Zomerdijk,3,doos,38.4
2025-07-28,BROOD02,Burgerbroodjes 4x12,Bakkerij Zomerdijk,1,doos,12.8
2025-07-30,BROOD02,Burgerbroodjes 4x12,Bakkerij Zomerdijk,2,doos,25.6
2025-08-01,BROOD02,Burgerbroodjes 4x12,Bakkerij Zomerdijk,2,doos,25.6
2025-08-04,BROOD02,Burgerbroodjes 4x12,Bakkerij Zomerdijk,1,doos,12.8
2025-08-06,BROOD02,Burgerbroodjes 4x12,Bakkerij Zomerdijk,1,doos,12.8
2025-08-08,BROOD02,Burgerbroodjes 4x12,Bakkerij Zomerdijk,3,doos,38.4
2025-08-11,BROOD02,Burgerbroodjes 4x12,Bakkerij Zomerdijk,1,doos,12.8
2025-08-13,BROOD02,Burgerbroodjes 4x12,Bakkerij Zomerdijk,1,doos,12.8
2025-08-15,BROOD02,Burgerbroodjes 4x12,Bakkerij Zomerdijk,2,doos,25.6
2025-08-18,BROOD02,Burgerbroodjes 4x12,Bakkerij Zomerdijk,1,doos,12.8
2025-08-20,BROOD02,Burgerbroodjes 4x12,Bakkerij Zomerdijk,1,doos,12.8
2025-08-22,BROOD02,Burgerbroodjes 4x12,Bakkerij Zomerdijk,2,doos,25.6
2025-08-27,BROOD02,Burgerbroodjes 4x12,Bakkerij Zomerdijk,2,doos,25.6
2025-08-29,BROOD02,Burgerbroodjes 4x12,Bakkerij Zomerdijk,2,doos,25.6
2025-09-01,BROOD02,Burgerbroodjes 4x12,Bakkerij Zomerdijk,1,doos,12.8
2025-09-03,BROOD02,Burgerbroodjes 4x12,Bakkerij Zomerdijk,1,doos,12.8
2025-09-05,BROOD02,Burgerbroodjes 4x12,Bakkerij Zomerdijk,2,doos,25.6
2025-09-08,BROOD02,Burgerbroodjes 4x12,Bakkerij Zomerdijk,1,doos,12.8
2025-09-10,BROOD02,Burgerbroodjes 4x12,Bakkerij Zomerdijk,1,doos,12.8
2025-09-12,BROOD02,Burgerbroodjes 4x12,Bakkerij Zomerdijk,2,doos,25.6
2025-09-17,BROOD02,Burgerbroodjes 4x12,Bakkerij Zomerdijk,2,doos,25.6
2025-09-19,BROOD02,Burgerbroodjes 4x12,Bakkerij Zomerdijk,2,doos,25.6
2025-09-24,BROOD02,Burgerbroodjes 4x12,Bakkerij Zomerdijk,2,doos,25.6
2025-09-26,BROOD02,Burgerbroodjes 4x12,Bakkerij Zomerdijk,1,doos,12.8
2025-09-29,BROOD02,Burgerbroodjes 4x12,Bakkerij Zomerdijk,1,doos,12.8
2025-10-01,BROOD02,Burgerbroodjes 4x12,Bakkerij Zomerdijk,1,doos,12.8
2025-10-03,BROOD02,Burgerbroodjes 4x12,Bakkerij Zomerdijk,1,doos,12.8
2025-10-06,BROOD02,Burgerbroodjes 4x12,Bakkerij Zomerdijk,1,doos,12.8
2025-10-08,BROOD02,Burgerbroodjes 4x12,Bakkerij Zomerdijk,1,doos,12.8
2025-10-10,BROOD02,Burgerbroodjes 4x12,Bakkerij Zomerdijk,1,doos,12.8
2025-10-13,BROOD02,Burgerbroodjes 4x12,Bakkerij Zomerdijk,1,doos,12.8
2025-10-15,BROOD02,Burgerbroodjes 4x12,Bakkerij Zomerdijk,1,doos,12.8
2025-10-17,BROOD02,Burgerbroodjes 4x12,Bakkerij Zomerdijk,1,doos,12.8
2025-10-22,BROOD02,Burgerbroodjes 4x12,Bakkerij Zomerdijk,1,doos,12.8
2025-10-24,BROOD02,Burgerbroodjes 4x12,Bakkerij Zomerdijk,2,doos,25.6
2025-10-29,BROOD02,Burgerbroodjes 4x12,Bakkerij Zomerdijk,1,doos,12.8
2025-10-31,BROOD02,Burgerbroodjes 4x12,Bakkerij Zomerdijk,2,doos,25.6
2025-11-03,BROOD02,Burgerbroodjes 4x12,Bakkerij Zomerdijk,1,doos,12.8
2025-11-07,BROOD02,Burgerbroodjes 4x12,Bakkerij Zomerdijk,2,doos,25.6
2025-11-12,BROOD02,Burgerbroodjes 4x12,Bakkerij Zomerdijk,1,doos,12.8
2025-11-14,BROOD02,Burgerbroodjes 4x12,Bakkerij Zomerdijk,2,doos,25.6
2025-11-17,BROOD02,Burgerbroodjes 4x12,Bakkerij Zomerdijk,1,doos,12.8
2025-11-21,BROOD02,Burgerbroodjes 4x12,Bakkerij Zomerdijk,2,doos,25.6
2025-11-26,BROOD02,Burgerbroodjes 4x12,Bakkerij Zomerdijk,1,doos,12.8
2025-11-28,BROOD02,Burgerbroodjes 4x12,Bakkerij Zomerdijk,2,doos,25.6
2025-12-03,BROOD02,Burgerbroodjes 4x12,Bakkerij Zomerdijk,1,doos,12.8
2025-12-05,BROOD02,Burgerbroodjes 4x12,Bakkerij Zomerdijk,2,doos,25.6
2025-12-10,BROOD02,Burgerbroodjes 4x12,Bakkerij Zomerdijk,1,doos,12.8
2025-12-12,BROOD02,Burgerbroodjes 4x12,Bakkerij Zomerdijk,2,doos,25.6
2025-12-15,BROOD02,Burgerbroodjes 4x12,Bakkerij Zomerdijk,1,doos,12.8
2025-12-17,BROOD02,Burgerbroodjes 4x12,Bakkerij Zomerdijk,1,doos,12.8
2025-12-19,BROOD02,Burgerbroodjes 4x12,Bakkerij Zomerdijk,1,doos,12.8
2025-12-22,BROOD02,Burgerbroodjes 4x12,Bakkerij Zomerdijk,1,doos,12.8
2025-12-26,BROOD02,Burgerbroodjes 4x12,Bakkerij Zomerdijk,2,doos,25.6
2025-12-31,BROOD02,Burgerbroodjes 4x12,Bakkerij Zomerdijk,1,doos,12.8
2026-01-02,BROOD02,Burgerbroodjes 4x12,Bakkerij Zomerdijk,1,doos,12.8
2026-01-07,BROOD02,Burgerbroodjes 4x12,Bakkerij Zomerdijk,1,doos,12.8
2026-01-09,BROOD02,Burgerbroodjes 4x12,Bakkerij Zomerdijk,1,doos,12.8
2026-01-12,BROOD02,Burgerbroodjes 4x12,Bakkerij Zomerdijk,1,doos,12.8
2026-01-16,BROOD02,Burgerbroodjes 4x12,Bakkerij Zomerdijk,1,doos,12.8
2026-01-21,BROOD02,Burgerbroodjes 4x12,Bakkerij Zomerdijk,1,doos,12.8
2026-01-23,BROOD02,Burgerbroodjes 4x12,Bakkerij Zomerdijk,1,doos,12.8
2026-01-28,BROOD02,Burgerbroodjes 4x12,Bakkerij Zomerdijk,1,doos,12.8
2026-01-30,BROOD02,Burgerbroodjes 4x12,Bakkerij Zomerdijk,1,doos,12.8
2026-02-04,BROOD02,Burgerbroodjes 4x12,Bakkerij Zomerdijk,1,doos,12.8
2026-02-06,BROOD02,Burgerbroodjes 4x12,Bakkerij Zomerdijk,1,doos,12.8
2026-02-09,BROOD02,Burgerbroodjes 4x12,Bakkerij Zomerdijk,1,doos,12.8
2026-02-13,BROOD02,Burgerbroodjes 4x12,Bakkerij Zomerdijk,1,doos,12.8
2026-02-16,BROOD02,Burgerbroodjes 4x12,Bakkerij Zomerdijk,1,doos,12.8
2026-02-20,BROOD02,Burgerbroodjes 4x12,Bakkerij Zomerdijk,1,doos,12.8
2026-02-23,BROOD02,Burgerbroodjes 4x12,Bakkerij Zomerdijk,1,doos,12.8
2026-02-25,BROOD02,Burgerbroodjes 4x12,Bakkerij Zomerdijk,1,doos,12.8
2026-02-27,BROOD02,Burgerbroodjes 4x12,Bakkerij Zomerdijk,1,doos,12.8
2026-03-04,BROOD02,Burgerbroodjes 4x12,Bakkerij Zomerdijk,1,doos,12.8
2026-03-06,BROOD02,Burgerbroodjes 4x12,Bakkerij Zomerdijk,1,doos,12.8
2026-03-09,BROOD02,Burgerbroodjes 4x12,Bakkerij Zomerdijk,1,doos,12.8
2026-03-13,BROOD02,Burgerbroodjes 4x12,Bakkerij Zomerdijk,2,doos,25.6
2026-03-18,BROOD02,Burgerbroodjes 4x12,Bakkerij Zomerdijk,1,doos,12.8
2026-03-20,BROOD02,Burgerbroodjes 4x12,Bakkerij Zomerdijk,2,doos,25.6
2026-03-23,BROOD02,Burgerbroodjes 4x12,Bakkerij Zomerdijk,1,doos,12.8
2026-03-27,BROOD02,Burgerbroodjes 4x12,Bakkerij Zomerdijk,2,doos,25.6
2026-04-01,BROOD02,Burgerbroodjes 4x12,Bakkerij Zomerdijk,2,doos,25.6
2026-04-03,BROOD02,Burgerbroodjes 4x12,Bakkerij Zomerdijk,1,doos,12.8
2026-04-08,BROOD02,Burgerbroodjes 4x12,Bakkerij Zomerdijk,1,doos,12.8
2026-04-10,BROOD02,Burgerbroodjes 4x12,Bakkerij Zomerdijk,2,doos,25.6
2026-04-15,BROOD02,Burgerbroodjes 4x12,Bakkerij Zomerdijk,1,doos,12.8
2026-04-17,BROOD02,Burgerbroodjes 4x12,Bakkerij Zomerdijk,2,doos,25.6
2026-04-22,BROOD02,Burgerbroodjes 4x12,Bakkerij Zomerdijk,1,doos,12.8
2026-04-24,BROOD02,Burgerbroodjes 4x12,Bakkerij Zomerdijk,2,doos,25.6
2026-04-27,BROOD02,Burgerbroodjes 4x12,Bakkerij Zomerdijk,1,doos,12.8
2026-04-29,BROOD02,Burgerbroodjes 4x12,Bakkerij Zomerdijk,1,doos,12.8
2026-05-01,BROOD02,Burgerbroodjes 4x12,Bakkerij Zomerdijk,1,doos,12.8
2026-05-04,BROOD02,Burgerbroodjes 4x12,Bakkerij Zomerdijk,1,doos,12.8
2026-05-06,BROOD02,Burgerbroodjes 4x12,Bakkerij Zomerdijk,1,doos,12.8
2026-05-08,BROOD02,Burgerbroodjes 4x12,Bakkerij Zomerdijk,1,doos,12.8
2026-05-11,BROOD02,Burgerbroodjes 4x12,Bakkerij Zomerdijk,1,doos,12.8
2026-05-13,BROOD02,Burgerbroodjes 4x12,Bakkerij Zomerdijk,1,doos,12.8
2026-05-15,BROOD02,Burgerbroodjes 4x12,Bakkerij Zomerdijk,1,doos,12.8
2026-05-18,BROOD02,Burgerbroodjes 4x12,Bakkerij Zomerdijk,1,doos,12.8
2026-05-20,BROOD02,Burgerbroodjes 4x12,Bakkerij Zomerdijk,1,doos,12.8
2026-05-22,BROOD02,Burgerbroodjes 4x12,Bakkerij Zomerdijk,2,doos,25.6
2026-05-27,BROOD02,Burgerbroodjes 4x12,Bakkerij Zomerdijk,2,doos,25.6
2026-05-29,BROOD02,Burgerbroodjes 4x12,Bakkerij Zomerdijk,1,doos,12.8
2026-06-01,BROOD02,Burgerbroodjes 4x12,Bakkerij Zomerdijk,1,doos,12.8
2026-06-03,BROOD02,Burgerbroodjes 4x12,Bakkerij Zomerdijk,1,doos,12.8
2026-06-05,BROOD02,Burgerbroodjes 4x12,Bakkerij Zomerdijk,2,doos,25.6
2026-06-08,BROOD02,Burgerbroodjes 4x12,Bakkerij Zomerdijk,2,doos,25.6
2026-06-12,BROOD02,Burgerbroodjes 4x12,Bakkerij Zomerdijk,2,doos,25.6
2026-06-15,BROOD02,Burgerbroodjes 4x12,Bakkerij Zomerdijk,2,doos,25.6
2026-06-17,BROOD02,Burgerbroodjes 4x12,Bakkerij Zomerdijk,1,doos,12.8
2026-06-19,BROOD02,Burgerbroodjes 4x12,Bakkerij Zomerdijk,2,doos,25.6
2026-06-24,BROOD02,Burgerbroodjes 4x12,Bakkerij Zomerdijk,2,doos,25.6
2026-06-26,BROOD02,Burgerbroodjes 4x12,Bakkerij Zomerdijk,2,doos,25.6
2026-06-29,BROOD02,Burgerbroodjes 4x12,Bakkerij Zomerdijk,1,doos,12.8
2026-07-01,BROOD02,Burgerbroodjes 4x12,Bakkerij Zomerdijk,1,doos,12.8
2026-07-03,BROOD02,Burgerbroodjes 4x12,Bakkerij Zomerdijk,3,doos,38.4
2026-07-06,BROOD02,Burgerbroodjes 4x12,Bakkerij Zomerdijk,1,doos,12.8
2026-07-08,BROOD02,Burgerbroodjes 4x12,Bakkerij Zomerdijk,1,doos,12.8
2026-07-10,BROOD02,Burgerbroodjes 4x12,Bakkerij Zomerdijk,3,doos,38.4
2026-07-15,BROOD02,Burgerbroodjes 4x12,Bakkerij Zomerdijk,2,doos,25.6
2026-07-17,BROOD02,Burgerbroodjes 4x12,Bakkerij Zomerdijk,2,doos,25.6
2026-07-20,BROOD02,Burgerbroodjes 4x12,Bakkerij Zomerdijk,1,doos,12.8
2026-07-22,BROOD02,Burgerbroodjes 4x12,Bakkerij Zomerdijk,1,doos,12.8
2026-07-24,BROOD02,Burgerbroodjes 4x12,Bakkerij Zomerdijk,3,doos,38.4
2026-07-27,BROOD02,Burgerbroodjes 4x12,Bakkerij Zomerdijk,1,doos,12.8
2026-07-29,BROOD02,Burgerbroodjes 4x12,Bakkerij Zomerdijk,1,doos,12.8
2026-07-31,BROOD02,Burgerbroodjes 4x12,Bakkerij Zomerdijk,2,doos,25.6
2026-08-03,BROOD02,Burgerbroodjes 4x12,Bakkerij Zomerdijk,1,doos,12.8
2026-08-05,BROOD02,Burgerbroodjes 4x12,Bakkerij Zomerdijk,2,doos,25.6
2026-08-07,BROOD02,Burgerbroodjes 4x12,Bakkerij Zomerdijk,2,doos,25.6
2026-08-10,BROOD02,Burgerbroodjes 4x12,Bakkerij Zomerdijk,1,doos,12.8
2026-08-12,BROOD02,Burgerbroodjes 4x12,Bakkerij Zomerdijk,1,doos,12.8
2026-08-14,BROOD02,Burgerbroodjes 4x12,Bakkerij Zomerdijk,2,doos,25.6
2026-08-17,BROOD02,Burgerbroodjes 4x12,Bakkerij Zomerdijk,1,doos,12.8
2026-08-19,BROOD02,Burgerbroodjes 4x12,Bakkerij Zomerdijk,1,doos,12.8
2026-08-21,BROOD02,Burgerbroodjes 4x12,Bakkerij Zomerdijk,2,doos,25.6
2026-08-26,BROOD02,Burgerbroodjes 4x12,Bakkerij Zomerdijk,2,doos,25.6
2026-08-28,BROOD02,Burgerbroodjes 4x12,Bakkerij Zomerdijk,3,doos,38.4
2026-08-31,BROOD02,Burgerbroodjes 4x12,Bakkerij Zomerdijk,1,doos,12.8
2023-09-01,VLEES01,Burgerpatty 20x150g,Slagerij De Boer,9,doos,423.0
2023-09-08,VLEES01,Burgerpatty 20x150g,Slagerij De Boer,8,doos,376.0
2023-09-12,VLEES01,Burgerpatty 20x150g,Slagerij De Boer,3,doos,141.0
2023-09-15,VLEES01,Burgerpatty 20x150g,Slagerij De Boer,6,doos,282.0
2023-09-22,VLEES01,Burgerpatty 20x150g,Slagerij De Boer,6,doos,282.0
2023-09-26,VLEES01,Burgerpatty 20x150g,Slagerij De Boer,1,doos,47.0
2023-09-29,VLEES01,Burgerpatty 20x150g,Slagerij De Boer,6,doos,282.0
2023-10-03,VLEES01,Burgerpatty 20x150g,Slagerij De Boer,1,doos,47.0
2023-10-06,VLEES01,Burgerpatty 20x150g,Slagerij De Boer,6,doos,282.0
2023-10-10,VLEES01,Burgerpatty 20x150g,Slagerij De Boer,2,doos,94.0
2023-10-13,VLEES01,Burgerpatty 20x150g,Slagerij De Boer,4,doos,188.0
2023-10-17,VLEES01,Burgerpatty 20x150g,Slagerij De Boer,1,doos,47.0
2023-10-20,VLEES01,Burgerpatty 20x150g,Slagerij De Boer,5,doos,235.0
2023-10-24,VLEES01,Burgerpatty 20x150g,Slagerij De Boer,3,doos,141.0
2023-10-27,VLEES01,Burgerpatty 20x150g,Slagerij De Boer,4,doos,188.0
2023-10-31,VLEES01,Burgerpatty 20x150g,Slagerij De Boer,1,doos,47.0
2023-11-03,VLEES01,Burgerpatty 20x150g,Slagerij De Boer,5,doos,235.0
2023-11-07,VLEES01,Burgerpatty 20x150g,Slagerij De Boer,2,doos,94.0
2023-11-10,VLEES01,Burgerpatty 20x150g,Slagerij De Boer,4,doos,188.0
2023-11-14,VLEES01,Burgerpatty 20x150g,Slagerij De Boer,2,doos,94.0
2023-11-17,VLEES01,Burgerpatty 20x150g,Slagerij De Boer,5,doos,235.0
2023-11-21,VLEES01,Burgerpatty 20x150g,Slagerij De Boer,1,doos,47.0
2023-11-24,VLEES01,Burgerpatty 20x150g,Slagerij De Boer,5,doos,235.0
2023-11-28,VLEES01,Burgerpatty 20x150g,Slagerij De Boer,2,doos,94.0
2023-12-01,VLEES01,Burgerpatty 20x150g,Slagerij De Boer,4,doos,188.0
2023-12-05,VLEES01,Burgerpatty 20x150g,Slagerij De Boer,1,doos,47.0
2023-12-08,VLEES01,Burgerpatty 20x150g,Slagerij De Boer,4,doos,188.0
2023-12-12,VLEES01,Burgerpatty 20x150g,Slagerij De Boer,2,doos,94.0
2023-12-15,VLEES01,Burgerpatty 20x150g,Slagerij De Boer,3,doos,141.0
2023-12-19,VLEES01,Burgerpatty 20x150g,Slagerij De Boer,1,doos,47.0
2023-12-22,VLEES01,Burgerpatty 20x150g,Slagerij De Boer,4,doos,188.0
2023-12-26,VLEES01,Burgerpatty 20x150g,Slagerij De Boer,2,doos,94.0
2023-12-29,VLEES01,Burgerpatty 20x150g,Slagerij De Boer,3,doos,141.0
2024-01-05,VLEES01,Burgerpatty 20x150g,Slagerij De Boer,3,doos,141.0
2024-01-09,VLEES01,Burgerpatty 20x150g,Slagerij De Boer,2,doos,94.0
2024-01-12,VLEES01,Burgerpatty 20x150g,Slagerij De Boer,3,doos,141.0
2024-01-16,VLEES01,Burgerpatty 20x150g,Slagerij De Boer,1,doos,47.0
2024-01-19,VLEES01,Burgerpatty 20x150g,Slagerij De Boer,3,doos,141.0
2024-01-23,VLEES01,Burgerpatty 20x150g,Slagerij De Boer,1,doos,47.0
2024-01-26,VLEES01,Burgerpatty 20x150g,Slagerij De Boer,2,doos,94.0
2024-01-30,VLEES01,Burgerpatty 20x150g,Slagerij De Boer,2,doos,94.0
2024-02-02,VLEES01,Burgerpatty 20x150g,Slagerij De Boer,3,doos,141.0
2024-02-06,VLEES01,Burgerpatty 20x150g,Slagerij De Boer,3,doos,141.0
2024-02-09,VLEES01,Burgerpatty 20x150g,Slagerij De Boer,2,doos,94.0
2024-02-13,VLEES01,Burgerpatty 20x150g,Slagerij De Boer,2,doos,94.0
2024-02-16,VLEES01,Burgerpatty 20x150g,Slagerij De Boer,3,doos,141.0
2024-02-20,VLEES01,Burgerpatty 20x150g,Slagerij De Boer,2,doos,94.0
2024-02-23,VLEES01,Burgerpatty 20x150g,Slagerij De Boer,3,doos,141.0
2024-02-27,VLEES01,Burgerpatty 20x150g,Slagerij De Boer,3,doos,141.0
2024-03-01,VLEES01,Burgerpatty 20x150g,Slagerij De Boer,2,doos,94.0
2024-03-05,VLEES01,Burgerpatty 20x150g,Slagerij De Boer,3,doos,141.0
2024-03-08,VLEES01,Burgerpatty 20x150g,Slagerij De Boer,3,doos,141.0
2024-03-12,VLEES01,Burgerpatty 20x150g,Slagerij De Boer,3,doos,141.0
2024-03-15,VLEES01,Burgerpatty 20x150g,Slagerij De Boer,3,doos,141.0
2024-03-19,VLEES01,Burgerpatty 20x150g,Slagerij De Boer,2,doos,94.0
2024-03-22,VLEES01,Burgerpatty 20x150g,Slagerij De Boer,5,doos,235.0
2024-03-29,VLEES01,Burgerpatty 20x150g,Slagerij De Boer,5,doos,235.0
2024-04-02,VLEES01,Burgerpatty 20x150g,Slagerij De Boer,1,doos,47.0
2024-04-05,VLEES01,Burgerpatty 20x150g,Slagerij De Boer,4,doos,188.0
2024-04-09,VLEES01,Burgerpatty 20x150g,Slagerij De Boer,1,doos,47.0
2024-04-12,VLEES01,Burgerpatty 20x150g,Slagerij De Boer,4,doos,188.0
2024-04-16,VLEES01,Burgerpatty 20x150g,Slagerij De Boer,2,doos,94.0
2024-04-19,VLEES01,Burgerpatty 20x150g,Slagerij De Boer,4,doos,188.0
2024-04-23,VLEES01,Burgerpatty 20x150g,Slagerij De Boer,2,doos,94.0
2024-04-26,VLEES01,Burgerpatty 20x150g,Slagerij De Boer,3,doos,141.0
2024-04-30,VLEES01,Burgerpatty 20x150g,Slagerij De Boer,4,doos,188.0
2024-05-03,VLEES01,Burgerpatty 20x150g,Slagerij De Boer,4,doos,188.0
2024-05-07,VLEES01,Burgerpatty 20x150g,Slagerij De Boer,2,doos,94.0
2024-05-10,VLEES01,Burgerpatty 20x150g,Slagerij De Boer,5,doos,235.0
2024-05-14,VLEES01,Burgerpatty 20x150g,Slagerij De Boer,3,doos,141.0
2024-05-17,VLEES01,Burgerpatty 20x150g,Slagerij De Boer,5,doos,235.0
2024-05-21,VLEES01,Burgerpatty 20x150g,Slagerij De Boer,2,doos,94.0
2024-05-24,VLEES01,Burgerpatty 20x150g,Slagerij De Boer,5,doos,235.0
2024-05-28,VLEES01,Burgerpatty 20x150g,Slagerij De Boer,2,doos,94.0
2024-05-31,VLEES01,Burgerpatty 20x150g,Slagerij De Boer,5,doos,235.0
2024-06-04,VLEES01,Burgerpatty 20x150g,Slagerij De Boer,4,doos,188.0
2024-06-07,VLEES01,Burgerpatty 20x150g,Slagerij De Boer,6,doos,282.0
2024-06-11,VLEES01,Burgerpatty 20x150g,Slagerij De Boer,2,doos,94.0
2024-06-14,VLEES01,Burgerpatty 20x150g,Slagerij De Boer,7,doos,329.0
2024-06-18,VLEES01,Burgerpatty 20x150g,Slagerij De Boer,1,doos,47.0
2024-06-21,VLEES01,Burgerpatty 20x150g,Slagerij De Boer,7,doos,329.0
2024-06-25,VLEES01,Burgerpatty 20x150g,Slagerij De Boer,3,doos,141.0
2024-06-28,VLEES01,Burgerpatty 20x150g,Slagerij De Boer,7,doos,329.0
2024-07-02,VLEES01,Burgerpatty 20x150g,Slagerij De Boer,1,doos,47.0
2024-07-05,VLEES01,Burgerpatty 20x150g,Slagerij De Boer,7,doos,329.0
2024-07-09,VLEES01,Burgerpatty 20x150g,Slagerij De Boer,4,doos,188.0
2024-07-12,VLEES01,Burgerpatty 20x150g,Slagerij De Boer,8,doos,376.0
2024-07-16,VLEES01,Burgerpatty 20x150g,Slagerij De Boer,3,doos,141.0
2024-07-19,VLEES01,Burgerpatty 20x150g,Slagerij De Boer,7,doos,329.0
2024-07-23,VLEES01,Burgerpatty 20x150g,Slagerij De Boer,4,doos,188.0
2024-07-26,VLEES01,Burgerpatty 20x150g,Slagerij De Boer,6,doos,282.0
2024-07-30,VLEES01,Burgerpatty 20x150g,Slagerij De Boer,1,doos,47.0
2024-08-02,VLEES01,Burgerpatty 20x150g,Slagerij De Boer,8,doos,376.0
2024-08-06,VLEES01,Burgerpatty 20x150g,Slagerij De Boer,3,doos,141.0
2024-08-09,VLEES01,Burgerpatty 20x150g,Slagerij De Boer,7,doos,329.0
2024-08-13,VLEES01,Burgerpatty 20x150g,Slagerij De Boer,1,doos,47.0
2024-08-16,VLEES01,Burgerpatty 20x150g,Slagerij De Boer,8,doos,376.0
2024-08-23,VLEES01,Burgerpatty 20x150g,Slagerij De Boer,8,doos,376.0
2024-08-27,VLEES01,Burgerpatty 20x150g,Slagerij De Boer,1,doos,47.0
2024-08-30,VLEES01,Burgerpatty 20x150g,Slagerij De Boer,8,doos,376.0
2024-09-03,VLEES01,Burgerpatty 20x150g,Slagerij De Boer,1,doos,47.0
2024-09-06,VLEES01,Burgerpatty 20x150g,Slagerij De Boer,6,doos,282.0
2024-09-10,VLEES01,Burgerpatty 20x150g,Slagerij De Boer,3,doos,141.0
2024-09-13,VLEES01,Burgerpatty 20x150g,Slagerij De Boer,5,doos,235.0
2024-09-17,VLEES01,Burgerpatty 20x150g,Slagerij De Boer,2,doos,94.0
2024-09-20,VLEES01,Burgerpatty 20x150g,Slagerij De Boer,6,doos,282.0
2024-09-24,VLEES01,Burgerpatty 20x150g,Slagerij De Boer,2,doos,94.0
2024-09-27,VLEES01,Burgerpatty 20x150g,Slagerij De Boer,5,doos,235.0
2024-10-01,VLEES01,Burgerpatty 20x150g,Slagerij De Boer,2,doos,94.0
2024-10-04,VLEES01,Burgerpatty 20x150g,Slagerij De Boer,6,doos,282.0
2024-10-08,VLEES01,Burgerpatty 20x150g,Slagerij De Boer,2,doos,94.0
2024-10-11,VLEES01,Burgerpatty 20x150g,Slagerij De Boer,6,doos,282.0
2024-10-15,VLEES01,Burgerpatty 20x150g,Slagerij De Boer,2,doos,94.0
2024-10-18,VLEES01,Burgerpatty 20x150g,Slagerij De Boer,5,doos,235.0
2024-10-22,VLEES01,Burgerpatty 20x150g,Slagerij De Boer,2,doos,94.0
2024-10-25,VLEES01,Burgerpatty 20x150g,Slagerij De Boer,4,doos,188.0
2024-10-29,VLEES01,Burgerpatty 20x150g,Slagerij De Boer,2,doos,94.0
2024-11-01,VLEES01,Burgerpatty 20x150g,Slagerij De Boer,5,doos,235.0
2024-11-05,VLEES01,Burgerpatty 20x150g,Slagerij De Boer,1,doos,47.0
2024-11-08,VLEES01,Burgerpatty 20x150g,Slagerij De Boer,5,doos,235.0
2024-11-12,VLEES01,Burgerpatty 20x150g,Slagerij De Boer,3,doos,141.0
2024-11-15,VLEES01,Burgerpatty 20x150g,Slagerij De Boer,3,doos,141.0
2024-11-19,VLEES01,Burgerpatty 20x150g,Slagerij De Boer,1,doos,47.0
2024-11-22,VLEES01,Burgerpatty 20x150g,Slagerij De Boer,5,doos,235.0
2024-11-26,VLEES01,Burgerpatty 20x150g,Slagerij De Boer,1,doos,47.0
2024-11-29,VLEES01,Burgerpatty 20x150g,Slagerij De Boer,5,doos,235.0
2024-12-03,VLEES01,Burgerpatty 20x150g,Slagerij De Boer,1,doos,47.0
2024-12-06,VLEES01,Burgerpatty 20x150g,Slagerij De Boer,4,doos,188.0
2024-12-10,VLEES01,Burgerpatty 20x150g,Slagerij De Boer,3,doos,141.0
2024-12-13,VLEES01,Burgerpatty 20x150g,Slagerij De Boer,4,doos,188.0
2024-12-17,VLEES01,Burgerpatty 20x150g,Slagerij De Boer,3,doos,141.0
2024-12-20,VLEES01,Burgerpatty 20x150g,Slagerij De Boer,3,doos,141.0
2024-12-24,VLEES01,Burgerpatty 20x150g,Slagerij De Boer,2,doos,94.0
2024-12-27,VLEES01,Burgerpatty 20x150g,Slagerij De Boer,4,doos,188.0
2024-12-31,VLEES01,Burgerpatty 20x150g,Slagerij De Boer,1,doos,47.0
2025-01-03,VLEES01,Burgerpatty 20x150g,Slagerij De Boer,4,doos,188.0
2025-01-07,VLEES01,Burgerpatty 20x150g,Slagerij De Boer,1,doos,47.0
2025-01-10,VLEES01,Burgerpatty 20x150g,Slagerij De Boer,3,doos,141.0
2025-01-14,VLEES01,Burgerpatty 20x150g,Slagerij De Boer,3,doos,141.0
2025-01-17,VLEES01,Burgerpatty 20x150g,Slagerij De Boer,2,doos,94.0
2025-01-21,VLEES01,Burgerpatty 20x150g,Slagerij De Boer,1,doos,47.0
2025-01-24,VLEES01,Burgerpatty 20x150g,Slagerij De Boer,3,doos,141.0
2025-01-28,VLEES01,Burgerpatty 20x150g,Slagerij De Boer,1,doos,47.0
2025-01-31,VLEES01,Burgerpatty 20x150g,Slagerij De Boer,3,doos,141.0
2025-02-04,VLEES01,Burgerpatty 20x150g,Slagerij De Boer,3,doos,141.0
2025-02-07,VLEES01,Burgerpatty 20x150g,Slagerij De Boer,4,doos,188.0
2025-02-11,VLEES01,Burgerpatty 20x150g,Slagerij De Boer,2,doos,94.0
2025-02-14,VLEES01,Burgerpatty 20x150g,Slagerij De Boer,3,doos,141.0
2025-02-18,VLEES01,Burgerpatty 20x150g,Slagerij De Boer,3,doos,141.0
2025-02-21,VLEES01,Burgerpatty 20x150g,Slagerij De Boer,3,doos,141.0
2025-02-25,VLEES01,Burgerpatty 20x150g,Slagerij De Boer,2,doos,94.0
2025-02-28,VLEES01,Burgerpatty 20x150g,Slagerij De Boer,4,doos,188.0
2025-03-04,VLEES01,Burgerpatty 20x150g,Slagerij De Boer,1,doos,47.0
2025-03-07,VLEES01,Burgerpatty 20x150g,Slagerij De Boer,5,doos,235.0
2025-03-11,VLEES01,Burgerpatty 20x150g,Slagerij De Boer,1,doos,47.0
2025-03-14,VLEES01,Burgerpatty 20x150g,Slagerij De Boer,4,doos,188.0
2025-03-18,VLEES01,Burgerpatty 20x150g,Slagerij De Boer,2,doos,94.0
2025-03-21,VLEES01,Burgerpatty 20x150g,Slagerij De Boer,4,doos,188.0
2025-03-25,VLEES01,Burgerpatty 20x150g,Slagerij De Boer,3,doos,141.0
2025-03-28,VLEES01,Burgerpatty 20x150g,Slagerij De Boer,3,doos,141.0
2025-04-01,VLEES01,Burgerpatty 20x150g,Slagerij De Boer,2,doos,94.0
2025-04-04,VLEES01,Burgerpatty 20x150g,Slagerij De Boer,4,doos,188.0
2025-04-08,VLEES01,Burgerpatty 20x150g,Slagerij De Boer,1,doos,47.0
2025-04-11,VLEES01,Burgerpatty 20x150g,Slagerij De Boer,5,doos,235.0
2025-04-18,VLEES01,Burgerpatty 20x150g,Slagerij De Boer,4,doos,188.0
2025-04-22,VLEES01,Burgerpatty 20x150g,Slagerij De Boer,4,doos,188.0
2025-04-25,VLEES01,Burgerpatty 20x150g,Slagerij De Boer,4,doos,188.0
2025-04-29,VLEES01,Burgerpatty 20x150g,Slagerij De Boer,2,doos,94.0
2025-05-02,VLEES01,Burgerpatty 20x150g,Slagerij De Boer,4,doos,188.0
2025-05-06,VLEES01,Burgerpatty 20x150g,Slagerij De Boer,3,doos,141.0
2025-05-09,VLEES01,Burgerpatty 20x150g,Slagerij De Boer,3,doos,141.0
2025-05-13,VLEES01,Burgerpatty 20x150g,Slagerij De Boer,3,doos,141.0
2025-05-16,VLEES01,Burgerpatty 20x150g,Slagerij De Boer,7,doos,329.0
2025-05-20,VLEES01,Burgerpatty 20x150g,Slagerij De Boer,2,doos,94.0
2025-05-23,VLEES01,Burgerpatty 20x150g,Slagerij De Boer,4,doos,188.0
2025-05-27,VLEES01,Burgerpatty 20x150g,Slagerij De Boer,4,doos,188.0
2025-05-30,VLEES01,Burgerpatty 20x150g,Slagerij De Boer,6,doos,282.0
2025-06-03,VLEES01,Burgerpatty 20x150g,Slagerij De Boer,4,doos,188.0
2025-06-06,VLEES01,Burgerpatty 20x150g,Slagerij De Boer,5,doos,235.0
2025-06-10,VLEES01,Burgerpatty 20x150g,Slagerij De Boer,2,doos,94.0
2025-06-13,VLEES01,Burgerpatty 20x150g,Slagerij De Boer,8,doos,376.0
2025-06-17,VLEES01,Burgerpatty 20x150g,Slagerij De Boer,3,doos,141.0
2025-06-20,VLEES01,Burgerpatty 20x150g,Slagerij De Boer,6,doos,282.0
2025-06-24,VLEES01,Burgerpatty 20x150g,Slagerij De Boer,3,doos,141.0
2025-06-27,VLEES01,Burgerpatty 20x150g,Slagerij De Boer,8,doos,376.0
2025-07-01,VLEES01,Burgerpatty 20x150g,Slagerij De Boer,3,doos,141.0
2025-07-04,VLEES01,Burgerpatty 20x150g,Slagerij De Boer,5,doos,235.0
2025-07-08,VLEES01,Burgerpatty 20x150g,Slagerij De Boer,4,doos,188.0
2025-07-11,VLEES01,Burgerpatty 20x150g,Slagerij De Boer,7,doos,329.0
2025-07-15,VLEES01,Burgerpatty 20x150g,Slagerij De Boer,4,doos,188.0
2025-07-18,VLEES01,Burgerpatty 20x150g,Slagerij De Boer,7,doos,329.0
2025-07-22,VLEES01,Burgerpatty 20x150g,Slagerij De Boer,5,doos,235.0
2025-07-25,VLEES01,Burgerpatty 20x150g,Slagerij De Boer,8,doos,376.0
2025-07-29,VLEES01,Burgerpatty 20x150g,Slagerij De Boer,3,doos,141.0
2025-08-01,VLEES01,Burgerpatty 20x150g,Slagerij De Boer,10,doos,470.0
2025-08-05,VLEES01,Burgerpatty 20x150g,Slagerij De Boer,1,doos,47.0
2025-08-08,VLEES01,Burgerpatty 20x150g,Slagerij De Boer,10,doos,470.0
2025-08-12,VLEES01,Burgerpatty 20x150g,Slagerij De Boer,2,doos,94.0
2025-08-15,VLEES01,Burgerpatty 20x150g,Slagerij De Boer,7,doos,329.0
2025-08-19,VLEES01,Burgerpatty 20x150g,Slagerij De Boer,5,doos,235.0
2025-08-22,VLEES01,Burgerpatty 20x150g,Slagerij De Boer,6,doos,282.0
2025-08-26,VLEES01,Burgerpatty 20x150g,Slagerij De Boer,1,doos,47.0
2025-08-29,VLEES01,Burgerpatty 20x150g,Slagerij De Boer,8,doos,376.0
2025-09-02,VLEES01,Burgerpatty 20x150g,Slagerij De Boer,2,doos,94.0
2025-09-05,VLEES01,Burgerpatty 20x150g,Slagerij De Boer,8,doos,376.0
2025-09-12,VLEES01,Burgerpatty 20x150g,Slagerij De Boer,7,doos,329.0
2025-09-16,VLEES01,Burgerpatty 20x150g,Slagerij De Boer,2,doos,94.0
2025-09-19,VLEES01,Burgerpatty 20x150g,Slagerij De Boer,7,doos,329.0
2025-09-23,VLEES01,Burgerpatty 20x150g,Slagerij De Boer,2,doos,94.0
2025-09-26,VLEES01,Burgerpatty 20x150g,Slagerij De Boer,6,doos,282.0
2025-09-30,VLEES01,Burgerpatty 20x150g,Slagerij De Boer,2,doos,94.0
2025-10-03,VLEES01,Burgerpatty 20x150g,Slagerij De Boer,5,doos,235.0
2025-10-07,VLEES01,Burgerpatty 20x150g,Slagerij De Boer,1,doos,47.0
2025-10-10,VLEES01,Burgerpatty 20x150g,Slagerij De Boer,6,doos,282.0
2025-10-14,VLEES01,Burgerpatty 20x150g,Slagerij De Boer,2,doos,94.0
2025-10-17,VLEES01,Burgerpatty 20x150g,Slagerij De Boer,5,doos,235.0
2025-10-21,VLEES01,Burgerpatty 20x150g,Slagerij De Boer,2,doos,94.0
2025-10-24,VLEES01,Burgerpatty 20x150g,Slagerij De Boer,5,doos,235.0
2025-10-31,VLEES01,Burgerpatty 20x150g,Slagerij De Boer,5,doos,235.0
2025-11-04,VLEES01,Burgerpatty 20x150g,Slagerij De Boer,3,doos,141.0
2025-11-07,VLEES01,Burgerpatty 20x150g,Slagerij De Boer,3,doos,141.0
2025-11-11,VLEES01,Burgerpatty 20x150g,Slagerij De Boer,2,doos,94.0
2025-11-14,VLEES01,Burgerpatty 20x150g,Slagerij De Boer,5,doos,235.0
2025-11-18,VLEES01,Burgerpatty 20x150g,Slagerij De Boer,2,doos,94.0
2025-11-21,VLEES01,Burgerpatty 20x150g,Slagerij De Boer,5,doos,235.0
2025-11-25,VLEES01,Burgerpatty 20x150g,Slagerij De Boer,1,doos,47.0
2025-11-28,VLEES01,Burgerpatty 20x150g,Slagerij De Boer,5,doos,235.0
2025-12-02,VLEES01,Burgerpatty 20x150g,Slagerij De Boer,1,doos,47.0
2025-12-05,VLEES01,Burgerpatty 20x150g,Slagerij De Boer,5,doos,235.0
2025-12-09,VLEES01,Burgerpatty 20x150g,Slagerij De Boer,2,doos,94.0
2025-12-12,VLEES01,Burgerpatty 20x150g,Slagerij De Boer,5,doos,235.0
2025-12-16,VLEES01,Burgerpatty 20x150g,Slagerij De Boer,3,doos,141.0
2025-12-19,VLEES01,Burgerpatty 20x150g,Slagerij De Boer,4,doos,188.0
2025-12-23,VLEES01,Burgerpatty 20x150g,Slagerij De Boer,1,doos,47.0
2025-12-26,VLEES01,Burgerpatty 20x150g,Slagerij De Boer,5,doos,235.0
2026-01-02,VLEES01,Burgerpatty 20x150g,Slagerij De Boer,5,doos,235.0
2026-01-06,VLEES01,Burgerpatty 20x150g,Slagerij De Boer,1,doos,47.0
2026-01-09,VLEES01,Burgerpatty 20x150g,Slagerij De Boer,4,doos,188.0
2026-01-13,VLEES01,Burgerpatty 20x150g,Slagerij De Boer,1,doos,47.0
2026-01-16,VLEES01,Burgerpatty 20x150g,Slagerij De Boer,4,doos,188.0
2026-01-20,VLEES01,Burgerpatty 20x150g,Slagerij De Boer,1,doos,47.0
2026-01-23,VLEES01,Burgerpatty 20x150g,Slagerij De Boer,3,doos,141.0
2026-01-27,VLEES01,Burgerpatty 20x150g,Slagerij De Boer,2,doos,94.0
2026-01-30,VLEES01,Burgerpatty 20x150g,Slagerij De Boer,2,doos,94.0
2026-02-03,VLEES01,Burgerpatty 20x150g,Slagerij De Boer,2,doos,94.0
2026-02-06,VLEES01,Burgerpatty 20x150g,Slagerij De Boer,3,doos,141.0
2026-02-10,VLEES01,Burgerpatty 20x150g,Slagerij De Boer,2,doos,94.0
2026-02-13,VLEES01,Burgerpatty 20x150g,Slagerij De Boer,3,doos,141.0
2026-02-17,VLEES01,Burgerpatty 20x150g,Slagerij De Boer,2,doos,94.0
2026-02-20,VLEES01,Burgerpatty 20x150g,Slagerij De Boer,4,doos,188.0
2026-02-24,VLEES01,Burgerpatty 20x150g,Slagerij De Boer,2,doos,94.0
2026-02-27,VLEES01,Burgerpatty 20x150g,Slagerij De Boer,4,doos,188.0
2026-03-03,VLEES01,Burgerpatty 20x150g,Slagerij De Boer,2,doos,94.0
2026-03-06,VLEES01,Burgerpatty 20x150g,Slagerij De Boer,4,doos,188.0
2026-03-10,VLEES01,Burgerpatty 20x150g,Slagerij De Boer,2,doos,94.0
2026-03-13,VLEES01,Burgerpatty 20x150g,Slagerij De Boer,4,doos,188.0
2026-03-17,VLEES01,Burgerpatty 20x150g,Slagerij De Boer,2,doos,94.0
2026-03-20,VLEES01,Burgerpatty 20x150g,Slagerij De Boer,4,doos,188.0
2026-03-24,VLEES01,Burgerpatty 20x150g,Slagerij De Boer,3,doos,141.0
2026-03-27,VLEES01,Burgerpatty 20x150g,Slagerij De Boer,4,doos,188.0
2026-03-31,VLEES01,Burgerpatty 20x150g,Slagerij De Boer,1,doos,47.0
2026-04-03,VLEES01,Burgerpatty 20x150g,Slagerij De Boer,5,doos,235.0
2026-04-07,VLEES01,Burgerpatty 20x150g,Slagerij De Boer,2,doos,94.0
2026-04-10,VLEES01,Burgerpatty 20x150g,Slagerij De Boer,4,doos,188.0
2026-04-14,VLEES01,Burgerpatty 20x150g,Slagerij De Boer,1,doos,47.0
2026-04-17,VLEES01,Burgerpatty 20x150g,Slagerij De Boer,5,doos,235.0
2026-04-21,VLEES01,Burgerpatty 20x150g,Slagerij De Boer,3,doos,141.0
2026-04-24,VLEES01,Burgerpatty 20x150g,Slagerij De Boer,6,doos,282.0
2026-04-28,VLEES01,Burgerpatty 20x150g,Slagerij De Boer,2,doos,94.0
2026-05-01,VLEES01,Burgerpatty 20x150g,Slagerij De Boer,5,doos,235.0
2026-05-05,VLEES01,Burgerpatty 20x150g,Slagerij De Boer,3,doos,141.0
2026-05-08,VLEES01,Burgerpatty 20x150g,Slagerij De Boer,5,doos,235.0
2026-05-12,VLEES01,Burgerpatty 20x150g,Slagerij De Boer,3,doos,141.0
2026-05-15,VLEES01,Burgerpatty 20x150g,Slagerij De Boer,4,doos,188.0
2026-05-19,VLEES01,Burgerpatty 20x150g,Slagerij De Boer,4,doos,188.0
2026-05-22,VLEES01,Burgerpatty 20x150g,Slagerij De Boer,5,doos,235.0
2026-05-26,VLEES01,Burgerpatty 20x150g,Slagerij De Boer,2,doos,94.0
2026-05-29,VLEES01,Burgerpatty 20x150g,Slagerij De Boer,6,doos,282.0
2026-06-02,VLEES01,Burgerpatty 20x150g,Slagerij De Boer,4,doos,188.0
2026-06-05,VLEES01,Burgerpatty 20x150g,Slagerij De Boer,6,doos,282.0
2026-06-09,VLEES01,Burgerpatty 20x150g,Slagerij De Boer,4,doos,188.0
2026-06-12,VLEES01,Burgerpatty 20x150g,Slagerij De Boer,5,doos,235.0
2026-06-16,VLEES01,Burgerpatty 20x150g,Slagerij De Boer,5,doos,235.0
2026-06-19,VLEES01,Burgerpatty 20x150g,Slagerij De Boer,5,doos,235.0
2026-06-23,VLEES01,Burgerpatty 20x150g,Slagerij De Boer,4,doos,188.0
2026-06-26,VLEES01,Burgerpatty 20x150g,Slagerij De Boer,5,doos,235.0
2026-06-30,VLEES01,Burgerpatty 20x150g,Slagerij De Boer,4,doos,188.0
2026-07-03,VLEES01,Burgerpatty 20x150g,Slagerij De Boer,8,doos,376.0
2026-07-07,VLEES01,Burgerpatty 20x150g,Slagerij De Boer,5,doos,235.0
2026-07-10,VLEES01,Burgerpatty 20x150g,Slagerij De Boer,9,doos,423.0
2026-07-17,VLEES01,Burgerpatty 20x150g,Slagerij De Boer,8,doos,376.0
2026-07-21,VLEES01,Burgerpatty 20x150g,Slagerij De Boer,4,doos,188.0
2026-07-24,VLEES01,Burgerpatty 20x150g,Slagerij De Boer,7,doos,329.0
2026-07-28,VLEES01,Burgerpatty 20x150g,Slagerij De Boer,4,doos,188.0
2026-07-31,VLEES01,Burgerpatty 20x150g,Slagerij De Boer,6,doos,282.0
2026-08-04,VLEES01,Burgerpatty 20x150g,Slagerij De Boer,4,doos,188.0
2026-08-07,VLEES01,Burgerpatty 20x150g,Slagerij De Boer,10,doos,470.0
2026-08-11,VLEES01,Burgerpatty 20x150g,Slagerij De Boer,1,doos,47.0
2026-08-14,VLEES01,Burgerpatty 20x150g,Slagerij De Boer,9,doos,423.0
2026-08-18,VLEES01,Burgerpatty 20x150g,Slagerij De Boer,2,doos,94.0
2026-08-21,VLEES01,Burgerpatty 20x150g,Slagerij De Boer,7,doos,329.0
2026-08-25,VLEES01,Burgerpatty 20x150g,Slagerij De Boer,3,doos,141.0
2026-08-28,VLEES01,Burgerpatty 20x150g,Slagerij De Boer,7,doos,329.0
2023-09-04,AARD01,Verse friet 5kg,Sligro,7,zak,97.3
2023-09-07,AARD01,Verse friet 5kg,Sligro,5,zak,69.5
2023-09-11,AARD01,Verse friet 5kg,Sligro,8,zak,111.2
2023-09-14,AARD01,Verse friet 5kg,Sligro,6,zak,83.4
2023-09-18,AARD01,Verse friet 5kg,Sligro,6,zak,83.4
2023-09-21,AARD01,Verse friet 5kg,Sligro,3,zak,41.7
2023-09-25,AARD01,Verse friet 5kg,Sligro,4,zak,55.6
2023-09-28,AARD01,Verse friet 5kg,Sligro,6,zak,83.4
2023-10-02,AARD01,Verse friet 5kg,Sligro,5,zak,69.5
2023-10-05,AARD01,Verse friet 5kg,Sligro,6,zak,83.4
2023-10-09,AARD01,Verse friet 5kg,Sligro,5,zak,69.5
2023-10-12,AARD01,Verse friet 5kg,Sligro,5,zak,69.5
2023-10-16,AARD01,Verse friet 5kg,Sligro,5,zak,69.5
2023-10-19,AARD01,Verse friet 5kg,Sligro,5,zak,69.5
2023-10-23,AARD01,Verse friet 5kg,Sligro,4,zak,55.6
2023-10-26,AARD01,Verse friet 5kg,Sligro,7,zak,97.3
2023-10-30,AARD01,Verse friet 5kg,Sligro,3,zak,41.7
2023-11-02,AARD01,Verse friet 5kg,Sligro,7,zak,97.3
2023-11-06,AARD01,Verse friet 5kg,Sligro,2,zak,27.8
2023-11-09,AARD01,Verse friet 5kg,Sligro,5,zak,69.5
2023-11-13,AARD01,Verse friet 5kg,Sligro,5,zak,69.5
2023-11-16,AARD01,Verse friet 5kg,Sligro,4,zak,55.6
2023-11-20,AARD01,Verse friet 5kg,Sligro,4,zak,55.6
2023-11-23,AARD01,Verse friet 5kg,Sligro,5,zak,69.5
2023-11-27,AARD01,Verse friet 5kg,Sligro,4,zak,55.6
2023-11-30,AARD01,Verse friet 5kg,Sligro,4,zak,55.6
2023-12-04,AARD01,Verse friet 5kg,Sligro,3,zak,41.7
2023-12-07,AARD01,Verse friet 5kg,Sligro,5,zak,69.5
2023-12-11,AARD01,Verse friet 5kg,Sligro,3,zak,41.7
2023-12-14,AARD01,Verse friet 5kg,Sligro,5,zak,69.5
2023-12-18,AARD01,Verse friet 5kg,Sligro,4,zak,55.6
2023-12-21,AARD01,Verse friet 5kg,Sligro,5,zak,69.5
2023-12-25,AARD01,Verse friet 5kg,Sligro,2,zak,27.8
2023-12-28,AARD01,Verse friet 5kg,Sligro,6,zak,83.4
2024-01-01,AARD01,Verse friet 5kg,Sligro,2,zak,27.8
2024-01-04,AARD01,Verse friet 5kg,Sligro,4,zak,55.6
2024-01-08,AARD01,Verse friet 5kg,Sligro,2,zak,27.8
2024-01-11,AARD01,Verse friet 5kg,Sligro,4,zak,55.6
2024-01-15,AARD01,Verse friet 5kg,Sligro,3,zak,41.7
2024-01-18,AARD01,Verse friet 5kg,Sligro,3,zak,41.7
2024-01-22,AARD01,Verse friet 5kg,Sligro,3,zak,41.7
2024-01-25,AARD01,Verse friet 5kg,Sligro,3,zak,41.7
2024-01-29,AARD01,Verse friet 5kg,Sligro,2,zak,27.8
2024-02-01,AARD01,Verse friet 5kg,Sligro,4,zak,55.6
2024-02-05,AARD01,Verse friet 5kg,Sligro,4,zak,55.6
2024-02-08,AARD01,Verse friet 5kg,Sligro,4,zak,55.6
2024-02-12,AARD01,Verse friet 5kg,Sligro,4,zak,55.6
2024-02-15,AARD01,Verse friet 5kg,Sligro,5,zak,69.5
2024-02-19,AARD01,Verse friet 5kg,Sligro,3,zak,41.7
2024-02-22,AARD01,Verse friet 5kg,Sligro,4,zak,55.6
2024-02-26,AARD01,Verse friet 5kg,Sligro,5,zak,69.5
2024-02-29,AARD01,Verse friet 5kg,Sligro,4,zak,55.6
2024-03-04,AARD01,Verse friet 5kg,Sligro,4,zak,55.6
2024-03-07,AARD01,Verse friet 5kg,Sligro,5,zak,69.5
2024-03-11,AARD01,Verse friet 5kg,Sligro,5,zak,69.5
2024-03-14,AARD01,Verse friet 5kg,Sligro,5,zak,69.5
2024-03-18,AARD01,Verse friet 5kg,Sligro,4,zak,55.6
2024-03-21,AARD01,Verse friet 5kg,Sligro,5,zak,69.5
2024-03-25,AARD01,Verse friet 5kg,Sligro,3,zak,41.7
2024-03-28,AARD01,Verse friet 5kg,Sligro,6,zak,83.4
2024-04-01,AARD01,Verse friet 5kg,Sligro,3,zak,41.7
2024-04-04,AARD01,Verse friet 5kg,Sligro,5,zak,69.5
2024-04-08,AARD01,Verse friet 5kg,Sligro,1,zak,13.9
2024-04-11,AARD01,Verse friet 5kg,Sligro,5,zak,69.5
2024-04-15,AARD01,Verse friet 5kg,Sligro,3,zak,41.7
2024-04-18,AARD01,Verse friet 5kg,Sligro,6,zak,83.4
2024-04-22,AARD01,Verse friet 5kg,Sligro,4,zak,55.6
2024-04-25,AARD01,Verse friet 5kg,Sligro,6,zak,83.4
2024-04-29,AARD01,Verse friet 5kg,Sligro,5,zak,69.5
2024-05-02,AARD01,Verse friet 5kg,Sligro,5,zak,69.5
2024-05-06,AARD01,Verse friet 5kg,Sligro,5,zak,69.5
2024-05-09,AARD01,Verse friet 5kg,Sligro,6,zak,83.4
2024-05-13,AARD01,Verse friet 5kg,Sligro,6,zak,83.4
2024-05-16,AARD01,Verse friet 5kg,Sligro,7,zak,97.3
2024-05-20,AARD01,Verse friet 5kg,Sligro,5,zak,69.5
2024-05-23,AARD01,Verse friet 5kg,Sligro,6,zak,83.4
2024-05-27,AARD01,Verse friet 5kg,Sligro,6,zak,83.4
2024-05-30,AARD01,Verse friet 5kg,Sligro,6,zak,83.4
2024-06-03,AARD01,Verse friet 5kg,Sligro,6,zak,83.4
2024-06-06,AARD01,Verse friet 5kg,Sligro,6,zak,83.4
2024-06-10,AARD01,Verse friet 5kg,Sligro,7,zak,97.3
2024-06-13,AARD01,Verse friet 5kg,Sligro,8,zak,111.2
2024-06-17,AARD01,Verse friet 5kg,Sligro,7,zak,97.3
2024-06-20,AARD01,Verse friet 5kg,Sligro,9,zak,125.1
2024-06-24,AARD01,Verse friet 5kg,Sligro,6,zak,83.4
2024-06-27,AARD01,Verse friet 5kg,Sligro,9,zak,125.1
2024-07-01,AARD01,Verse friet 5kg,Sligro,5,zak,69.5
2024-07-04,AARD01,Verse friet 5kg,Sligro,11,zak,152.9
2024-07-08,AARD01,Verse friet 5kg,Sligro,4,zak,55.6
2024-07-11,AARD01,Verse friet 5kg,Sligro,9,zak,125.1
2024-07-15,AARD01,Verse friet 5kg,Sligro,7,zak,97.3
2024-07-18,AARD01,Verse friet 5kg,Sligro,9,zak,125.1
2024-07-22,AARD01,Verse friet 5kg,Sligro,7,zak,97.3
2024-07-25,AARD01,Verse friet 5kg,Sligro,7,zak,97.3
2024-07-29,AARD01,Verse friet 5kg,Sligro,9,zak,125.1
2024-08-01,AARD01,Verse friet 5kg,Sligro,6,zak,83.4
2024-08-05,AARD01,Verse friet 5kg,Sligro,8,zak,111.2
2024-08-08,AARD01,Verse friet 5kg,Sligro,9,zak,125.1
2024-08-12,AARD01,Verse friet 5kg,Sligro,4,zak,55.6
2024-08-15,AARD01,Verse friet 5kg,Sligro,8,zak,111.2
2024-08-19,AARD01,Verse friet 5kg,Sligro,6,zak,83.4
2024-08-22,AARD01,Verse friet 5kg,Sligro,5,zak,69.5
2024-08-26,AARD01,Verse friet 5kg,Sligro,6,zak,83.4
2024-08-29,AARD01,Verse friet 5kg,Sligro,7,zak,97.3
2024-09-02,AARD01,Verse friet 5kg,Sligro,5,zak,69.5
2024-09-05,AARD01,Verse friet 5kg,Sligro,9,zak,125.1
2024-09-09,AARD01,Verse friet 5kg,Sligro,5,zak,69.5
2024-09-12,AARD01,Verse friet 5kg,Sligro,7,zak,97.3
2024-09-16,AARD01,Verse friet 5kg,Sligro,4,zak,55.6
2024-09-19,AARD01,Verse friet 5kg,Sligro,6,zak,83.4
2024-09-23,AARD01,Verse friet 5kg,Sligro,6,zak,83.4
2024-09-26,AARD01,Verse friet 5kg,Sligro,6,zak,83.4
2024-09-30,AARD01,Verse friet 5kg,Sligro,1,zak,13.9
2024-10-03,AARD01,Verse friet 5kg,Sligro,7,zak,97.3
2024-10-07,AARD01,Verse friet 5kg,Sligro,6,zak,83.4
2024-10-10,AARD01,Verse friet 5kg,Sligro,6,zak,83.4
2024-10-14,AARD01,Verse friet 5kg,Sligro,5,zak,69.5
2024-10-17,AARD01,Verse friet 5kg,Sligro,4,zak,55.6
2024-10-21,AARD01,Verse friet 5kg,Sligro,5,zak,69.5
2024-10-24,AARD01,Verse friet 5kg,Sligro,6,zak,83.4
2024-10-28,AARD01,Verse friet 5kg,Sligro,2,zak,27.8
2024-10-31,AARD01,Verse friet 5kg,Sligro,7,zak,97.3
2024-11-04,AARD01,Verse friet 5kg,Sligro,4,zak,55.6
2024-11-07,AARD01,Verse friet 5kg,Sligro,4,zak,55.6
2024-11-11,AARD01,Verse friet 5kg,Sligro,5,zak,69.5
2024-11-14,AARD01,Verse friet 5kg,Sligro,6,zak,83.4
2024-11-18,AARD01,Verse friet 5kg,Sligro,2,zak,27.8
2024-11-21,AARD01,Verse friet 5kg,Sligro,6,zak,83.4
2024-11-25,AARD01,Verse friet 5kg,Sligro,4,zak,55.6
2024-11-28,AARD01,Verse friet 5kg,Sligro,5,zak,69.5
2024-12-02,AARD01,Verse friet 5kg,Sligro,2,zak,27.8
2024-12-05,AARD01,Verse friet 5kg,Sligro,6,zak,83.4
2024-12-09,AARD01,Verse friet 5kg,Sligro,3,zak,41.7
2024-12-12,AARD01,Verse friet 5kg,Sligro,5,zak,69.5
2024-12-16,AARD01,Verse friet 5kg,Sligro,5,zak,69.5
2024-12-19,AARD01,Verse friet 5kg,Sligro,5,zak,69.5
2024-12-23,AARD01,Verse friet 5kg,Sligro,5,zak,69.5
2024-12-26,AARD01,Verse friet 5kg,Sligro,4,zak,55.6
2024-12-30,AARD01,Verse friet 5kg,Sligro,3,zak,41.7
2025-01-02,AARD01,Verse friet 5kg,Sligro,4,zak,55.6
2025-01-09,AARD01,Verse friet 5kg,Sligro,4,zak,55.6
2025-01-13,AARD01,Verse friet 5kg,Sligro,4,zak,55.6
2025-01-16,AARD01,Verse friet 5kg,Sligro,4,zak,55.6
2025-01-20,AARD01,Verse friet 5kg,Sligro,2,zak,27.8
2025-01-23,AARD01,Verse friet 5kg,Sligro,2,zak,27.8
2025-01-27,AARD01,Verse friet 5kg,Sligro,3,zak,41.7
2025-01-30,AARD01,Verse friet 5kg,Sligro,3,zak,41.7
2025-02-03,AARD01,Verse friet 5kg,Sligro,4,zak,55.6
2025-02-06,AARD01,Verse friet 5kg,Sligro,5,zak,69.5
2025-02-10,AARD01,Verse friet 5kg,Sligro,4,zak,55.6
2025-02-13,AARD01,Verse friet 5kg,Sligro,6,zak,83.4
2025-02-17,AARD01,Verse friet 5kg,Sligro,3,zak,41.7
2025-02-20,AARD01,Verse friet 5kg,Sligro,5,zak,69.5
2025-02-24,AARD01,Verse friet 5kg,Sligro,3,zak,41.7
2025-02-27,AARD01,Verse friet 5kg,Sligro,5,zak,69.5
2025-03-03,AARD01,Verse friet 5kg,Sligro,4,zak,55.6
2025-03-06,AARD01,Verse friet 5kg,Sligro,4,zak,55.6
2025-03-10,AARD01,Verse friet 5kg,Sligro,4,zak,55.6
2025-03-13,AARD01,Verse friet 5kg,Sligro,5,zak,69.5
2025-03-17,AARD01,Verse friet 5kg,Sligro,4,zak,55.6
2025-03-20,AARD01,Verse friet 5kg,Sligro,5,zak,69.5
2025-03-24,AARD01,Verse friet 5kg,Sligro,5,zak,69.5
2025-03-27,AARD01,Verse friet 5kg,Sligro,4,zak,55.6
2025-03-31,AARD01,Verse friet 5kg,Sligro,5,zak,69.5
2025-04-03,AARD01,Verse friet 5kg,Sligro,5,zak,69.5
2025-04-07,AARD01,Verse friet 5kg,Sligro,5,zak,69.5
2025-04-10,AARD01,Verse friet 5kg,Sligro,3,zak,41.7
2025-04-14,AARD01,Verse friet 5kg,Sligro,5,zak,69.5
2025-04-17,AARD01,Verse friet 5kg,Sligro,4,zak,55.6
2025-04-21,AARD01,Verse friet 5kg,Sligro,5,zak,69.5
2025-04-24,AARD01,Verse friet 5kg,Sligro,5,zak,69.5
2025-04-28,AARD01,Verse friet 5kg,Sligro,5,zak,69.5
2025-05-01,AARD01,Verse friet 5kg,Sligro,5,zak,69.5
2025-05-05,AARD01,Verse friet 5kg,Sligro,4,zak,55.6
2025-05-08,AARD01,Verse friet 5kg,Sligro,6,zak,83.4
2025-05-12,AARD01,Verse friet 5kg,Sligro,6,zak,83.4
2025-05-15,AARD01,Verse friet 5kg,Sligro,7,zak,97.3
2025-05-19,AARD01,Verse friet 5kg,Sligro,6,zak,83.4
2025-05-22,AARD01,Verse friet 5kg,Sligro,6,zak,83.4
2025-05-26,AARD01,Verse friet 5kg,Sligro,7,zak,97.3
2025-05-29,AARD01,Verse friet 5kg,Sligro,6,zak,83.4
2025-06-02,AARD01,Verse friet 5kg,Sligro,7,zak,97.3
2025-06-05,AARD01,Verse friet 5kg,Sligro,6,zak,83.4
2025-06-09,AARD01,Verse friet 5kg,Sligro,7,zak,97.3
2025-06-12,AARD01,Verse friet 5kg,Sligro,11,zak,152.9
2025-06-16,AARD01,Verse friet 5kg,Sligro,8,zak,111.2
2025-06-19,AARD01,Verse friet 5kg,Sligro,8,zak,111.2
2025-06-23,AARD01,Verse friet 5kg,Sligro,6,zak,83.4
2025-06-26,AARD01,Verse friet 5kg,Sligro,9,zak,125.1
2025-06-30,AARD01,Verse friet 5kg,Sligro,8,zak,111.2
2025-07-03,AARD01,Verse friet 5kg,Sligro,8,zak,111.2
2025-07-07,AARD01,Verse friet 5kg,Sligro,5,zak,69.5
2025-07-10,AARD01,Verse friet 5kg,Sligro,10,zak,139.0
2025-07-14,AARD01,Verse friet 5kg,Sligro,8,zak,111.2
2025-07-17,AARD01,Verse friet 5kg,Sligro,9,zak,125.1
2025-07-21,AARD01,Verse friet 5kg,Sligro,6,zak,83.4
2025-07-24,AARD01,Verse friet 5kg,Sligro,9,zak,125.1
2025-07-28,AARD01,Verse friet 5kg,Sligro,9,zak,125.1
2025-07-31,AARD01,Verse friet 5kg,Sligro,8,zak,111.2
2025-08-04,AARD01,Verse friet 5kg,Sligro,8,zak,111.2
2025-08-07,AARD01,Verse friet 5kg,Sligro,7,zak,97.3
2025-08-11,AARD01,Verse friet 5kg,Sligro,7,zak,97.3
2025-08-14,AARD01,Verse friet 5kg,Sligro,7,zak,97.3
2025-08-18,AARD01,Verse friet 5kg,Sligro,7,zak,97.3
2025-08-21,AARD01,Verse friet 5kg,Sligro,6,zak,83.4
2025-08-25,AARD01,Verse friet 5kg,Sligro,5,zak,69.5
2025-08-28,AARD01,Verse friet 5kg,Sligro,10,zak,139.0
2025-09-01,AARD01,Verse friet 5kg,Sligro,5,zak,69.5
2025-09-04,AARD01,Verse friet 5kg,Sligro,6,zak,83.4
2025-09-08,AARD01,Verse friet 5kg,Sligro,7,zak,97.3
2025-09-11,AARD01,Verse friet 5kg,Sligro,6,zak,83.4
2025-09-15,AARD01,Verse friet 5kg,Sligro,5,zak,69.5
2025-09-18,AARD01,Verse friet 5kg,Sligro,8,zak,111.2
2025-09-22,AARD01,Verse friet 5kg,Sligro,6,zak,83.4
2025-09-25,AARD01,Verse friet 5kg,Sligro,4,zak,55.6
2025-09-29,AARD01,Verse friet 5kg,Sligro,6,zak,83.4
2025-10-02,AARD01,Verse friet 5kg,Sligro,6,zak,83.4
2025-10-06,AARD01,Verse friet 5kg,Sligro,1,zak,13.9
2025-10-09,AARD01,Verse friet 5kg,Sligro,7,zak,97.3
2025-10-13,AARD01,Verse friet 5kg,Sligro,5,zak,69.5
2025-10-16,AARD01,Verse friet 5kg,Sligro,5,zak,69.5
2025-10-20,AARD01,Verse friet 5kg,Sligro,4,zak,55.6
2025-10-23,AARD01,Verse friet 5kg,Sligro,5,zak,69.5
2025-10-27,AARD01,Verse friet 5kg,Sligro,4,zak,55.6
2025-10-30,AARD01,Verse friet 5kg,Sligro,7,zak,97.3
2025-11-03,AARD01,Verse friet 5kg,Sligro,5,zak,69.5
2025-11-06,AARD01,Verse friet 5kg,Sligro,5,zak,69.5
2025-11-10,AARD01,Verse friet 5kg,Sligro,3,zak,41.7
2025-11-13,AARD01,Verse friet 5kg,Sligro,5,zak,69.5
2025-11-17,AARD01,Verse friet 5kg,Sligro,4,zak,55.6
2025-11-20,AARD01,Verse friet 5kg,Sligro,5,zak,69.5
2025-11-24,AARD01,Verse friet 5kg,Sligro,4,zak,55.6
2025-11-27,AARD01,Verse friet 5kg,Sligro,6,zak,83.4
2025-12-01,AARD01,Verse friet 5kg,Sligro,2,zak,27.8
2025-12-04,AARD01,Verse friet 5kg,Sligro,4,zak,55.6
2025-12-08,AARD01,Verse friet 5kg,Sligro,5,zak,69.5
2025-12-11,AARD01,Verse friet 5kg,Sligro,6,zak,83.4
2025-12-15,AARD01,Verse friet 5kg,Sligro,5,zak,69.5
2025-12-18,AARD01,Verse friet 5kg,Sligro,6,zak,83.4
2025-12-22,AARD01,Verse friet 5kg,Sligro,5,zak,69.5
2025-12-25,AARD01,Verse friet 5kg,Sligro,3,zak,41.7
2025-12-29,AARD01,Verse friet 5kg,Sligro,3,zak,41.7
2026-01-01,AARD01,Verse friet 5kg,Sligro,3,zak,41.7
2026-01-05,AARD01,Verse friet 5kg,Sligro,3,zak,41.7
2026-01-08,AARD01,Verse friet 5kg,Sligro,4,zak,55.6
2026-01-12,AARD01,Verse friet 5kg,Sligro,3,zak,41.7
2026-01-15,AARD01,Verse friet 5kg,Sligro,4,zak,55.6
2026-01-19,AARD01,Verse friet 5kg,Sligro,2,zak,27.8
2026-01-22,AARD01,Verse friet 5kg,Sligro,4,zak,55.6
2026-01-26,AARD01,Verse friet 5kg,Sligro,3,zak,41.7
2026-01-29,AARD01,Verse friet 5kg,Sligro,3,zak,41.7
2026-02-02,AARD01,Verse friet 5kg,Sligro,4,zak,55.6
2026-02-05,AARD01,Verse friet 5kg,Sligro,4,zak,55.6
2026-02-09,AARD01,Verse friet 5kg,Sligro,4,zak,55.6
2026-02-12,AARD01,Verse friet 5kg,Sligro,2,zak,27.8
2026-02-16,AARD01,Verse friet 5kg,Sligro,4,zak,55.6
2026-02-19,AARD01,Verse friet 5kg,Sligro,6,zak,83.4
2026-02-23,AARD01,Verse friet 5kg,Sligro,4,zak,55.6
2026-02-26,AARD01,Verse friet 5kg,Sligro,5,zak,69.5
2026-03-02,AARD01,Verse friet 5kg,Sligro,3,zak,41.7
2026-03-05,AARD01,Verse friet 5kg,Sligro,6,zak,83.4
2026-03-09,AARD01,Verse friet 5kg,Sligro,3,zak,41.7
2026-03-12,AARD01,Verse friet 5kg,Sligro,5,zak,69.5
2026-03-16,AARD01,Verse friet 5kg,Sligro,5,zak,69.5
2026-03-19,AARD01,Verse friet 5kg,Sligro,4,zak,55.6
2026-03-23,AARD01,Verse friet 5kg,Sligro,5,zak,69.5
2026-03-26,AARD01,Verse friet 5kg,Sligro,6,zak,83.4
2026-03-30,AARD01,Verse friet 5kg,Sligro,3,zak,41.7
2026-04-02,AARD01,Verse friet 5kg,Sligro,4,zak,55.6
2026-04-06,AARD01,Verse friet 5kg,Sligro,5,zak,69.5
2026-04-09,AARD01,Verse friet 5kg,Sligro,4,zak,55.6
2026-04-13,AARD01,Verse friet 5kg,Sligro,3,zak,41.7
2026-04-16,AARD01,Verse friet 5kg,Sligro,6,zak,83.4
2026-04-20,AARD01,Verse friet 5kg,Sligro,6,zak,83.4
2026-04-23,AARD01,Verse friet 5kg,Sligro,5,zak,69.5
2026-04-27,AARD01,Verse friet 5kg,Sligro,5,zak,69.5
2026-04-30,AARD01,Verse friet 5kg,Sligro,7,zak,97.3
2026-05-04,AARD01,Verse friet 5kg,Sligro,5,zak,69.5
2026-05-07,AARD01,Verse friet 5kg,Sligro,7,zak,97.3
2026-05-11,AARD01,Verse friet 5kg,Sligro,5,zak,69.5
2026-05-14,AARD01,Verse friet 5kg,Sligro,7,zak,97.3
2026-05-18,AARD01,Verse friet 5kg,Sligro,7,zak,97.3
2026-05-21,AARD01,Verse friet 5kg,Sligro,7,zak,97.3
2026-05-25,AARD01,Verse friet 5kg,Sligro,4,zak,55.6
2026-05-28,AARD01,Verse friet 5kg,Sligro,8,zak,111.2
2026-06-01,AARD01,Verse friet 5kg,Sligro,7,zak,97.3
2026-06-04,AARD01,Verse friet 5kg,Sligro,7,zak,97.3
2026-06-08,AARD01,Verse friet 5kg,Sligro,7,zak,97.3
2026-06-11,AARD01,Verse friet 5kg,Sligro,8,zak,111.2
2026-06-15,AARD01,Verse friet 5kg,Sligro,7,zak,97.3
2026-06-18,AARD01,Verse friet 5kg,Sligro,7,zak,97.3
2026-06-22,AARD01,Verse friet 5kg,Sligro,7,zak,97.3
2026-06-25,AARD01,Verse friet 5kg,Sligro,9,zak,125.1
2026-06-29,AARD01,Verse friet 5kg,Sligro,8,zak,111.2
2026-07-02,AARD01,Verse friet 5kg,Sligro,9,zak,125.1
2026-07-06,AARD01,Verse friet 5kg,Sligro,8,zak,111.2
2026-07-09,AARD01,Verse friet 5kg,Sligro,11,zak,152.9
2026-07-13,AARD01,Verse friet 5kg,Sligro,6,zak,83.4
2026-07-16,AARD01,Verse friet 5kg,Sligro,8,zak,111.2
2026-07-20,AARD01,Verse friet 5kg,Sligro,7,zak,97.3
2026-07-23,AARD01,Verse friet 5kg,Sligro,11,zak,152.9
2026-07-27,AARD01,Verse friet 5kg,Sligro,8,zak,111.2
2026-07-30,AARD01,Verse friet 5kg,Sligro,8,zak,111.2
2026-08-03,AARD01,Verse friet 5kg,Sligro,9,zak,125.1
2026-08-06,AARD01,Verse friet 5kg,Sligro,9,zak,125.1
2026-08-10,AARD01,Verse friet 5kg,Sligro,9,zak,125.1
2026-08-13,AARD01,Verse friet 5kg,Sligro,10,zak,139.0
2026-08-17,AARD01,Verse friet 5kg,Sligro,5,zak,69.5
2026-08-20,AARD01,Verse friet 5kg,Sligro,7,zak,97.3
2026-08-24,AARD01,Verse friet 5kg,Sligro,6,zak,83.4
2026-08-27,AARD01,Verse friet 5kg,Sligro,10,zak,139.0
2026-08-31,AARD01,Verse friet 5kg,Sligro,8,zak,111.2
