datum,productcode,theoretisch_verbruik
2023-09-01,AARD01,11.76
2023-09-01,BIER01,30.75
2023-09-01,BIER02,37.0
2023-09-01,BROOD01,161.0
2023-09-01,BROOD02,30.0
2023-09-01,FRIS01,28.0
2023-09-01,FRIS02,36.0
2023-09-01,FRIS03,6.25
2023-09-01,KOF01,0.428
2023-09-01,VLEES01,30.0
2023-09-01,WIJN01,4.5
2023-09-01,WIJN02,4.35
2023-09-01,WIJN03,2.7
2023-09-01,ZUI01,5.25
2023-09-02,AARD01,13.16
2023-09-02,BIER01,27.5
2023-09-02,BIER02,25.0
2023-09-02,BROOD01,183.0
2023-09-02,BROOD02,22.0
2023-09-02,FRIS01,25.0
2023-09-02,FRIS02,27.0
2023-09-02,FRIS03,5.0
2023-09-02,KOF01,0.495
2023-09-02,VLEES01,22.0
2023-09-02,WIJN01,5.55
2023-09-02,WIJN02,5.4
2023-09-02,WIJN03,2.85
2023-09-02,ZUI01,5.7
2023-09-03,AARD01,7.42
2023-09-03,BIER01,14.0
2023-09-03,BIER02,17.0
2023-09-03,BROOD01,215.0
2023-09-03,BROOD02,18.0
2023-09-03,FRIS01,30.0
2023-09-03,FRIS02,19.0
2023-09-03,FRIS03,4.75
2023-09-03,KOF01,0.3
2023-09-03,VLEES01,18.0
2023-09-03,WIJN01,2.25
2023-09-03,WIJN02,1.8
2023-09-03,WIJN03,1.5
2023-09-03,ZUI01,2.7
2023-09-04,AARD01,7.28
2023-09-04,BIER01,11.5
2023-09-04,BIER02,5.0
2023-09-04,BROOD01,124.0
2023-09-04,BROOD02,18.0
2023-09-04,FRIS01,22.0
2023-09-04,FRIS02,15.0
2023-09-04,FRIS03,3.25
2023-09-04,KOF01,0.21
2023-09-04,VLEES01,18.0
2023-09-04,WIJN01,1.95
2023-09-04,WIJN02,1.8
2023-09-04,WIJN03,1.2
2023-09-04,ZUI01,1.65
2023-09-05,AARD01,6.44
2023-09-05,BIER01,8.25
2023-09-05,BIER02,14.0
2023-09-05,BROOD01,127.0
2023-09-05,BROOD02,21.0
2023-09-05,FRIS01,16.0
2023-09-05,FRIS02,9.0
2023-09-05,FRIS03,3.25
2023-09-05,KOF01,0.292
2023-09-05,VLEES01,21.0
2023-09-05,WIJN01,1.35
2023-09-05,WIJN02,0.75
2023-09-05,WIJN03,1.35
2023-09-05,ZUI01,2.4
2023-09-06,AARD01,4.76
2023-09-06,BIER01,9.5
2023-09-06,BIER02,6.0
2023-09-06,BROOD01,102.0
2023-09-06,BROOD02,6.0
2023-09-06,FRIS01,12.0
2023-09-06,FRIS02,13.0
2023-09-06,FRIS03,2.5
2023-09-06,KOF01,0.315
2023-09-06,VLEES01,6.0
2023-09-06,WIJN01,1.5
2023-09-06,WIJN02,1.2
2023-09-06,WIJN03,0.75
2023-09-06,ZUI01,3.3
2023-09-07,AARD01,9.52
2023-09-07,BIER01,17.25
2023-09-07,BIER02,10.0
2023-09-07,BROOD01,202.0
2023-09-07,BROOD02,28.0
2023-09-07,FRIS01,20.0
2023-09-07,FRIS02,22.0
2023-09-07,FRIS03,7.5
2023-09-07,KOF01,0.472
2023-09-07,VLEES01,28.0
2023-09-07,WIJN01,2.4
2023-09-07,WIJN02,2.85
2023-09-07,WIJN03,1.2
2023-09-07,ZUI01,5.1
2023-09-08,AARD01,19.46
2023-09-08,BIER01,43.0
2023-09-08,BIER02,45.0
2023-09-08,BROOD01,245.0
2023-09-08,BROOD02,54.0
2023-09-08,FRIS01,43.0
2023-09-08,FRIS02,42.0
2023-09-08,FRIS03,7.25
2023-09-08,KOF01,0.442
2023-09-08,VLEES01,54.0
2023-09-08,WIJN01,7.65
2023-09-08,WIJN02,6.6
2023-09-08,WIJN03,2.1
2023-09-08,ZUI01,5.25
2023-09-09,AARD01,14.56
2023-09-09,BIER01,29.5
2023-09-09,BIER02,26.0
2023-09-09,BROOD01,239.0
2023-09-09,BROOD02,27.0
2023-09-09,FRIS01,31.0
2023-09-09,FRIS02,29.0
2023-09-09,FRIS03,4.25
2023-09-09,KOF01,0.39
2023-09-09,VLEES01,27.0
2023-09-09,WIJN01,6.45
2023-09-09,WIJN02,3.0
2023-09-09,WIJN03,1.2
2023-09-09,ZUI01,4.35
2023-09-10,AARD01,13.44
2023-09-10,BIER01,15.5
2023-09-10,BIER02,13.0
2023-09-10,BROOD01,218.0
2023-09-10,BROOD02,37.0
2023-09-10,FRIS01,23.0
2023-09-10,FRIS02,30.0
2023-09-10,FRIS03,8.5
2023-09-10,KOF01,0.33
2023-09-10,VLEES01,37.0
2023-09-10,WIJN01,3.0
2023-09-10,WIJN02,3.45
2023-09-10,WIJN03,0.45
2023-09-10,ZUI01,4.35
2023-09-11,AARD01,4.34
2023-09-11,BIER01,10.25
2023-09-11,BIER02,7.0
2023-09-11,BROOD01,96.0
2023-09-11,BROOD02,7.0
2023-09-11,FRIS01,15.0
2023-09-11,FRIS02,17.0
2023-09-11,FRIS03,2.0
2023-09-11,KOF01,0.172
2023-09-11,VLEES01,7.0
2023-09-11,WIJN01,1.2
2023-09-11,WIJN02,1.35
2023-09-11,WIJN03,0.15
2023-09-11,ZUI01,2.1
2023-09-12,AARD01,7.0
2023-09-12,BIER01,6.25
2023-09-12,BIER02,6.0
2023-09-12,BROOD01,114.0
2023-09-12,BROOD02,27.0
2023-09-12,FRIS01,13.0
2023-09-12,FRIS02,9.0
2023-09-12,FRIS03,4.5
2023-09-12,KOF01,0.3
2023-09-12,VLEES01,27.0
2023-09-12,WIJN01,1.35
2023-09-12,WIJN02,2.55
2023-09-12,WIJN03,0.75
2023-09-12,ZUI01,2.55
2023-09-13,AARD01,7.84
2023-09-13,BIER01,13.75
2023-09-13,BIER02,16.0
2023-09-13,BROOD01,174.0
2023-09-13,BROOD02,18.0
2023-09-13,FRIS01,18.0
2023-09-13,FRIS02,8.0
2023-09-13,FRIS03,4.25
2023-09-13,KOF01,0.277
2023-09-13,VLEES01,18.0
2023-09-13,WIJN01,2.1
2023-09-13,WIJN02,3.3
2023-09-13,WIJN03,1.2
2023-09-13,ZUI01,3.6
2023-09-14,AARD01,6.72
2023-09-14,BIER01,11.0
2023-09-14,BIER02,9.0
2023-09-14,BROOD01,180.0
2023-09-14,BROOD02,16.0
2023-09-14,FRIS01,9.0
2023-09-14,FRIS02,24.0
2023-09-14,FRIS03,2.75
2023-09-14,KOF01,0.248
2023-09-14,VLEES01,16.0
2023-09-14,WIJN01,1.8
2023-09-14,WIJN02,2.25
2023-09-14,WIJN03,1.2
2023-09-14,ZUI01,1.8
2023-09-15,AARD01,17.5
2023-09-15,BIER01,36.25
2023-09-15,BIER02,25.0
2023-09-15,BROOD01,145.0
2023-09-15,BROOD02,28.0
2023-09-15,FRIS01,28.0
2023-09-15,FRIS02,28.0
2023-09-15,FRIS03,4.5
2023-09-15,KOF01,0.345
2023-09-15,VLEES01,28.0
2023-09-15,WIJN01,5.1
2023-09-15,WIJN02,2.4
2023-09-15,WIJN03,2.55
2023-09-15,ZUI01,4.5
2023-09-16,AARD01,10.64
2023-09-16,BIER01,22.0
2023-09-16,BIER02,19.0
2023-09-16,BROOD01,98.0
2023-09-16,BROOD02,18.0
2023-09-16,FRIS01,25.0
2023-09-16,FRIS02,15.0
2023-09-16,FRIS03,3.25
2023-09-16,KOF01,0.397
2023-09-16,VLEES01,18.0
2023-09-16,WIJN01,3.45
2023-09-16,WIJN02,2.55
2023-09-16,WIJN03,0.6
2023-09-16,ZUI01,3.45
2023-09-17,AARD01,6.72
2023-09-17,BIER01,9.25
2023-09-17,BIER02,6.0
2023-09-17,BROOD01,201.0
2023-09-17,BROOD02,15.0
2023-09-17,FRIS01,22.0
2023-09-17,FRIS02,20.0
2023-09-17,FRIS03,5.75
2023-09-17,KOF01,0.337
2023-09-17,VLEES01,15.0
2023-09-17,WIJN01,1.8
2023-09-17,WIJN02,1.8
2023-09-17,WIJN03,0.45
2023-09-17,ZUI01,3.3
2023-09-18,AARD01,4.62
2023-09-18,BIER01,7.0
2023-09-18,BIER02,9.0
2023-09-18,BROOD01,137.0
2023-09-18,BROOD02,8.0
2023-09-18,FRIS01,16.0
2023-09-18,FRIS02,20.0
2023-09-18,FRIS03,2.0
2023-09-18,KOF01,0.202
2023-09-18,VLEES01,8.0
2023-09-18,WIJN01,2.85
2023-09-18,WIJN02,1.5
2023-09-18,WIJN03,0.6
2023-09-18,ZUI01,2.25
2023-09-19,AARD01,2.24
2023-09-19,BIER01,5.5
2023-09-19,BIER02,6.0
2023-09-19,BROOD01,53.0
2023-09-19,BROOD02,9.0
2023-09-19,FRIS01,9.0
2023-09-19,FRIS02,12.0
2023-09-19,FRIS03,1.75
2023-09-19,KOF01,0.15
2023-09-19,VLEES01,9.0
2023-09-19,WIJN01,0.3
2023-09-19,WIJN02,0.9
2023-09-19,WIJN03,0.3
2023-09-19,ZUI01,1.8
2023-09-20,AARD01,3.92
2023-09-20,BIER01,9.75
2023-09-20,BIER02,3.0
2023-09-20,BROOD01,128.0
2023-09-20,BROOD02,8.0
2023-09-20,FRIS01,9.0
2023-09-20,FRIS02,15.0
2023-09-20,FRIS03,1.75
2023-09-20,KOF01,0.158
2023-09-20,VLEES01,8.0
2023-09-20,WIJN01,2.1
2023-09-20,WIJN02,1.65
2023-09-20,WIJN03,0.3
2023-09-20,ZUI01,1.8
2023-09-21,AARD01,6.86
2023-09-21,BIER01,8.75
2023-09-21,BIER02,10.0
2023-09-21,BROOD01,121.0
2023-09-21,BROOD02,18.0
2023-09-21,FRIS01,10.0
2023-09-21,FRIS02,15.0
2023-09-21,FRIS03,3.5
2023-09-21,KOF01,0.218
2023-09-21,VLEES01,18.0
2023-09-21,WIJN01,1.5
2023-09-21,WIJN02,0.9
2023-09-21,ZUI01,1.65
2023-09-22,AARD01,12.18
2023-09-22,BIER01,28.0
2023-09-22,BIER02,23.0
2023-09-22,BROOD01,169.0
2023-09-22,BROOD02,30.0
2023-09-22,FRIS01,37.0
2023-09-22,FRIS02,27.0
2023-09-22,FRIS03,9.0
2023-09-22,KOF01,0.502
2023-09-22,VLEES01,30.0
2023-09-22,WIJN01,6.3
2023-09-22,WIJN02,3.9
2023-09-22,WIJN03,2.25
2023-09-22,ZUI01,4.65
2023-09-23,AARD01,11.76
2023-09-23,BIER01,27.5
2023-09-23,BIER02,19.0
2023-09-23,BROOD01,188.0
2023-09-23,BROOD02,25.0
2023-09-23,FRIS01,15.0
2023-09-23,FRIS02,19.0
2023-09-23,FRIS03,3.25
2023-09-23,KOF01,0.225
2023-09-23,VLEES01,25.0
2023-09-23,WIJN01,4.05
2023-09-23,WIJN02,4.35
2023-09-23,WIJN03,1.2
2023-09-23,ZUI01,1.65
2023-09-24,AARD01,4.06
2023-09-24,BIER01,7.75
2023-09-24,BIER02,10.0
2023-09-24,BROOD01,216.0
2023-09-24,BROOD02,7.0
2023-09-24,FRIS01,11.0
2023-09-24,FRIS02,11.0
2023-09-24,FRIS03,2.0
2023-09-24,KOF01,0.33
2023-09-24,VLEES01,7.0
2023-09-24,WIJN01,2.1
2023-09-24,WIJN02,1.35
2023-09-24,WIJN03,0.6
2023-09-24,ZUI01,4.35
2023-09-25,AARD01,4.2
2023-09-25,BIER01,7.0
2023-09-25,BIER02,13.0
2023-09-25,BROOD01,135.0
2023-09-25,BROOD02,7.0
2023-09-25,FRIS01,10.0
2023-09-25,FRIS02,18.0
2023-09-25,FRIS03,3.5
2023-09-25,KOF01,0.128
2023-09-25,VLEES01,7.0
2023-09-25,WIJN01,0.6
2023-09-25,WIJN02,1.05
2023-09-25,WIJN03,0.6
2023-09-25,ZUI01,1.8
2023-09-26,AARD01,5.32
2023-09-26,BIER01,12.0
2023-09-26,BIER02,4.0
2023-09-26,BROOD01,160.0
2023-09-26,BROOD02,6.0
2023-09-26,FRIS01,12.0
2023-09-26,FRIS02,13.0
2023-09-26,FRIS03,1.0
2023-09-26,KOF01,0.21
2023-09-26,VLEES01,6.0
2023-09-26,WIJN01,1.2
2023-09-26,WIJN02,1.95
2023-09-26,WIJN03,0.6
2023-09-26,ZUI01,2.1
2023-09-27,AARD01,5.32
2023-09-27,BIER01,10.75
2023-09-27,BIER02,5.0
2023-09-27,BROOD01,79.0
2023-09-27,BROOD02,16.0
2023-09-27,FRIS01,11.0
2023-09-27,FRIS02,5.0
2023-09-27,FRIS03,3.0
2023-09-27,KOF01,0.09
2023-09-27,VLEES01,16.0
2023-09-27,WIJN01,1.05
2023-09-27,WIJN02,1.8
2023-09-27,WIJN03,0.6
2023-09-27,ZUI01,1.2
2023-09-28,AARD01,5.88
2023-09-28,BIER01,11.0
2023-09-28,BIER02,7.0
2023-09-28,BROOD01,110.0
2023-09-28,BROOD02,17.0
2023-09-28,FRIS01,24.0
2023-09-28,FRIS02,15.0
2023-09-28,FRIS03,5.75
2023-09-28,KOF01,0.18
2023-09-28,VLEES01,17.0
2023-09-28,WIJN01,1.05
2023-09-28,WIJN02,0.9
2023-09-28,WIJN03,0.3
2023-09-28,ZUI01,1.95
2023-09-29,AARD01,16.8
2023-09-29,BIER01,27.25
2023-09-29,BIER02,32.0
2023-09-29,BROOD01,184.0
2023-09-29,BROOD02,36.0
2023-09-29,FRIS01,27.0
2023-09-29,FRIS02,35.0
2023-09-29,FRIS03,5.5
2023-09-29,KOF01,0.33
2023-09-29,VLEES01,36.0
2023-09-29,WIJN01,6.75
2023-09-29,WIJN02,5.25
2023-09-29,WIJN03,3.0
2023-09-29,ZUI01,2.55
2023-09-30,AARD01,8.96
2023-09-30,BIER01,36.5
2023-09-30,BIER02,30.0
2023-09-30,BROOD01,248.0
2023-09-30,BROOD02,27.0
2023-09-30,FRIS01,25.0
2023-09-30,FRIS02,41.0
2023-09-30,FRIS03,6.5
2023-09-30,KOF01,0.33
2023-09-30,VLEES01,27.0
2023-09-30,WIJN01,4.95
2023-09-30,WIJN02,5.25
2023-09-30,WIJN03,1.05
2023-09-30,ZUI01,3.0
2023-10-01,AARD01,8.4
2023-10-01,BIER01,14.0
2023-10-01,BIER02,7.0
2023-10-01,BROOD01,130.0
2023-10-01,BROOD02,18.0
2023-10-01,FRIS01,19.0
2023-10-01,FRIS02,24.0
2023-10-01,FRIS03,5.0
2023-10-01,KOF01,0.375
2023-10-01,VLEES01,18.0
2023-10-01,WIJN01,3.3
2023-10-01,WIJN02,1.05
2023-10-01,WIJN03,0.45
2023-10-01,ZUI01,3.3
2023-10-02,AARD01,3.92
2023-10-02,BIER01,5.5
2023-10-02,BIER02,9.0
2023-10-02,BROOD01,70.0
2023-10-02,BROOD02,8.0
2023-10-02,FRIS01,3.0
2023-10-02,FRIS02,5.0
2023-10-02,FRIS03,1.0
2023-10-02,KOF01,0.105
2023-10-02,VLEES01,8.0
2023-10-02,WIJN01,1.65
2023-10-02,WIJN02,0.45
2023-10-02,WIJN03,0.15
2023-10-02,ZUI01,0.9
2023-10-03,AARD01,3.78
2023-10-03,BIER01,4.25
2023-10-03,BIER02,7.0
2023-10-03,BROOD01,75.0
2023-10-03,BROOD02,7.0
2023-10-03,FRIS01,5.0
2023-10-03,FRIS02,12.0
2023-10-03,FRIS03,3.0
2023-10-03,KOF01,0.285
2023-10-03,VLEES01,7.0
2023-10-03,WIJN01,1.2
2023-10-03,WIJN02,1.65
2023-10-03,WIJN03,0.45
2023-10-03,ZUI01,2.25
2023-10-04,AARD01,7.14
2023-10-04,BIER01,19.75
2023-10-04,BIER02,13.0
2023-10-04,BROOD01,134.0
2023-10-04,BROOD02,14.0
2023-10-04,FRIS01,14.0
2023-10-04,FRIS02,27.0
2023-10-04,FRIS03,1.5
2023-10-04,KOF01,0.232
2023-10-04,VLEES01,14.0
2023-10-04,WIJN01,2.55
2023-10-04,WIJN02,1.5
2023-10-04,WIJN03,1.05
2023-10-04,ZUI01,1.8
2023-10-05,AARD01,7.0
2023-10-05,BIER01,14.25
2023-10-05,BIER02,11.0
2023-10-05,BROOD01,116.0
2023-10-05,BROOD02,16.0
2023-10-05,FRIS01,8.0
2023-10-05,FRIS02,11.0
2023-10-05,FRIS03,2.25
2023-10-05,KOF01,0.292
2023-10-05,VLEES01,16.0
2023-10-05,WIJN01,2.4
2023-10-05,WIJN02,2.25
2023-10-05,WIJN03,1.2
2023-10-05,ZUI01,3.3
2023-10-06,AARD01,9.94
2023-10-06,BIER01,21.0
2023-10-06,BIER02,15.0
2023-10-06,BROOD01,141.0
2023-10-06,BROOD02,21.0
2023-10-06,FRIS01,21.0
2023-10-06,FRIS02,19.0
2023-10-06,FRIS03,3.5
2023-10-06,KOF01,0.262
2023-10-06,VLEES01,21.0
2023-10-06,WIJN01,4.35
2023-10-06,WIJN02,3.0
2023-10-06,WIJN03,1.35
2023-10-06,ZUI01,2.25
2023-10-07,AARD01,14.42
2023-10-07,BIER01,44.5
2023-10-07,BIER02,31.0
2023-10-07,BROOD01,202.0
2023-10-07,BROOD02,33.0
2023-10-07,FRIS01,46.0
2023-10-07,FRIS02,41.0
2023-10-07,FRIS03,6.75
2023-10-07,KOF01,0.54
2023-10-07,VLEES01,33.0
2023-10-07,WIJN01,5.1
2023-10-07,WIJN02,5.85
2023-10-07,WIJN03,2.1
2023-10-07,ZUI01,5.55
2023-10-08,AARD01,7.42
2023-10-08,BIER01,9.75
2023-10-08,BIER02,8.0
2023-10-08,BROOD01,168.0
2023-10-08,BROOD02,22.0
2023-10-08,FRIS01,16.0
2023-10-08,FRIS02,21.0
2023-10-08,FRIS03,5.0
2023-10-08,KOF01,0.36
2023-10-08,VLEES01,22.0
2023-10-08,WIJN01,2.7
2023-10-08,WIJN02,2.7
2023-10-08,WIJN03,0.75
2023-10-08,ZUI01,4.05
2023-10-09,AARD01,5.46
2023-10-09,BIER01,5.75
2023-10-09,BIER02,3.0
2023-10-09,BROOD01,41.0
2023-10-09,BROOD02,10.0
2023-10-09,FRIS01,6.0
2023-10-09,FRIS02,12.0
2023-10-09,FRIS03,1.25
2023-10-09,KOF01,0.202
2023-10-09,VLEES01,10.0
2023-10-09,WIJN01,0.75
2023-10-09,WIJN02,0.9
2023-10-09,WIJN03,0.75
2023-10-09,ZUI01,1.65
2023-10-10,AARD01,7.42
2023-10-10,BIER01,9.75
2023-10-10,BIER02,7.0
2023-10-10,BROOD01,121.0
2023-10-10,BROOD02,18.0
2023-10-10,FRIS01,21.0
2023-10-10,FRIS02,12.0
2023-10-10,FRIS03,4.75
2023-10-10,KOF01,0.255
2023-10-10,VLEES01,18.0
2023-10-10,WIJN01,3.15
2023-10-10,WIJN02,0.9
2023-10-10,WIJN03,0.6
2023-10-10,ZUI01,3.3
2023-10-11,AARD01,4.62
2023-10-11,BIER01,10.25
2023-10-11,BIER02,12.0
2023-10-11,BROOD01,108.0
2023-10-11,BROOD02,12.0
2023-10-11,FRIS01,13.0
2023-10-11,FRIS02,18.0
2023-10-11,FRIS03,2.5
2023-10-11,KOF01,0.195
2023-10-11,VLEES01,12.0
2023-10-11,WIJN01,2.25
2023-10-11,WIJN02,2.4
2023-10-11,WIJN03,0.45
2023-10-11,ZUI01,1.95
2023-10-12,AARD01,5.88
2023-10-12,BIER01,15.5
2023-10-12,BIER02,16.0
2023-10-12,BROOD01,124.0
2023-10-12,BROOD02,13.0
2023-10-12,FRIS01,11.0
2023-10-12,FRIS02,16.0
2023-10-12,FRIS03,3.5
2023-10-12,KOF01,0.18
2023-10-12,VLEES01,13.0
2023-10-12,WIJN01,3.45
2023-10-12,WIJN02,2.55
2023-10-12,WIJN03,1.05
2023-10-12,ZUI01,1.05
2023-10-13,AARD01,9.1
2023-10-13,BIER01,21.0
2023-10-13,BIER02,21.0
2023-10-13,BROOD01,135.0
2023-10-13,BROOD02,23.0
2023-10-13,FRIS01,21.0
2023-10-13,FRIS02,18.0
2023-10-13,FRIS03,5.0
2023-10-13,KOF01,0.255
2023-10-13,VLEES01,23.0
2023-10-13,WIJN01,3.3
2023-10-13,WIJN02,4.65
2023-10-13,WIJN03,2.25
2023-10-13,ZUI01,1.8
2023-10-14,AARD01,10.92
2023-10-14,BIER01,27.0
2023-10-14,BIER02,27.0
2023-10-14,BROOD01,176.0
2023-10-14,BROOD02,16.0
2023-10-14,FRIS01,27.0
2023-10-14,FRIS02,26.0
2023-10-14,FRIS03,6.75
2023-10-14,KOF01,0.465
2023-10-14,VLEES01,16.0
2023-10-14,WIJN01,3.75
2023-10-14,WIJN02,3.6
2023-10-14,WIJN03,2.1
2023-10-14,ZUI01,4.35
2023-10-15,AARD01,6.02
2023-10-15,BIER01,18.5
2023-10-15,BIER02,10.0
2023-10-15,BROOD01,199.0
2023-10-15,BROOD02,11.0
2023-10-15,FRIS01,21.0
2023-10-15,FRIS02,34.0
2023-10-15,FRIS03,6.5
2023-10-15,KOF01,0.42
2023-10-15,VLEES01,11.0
2023-10-15,WIJN01,1.05
2023-10-15,WIJN02,1.35
2023-10-15,WIJN03,0.45
2023-10-15,ZUI01,4.95
2023-10-16,AARD01,2.52
2023-10-16,BIER01,5.5
2023-10-16,BIER02,7.0
2023-10-16,BROOD01,48.0
2023-10-16,BROOD02,6.0
2023-10-16,FRIS01,12.0
2023-10-16,FRIS02,6.0
2023-10-16,FRIS03,2.5
2023-10-16,KOF01,0.142
2023-10-16,VLEES01,6.0
2023-10-16,WIJN01,2.1
2023-10-16,WIJN02,1.5
2023-10-16,WIJN03,0.3
2023-10-16,ZUI01,1.8
2023-10-17,AARD01,6.16
2023-10-17,BIER01,12.5
2023-10-17,BIER02,8.0
2023-10-17,BROOD01,58.0
2023-10-17,BROOD02,10.0
2023-10-17,FRIS01,6.0
2023-10-17,FRIS02,15.0
2023-10-17,FRIS03,1.75
2023-10-17,KOF01,0.24
2023-10-17,VLEES01,10.0
2023-10-17,WIJN01,1.65
2023-10-17,WIJN02,0.45
2023-10-17,WIJN03,0.15
2023-10-17,ZUI01,1.8
2023-10-18,AARD01,5.74
2023-10-18,BIER01,9.25
2023-10-18,BIER02,4.0
2023-10-18,BROOD01,139.0
2023-10-18,BROOD02,15.0
2023-10-18,FRIS01,14.0
2023-10-18,FRIS02,8.0
2023-10-18,FRIS03,2.5
2023-10-18,KOF01,0.33
2023-10-18,VLEES01,15.0
2023-10-18,WIJN01,2.7
2023-10-18,WIJN02,1.65
2023-10-18,WIJN03,1.5
2023-10-18,ZUI01,4.05
2023-10-19,AARD01,8.54
2023-10-19,BIER01,12.0
2023-10-19,BIER02,16.0
2023-10-19,BROOD01,86.0
2023-10-19,BROOD02,22.0
2023-10-19,FRIS01,12.0
2023-10-19,FRIS02,18.0
2023-10-19,FRIS03,2.5
2023-10-19,KOF01,0.225
2023-10-19,VLEES01,22.0
2023-10-19,WIJN01,2.25
2023-10-19,WIJN02,1.95
2023-10-19,WIJN03,0.75
2023-10-19,ZUI01,2.85
2023-10-20,AARD01,9.24
2023-10-20,BIER01,33.75
2023-10-20,BIER02,20.0
2023-10-20,BROOD01,241.0
2023-10-20,BROOD02,26.0
2023-10-20,FRIS01,30.0
2023-10-20,FRIS02,24.0
2023-10-20,FRIS03,6.0
2023-10-20,KOF01,0.442
2023-10-20,VLEES01,26.0
2023-10-20,WIJN01,3.9
2023-10-20,WIJN02,2.4
2023-10-20,WIJN03,1.8
2023-10-20,ZUI01,4.95
2023-10-21,AARD01,11.2
2023-10-21,BIER01,26.0
2023-10-21,BIER02,23.0
2023-10-21,BROOD01,131.0
2023-10-21,BROOD02,29.0
2023-10-21,FRIS01,24.0
2023-10-21,FRIS02,25.0
2023-10-21,FRIS03,4.75
2023-10-21,KOF01,0.232
2023-10-21,VLEES01,29.0
2023-10-21,WIJN01,3.75
2023-10-21,WIJN02,4.05
2023-10-21,WIJN03,1.2
2023-10-21,ZUI01,1.5
2023-10-22,AARD01,7.0
2023-10-22,BIER01,12.5
2023-10-22,BIER02,6.0
2023-10-22,BROOD01,148.0
2023-10-22,BROOD02,16.0
2023-10-22,FRIS01,19.0
2023-10-22,FRIS02,11.0
2023-10-22,FRIS03,3.25
2023-10-22,KOF01,0.27
2023-10-22,VLEES01,16.0
2023-10-22,WIJN01,1.65
2023-10-22,WIJN02,1.05
2023-10-22,WIJN03,1.05
2023-10-22,ZUI01,2.25
2023-10-23,AARD01,4.76
2023-10-23,BIER01,8.5
2023-10-23,BIER02,2.0
2023-10-23,BROOD01,108.0
2023-10-23,BROOD02,14.0
2023-10-23,FRIS01,9.0
2023-10-23,FRIS02,17.0
2023-10-23,FRIS03,3.25
2023-10-23,KOF01,0.082
2023-10-23,VLEES01,14.0
2023-10-23,WIJN01,1.65
2023-10-23,WIJN02,1.95
2023-10-23,WIJN03,1.35
2023-10-23,ZUI01,0.75
2023-10-24,AARD01,6.72
2023-10-24,BIER01,10.75
2023-10-24,BIER02,5.0
2023-10-24,BROOD01,118.0
2023-10-24,BROOD02,11.0
2023-10-24,FRIS01,20.0
2023-10-24,FRIS02,9.0
2023-10-24,FRIS03,7.5
2023-10-24,KOF01,0.3
2023-10-24,VLEES01,11.0
2023-10-24,WIJN01,2.25
2023-10-24,WIJN02,2.1
2023-10-24,WIJN03,0.75
2023-10-24,ZUI01,3.0
2023-10-25,AARD01,7.28
2023-10-25,BIER01,12.75
2023-10-25,BIER02,15.0
2023-10-25,BROOD01,135.0
2023-10-25,BROOD02,15.0
2023-10-25,FRIS01,12.0
2023-10-25,FRIS02,21.0
2023-10-25,FRIS03,2.25
2023-10-25,KOF01,0.337
2023-10-25,VLEES01,15.0
2023-10-25,WIJN01,1.8
2023-10-25,WIJN02,3.45
2023-10-25,WIJN03,0.6
2023-10-25,ZUI01,3.3
2023-10-26,AARD01,6.16
2023-10-26,BIER01,11.0
2023-10-26,BIER02,4.0
2023-10-26,BROOD01,168.0
2023-10-26,BROOD02,18.0
2023-10-26,FRIS01,19.0
2023-10-26,FRIS02,10.0
2023-10-26,FRIS03,3.25
2023-10-26,KOF01,0.397
2023-10-26,VLEES01,18.0
2023-10-26,WIJN01,1.8
2023-10-26,WIJN02,0.9
2023-10-26,WIJN03,0.75
2023-10-26,ZUI01,4.5
2023-10-27,AARD01,8.96
2023-10-27,BIER01,19.75
2023-10-27,BIER02,26.0
2023-10-27,BROOD01,109.0
2023-10-27,BROOD02,23.0
2023-10-27,FRIS01,32.0
2023-10-27,FRIS02,30.0
2023-10-27,FRIS03,4.0
2023-10-27,KOF01,0.202
2023-10-27,VLEES01,23.0
2023-10-27,WIJN01,5.25
2023-10-27,WIJN02,2.4
2023-10-27,WIJN03,1.35
2023-10-27,ZUI01,1.8
2023-10-28,AARD01,9.66
2023-10-28,BIER01,24.75
2023-10-28,BIER02,26.0
2023-10-28,BROOD01,122.0
2023-10-28,BROOD02,19.0
2023-10-28,FRIS01,21.0
2023-10-28,FRIS02,21.0
2023-10-28,FRIS03,3.5
2023-10-28,KOF01,0.352
2023-10-28,VLEES01,19.0
2023-10-28,WIJN01,3.9
2023-10-28,WIJN02,4.5
2023-10-28,WIJN03,2.25
2023-10-28,ZUI01,4.8
2023-10-29,AARD01,6.3
2023-10-29,BIER01,14.25
2023-10-29,BIER02,15.0
2023-10-29,BROOD01,176.0
2023-10-29,BROOD02,14.0
2023-10-29,FRIS01,10.0
2023-10-29,FRIS02,9.0
2023-10-29,FRIS03,5.0
2023-10-29,KOF01,0.262
2023-10-29,VLEES01,14.0
2023-10-29,WIJN01,1.5
2023-10-29,WIJN02,1.8
2023-10-29,WIJN03,2.1
2023-10-29,ZUI01,2.4
2023-10-30,AARD01,2.66
2023-10-30,BIER01,8.5
2023-10-30,BIER02,10.0
2023-10-30,BROOD01,107.0
2023-10-30,BROOD02,6.0
2023-10-30,FRIS01,7.0
2023-10-30,FRIS02,6.0
2023-10-30,FRIS03,1.75
2023-10-30,KOF01,0.15
2023-10-30,VLEES01,6.0
2023-10-30,WIJN01,1.8
2023-10-30,WIJN02,0.45
2023-10-30,WIJN03,0.45
2023-10-30,ZUI01,1.05
2023-10-31,AARD01,4.48
2023-10-31,BIER01,9.25
2023-10-31,BIER02,10.0
2023-10-31,BROOD01,120.0
2023-10-31,BROOD02,13.0
2023-10-31,FRIS01,10.0
2023-10-31,FRIS02,12.0
2023-10-31,FRIS03,1.75
2023-10-31,KOF01,0.218
2023-10-31,VLEES01,13.0
2023-10-31,WIJN01,1.65
2023-10-31,WIJN02,2.25
2023-10-31,WIJN03,0.3
2023-10-31,ZUI01,2.7
2023-11-01,AARD01,6.86
2023-11-01,BIER01,9.0
2023-11-01,BIER02,15.0
2023-11-01,BROOD01,94.0
2023-11-01,BROOD02,19.0
2023-11-01,FRIS01,9.0
2023-11-01,FRIS02,7.0
2023-11-01,FRIS03,1.75
2023-11-01,KOF01,0.172
2023-11-01,VLEES01,19.0
2023-11-01,WIJN01,2.7
2023-11-01,WIJN02,1.05
2023-11-01,WIJN03,0.75
2023-11-01,ZUI01,1.95
2023-11-02,AARD01,11.2
2023-11-02,BIER01,10.25
2023-11-02,BIER02,18.0
2023-11-02,BROOD01,113.0
2023-11-02,BROOD02,33.0
2023-11-02,FRIS01,26.0
2023-11-02,FRIS02,13.0
2023-11-02,FRIS03,3.75
2023-11-02,KOF01,0.12
2023-11-02,VLEES01,33.0
2023-11-02,WIJN01,2.85
2023-11-02,WIJN02,1.95
2023-11-02,WIJN03,0.75
2023-11-02,ZUI01,0.6
2023-11-03,AARD01,7.7
2023-11-03,BIER01,14.75
2023-11-03,BIER02,13.0
2023-11-03,BROOD01,163.0
2023-11-03,BROOD02,21.0
2023-11-03,FRIS01,14.0
2023-11-03,FRIS02,24.0
2023-11-03,FRIS03,3.25
2023-11-03,KOF01,0.308
2023-11-03,VLEES01,21.0
2023-11-03,WIJN01,2.4
2023-11-03,WIJN02,1.8
2023-11-03,WIJN03,1.5
2023-11-03,ZUI01,3.15
2023-11-04,AARD01,8.26
2023-11-04,BIER01,21.25
2023-11-04,BIER02,25.0
2023-11-04,BROOD01,105.0
2023-11-04,BROOD02,17.0
2023-11-04,FRIS01,19.0
2023-11-04,FRIS02,15.0
2023-11-04,FRIS03,3.0
2023-11-04,KOF01,0.218
2023-11-04,VLEES01,17.0
2023-11-04,WIJN01,4.5
2023-11-04,WIJN02,3.3
2023-11-04,WIJN03,1.5
2023-11-04,ZUI01,1.95
2023-11-05,AARD01,5.46
2023-11-05,BIER01,9.0
2023-11-05,BIER02,12.0
2023-11-05,BROOD01,172.0
2023-11-05,BROOD02,11.0
2023-11-05,FRIS01,10.0
2023-11-05,FRIS02,18.0
2023-11-05,FRIS03,5.25
2023-11-05,KOF01,0.315
2023-11-05,VLEES01,11.0
2023-11-05,WIJN01,2.4
2023-11-05,WIJN02,0.75
2023-11-05,WIJN03,0.75
2023-11-05,ZUI01,3.0
2023-11-06,AARD01,4.48
2023-11-06,BIER01,6.0
2023-11-06,BIER02,6.0
2023-11-06,BROOD01,62.0
2023-11-06,BROOD02,11.0
2023-11-06,FRIS01,10.0
2023-11-06,FRIS02,14.0
2023-11-06,FRIS03,3.75
2023-11-06,KOF01,0.195
2023-11-06,VLEES01,11.0
2023-11-06,WIJN01,1.8
2023-11-06,WIJN02,1.5
2023-11-06,WIJN03,0.9
2023-11-06,ZUI01,2.55
2023-11-07,AARD01,4.2
2023-11-07,BIER01,9.5
2023-11-07,BIER02,11.0
2023-11-07,BROOD01,142.0
2023-11-07,BROOD02,14.0
2023-11-07,FRIS01,10.0
2023-11-07,FRIS02,9.0
2023-11-07,FRIS03,1.25
2023-11-07,KOF01,0.172
2023-11-07,VLEES01,14.0
2023-11-07,WIJN01,1.2
2023-11-07,WIJN02,0.3
2023-11-07,WIJN03,0.9
2023-11-07,ZUI01,1.65
2023-11-08,AARD01,6.72
2023-11-08,BIER01,13.5
2023-11-08,BIER02,13.0
2023-11-08,BROOD01,94.0
2023-11-08,BROOD02,14.0
2023-11-08,FRIS01,9.0
2023-11-08,FRIS02,10.0
2023-11-08,FRIS03,4.5
2023-11-08,KOF01,0.195
2023-11-08,VLEES01,14.0
2023-11-08,WIJN01,1.5
2023-11-08,WIJN02,1.95
2023-11-08,WIJN03,1.2
2023-11-08,ZUI01,2.1
2023-11-09,AARD01,6.58
2023-11-09,BIER01,10.0
2023-11-09,BIER02,6.0
2023-11-09,BROOD01,66.0
2023-11-09,BROOD02,10.0
2023-11-09,FRIS01,12.0
2023-11-09,FRIS02,9.0
2023-11-09,FRIS03,2.25
2023-11-09,KOF01,0.158
2023-11-09,VLEES01,10.0
2023-11-09,WIJN01,2.25
2023-11-09,WIJN02,1.35
2023-11-09,WIJN03,0.75
2023-11-09,ZUI01,1.65
2023-11-10,AARD01,8.82
2023-11-10,BIER01,15.75
2023-11-10,BIER02,21.0
2023-11-10,BROOD01,115.0
2023-11-10,BROOD02,18.0
2023-11-10,FRIS01,24.0
2023-11-10,FRIS02,14.0
2023-11-10,FRIS03,3.5
2023-11-10,KOF01,0.3
2023-11-10,VLEES01,18.0
2023-11-10,WIJN01,3.3
2023-11-10,WIJN02,2.25
2023-11-10,WIJN03,1.5
2023-11-10,ZUI01,3.9
2023-11-11,AARD01,9.8
2023-11-11,BIER01,27.0
2023-11-11,BIER02,24.0
2023-11-11,BROOD01,148.0
2023-11-11,BROOD02,25.0
2023-11-11,FRIS01,28.0
2023-11-11,FRIS02,21.0
2023-11-11,FRIS03,4.5
2023-11-11,KOF01,0.24
2023-11-11,VLEES01,25.0
2023-11-11,WIJN01,4.95
2023-11-11,WIJN02,4.05
2023-11-11,WIJN03,2.25
2023-11-11,ZUI01,1.8
2023-11-12,AARD01,6.44
2023-11-12,BIER01,14.25
2023-11-12,BIER02,20.0
2023-11-12,BROOD01,195.0
2023-11-12,BROOD02,15.0
2023-11-12,FRIS01,20.0
2023-11-12,FRIS02,10.0
2023-11-12,FRIS03,4.75
2023-11-12,KOF01,0.337
2023-11-12,VLEES01,15.0
2023-11-12,WIJN01,1.95
2023-11-12,WIJN02,2.7
2023-11-12,WIJN03,1.95
2023-11-12,ZUI01,3.3
2023-11-13,AARD01,4.76
2023-11-13,BIER01,3.75
2023-11-13,BIER02,10.0
2023-11-13,BROOD01,69.0
2023-11-13,BROOD02,11.0
2023-11-13,FRIS01,10.0
2023-11-13,FRIS02,7.0
2023-11-13,FRIS03,2.0
2023-11-13,KOF01,0.09
2023-11-13,VLEES01,11.0
2023-11-13,WIJN01,1.5
2023-11-13,WIJN02,0.6
2023-11-13,WIJN03,0.6
2023-11-13,ZUI01,0.9
2023-11-14,AARD01,3.78
2023-11-14,BIER01,12.0
2023-11-14,BIER02,12.0
2023-11-14,BROOD01,80.0
2023-11-14,BROOD02,14.0
2023-11-14,FRIS01,12.0
2023-11-14,FRIS02,8.0
2023-11-14,FRIS03,1.75
2023-11-14,KOF01,0.158
2023-11-14,VLEES01,14.0
2023-11-14,WIJN01,2.55
2023-11-14,WIJN02,0.9
2023-11-14,WIJN03,0.45
2023-11-14,ZUI01,1.35
2023-11-15,AARD01,5.18
2023-11-15,BIER01,12.25
2023-11-15,BIER02,8.0
2023-11-15,BROOD01,97.0
2023-11-15,BROOD02,11.0
2023-11-15,FRIS01,16.0
2023-11-15,FRIS02,10.0
2023-11-15,FRIS03,3.25
2023-11-15,KOF01,0.21
2023-11-15,VLEES01,11.0
2023-11-15,WIJN01,1.95
2023-11-15,WIJN02,0.6
2023-11-15,WIJN03,0.9
2023-11-15,ZUI01,1.95
2023-11-16,AARD01,6.02
2023-11-16,BIER01,9.5
2023-11-16,BIER02,11.0
2023-11-16,BROOD01,66.0
2023-11-16,BROOD02,10.0
2023-11-16,FRIS01,16.0
2023-11-16,FRIS02,17.0
2023-11-16,FRIS03,3.25
2023-11-16,KOF01,0.165
2023-11-16,VLEES01,10.0
2023-11-16,WIJN01,1.8
2023-11-16,WIJN02,1.05
2023-11-16,WIJN03,0.6
2023-11-16,ZUI01,1.95
2023-11-17,AARD01,7.28
2023-11-17,BIER01,24.5
2023-11-17,BIER02,21.0
2023-11-17,BROOD01,143.0
2023-11-17,BROOD02,25.0
2023-11-17,FRIS01,25.0
2023-11-17,FRIS02,28.0
2023-11-17,FRIS03,4.0
2023-11-17,KOF01,0.277
2023-11-17,VLEES01,25.0
2023-11-17,WIJN01,4.2
2023-11-17,WIJN02,3.6
2023-11-17,WIJN03,1.8
2023-11-17,ZUI01,3.3
2023-11-18,AARD01,8.54
2023-11-18,BIER01,26.5
2023-11-18,BIER02,19.0
2023-11-18,BROOD01,133.0
2023-11-18,BROOD02,17.0
2023-11-18,FRIS01,19.0
2023-11-18,FRIS02,16.0
2023-11-18,FRIS03,2.5
2023-11-18,KOF01,0.285
2023-11-18,VLEES01,17.0
2023-11-18,WIJN01,2.7
2023-11-18,WIJN02,3.0
2023-11-18,WIJN03,0.45
2023-11-18,ZUI01,3.0
2023-11-19,AARD01,5.18
2023-11-19,BIER01,10.25
2023-11-19,BIER02,7.0
2023-11-19,BROOD01,203.0
2023-11-19,BROOD02,12.0
2023-11-19,FRIS01,18.0
2023-11-19,FRIS02,17.0
2023-11-19,FRIS03,4.0
2023-11-19,KOF01,0.315
2023-11-19,VLEES01,12.0
2023-11-19,WIJN01,2.7
2023-11-19,WIJN02,1.2
2023-11-19,ZUI01,3.45
2023-11-20,AARD01,4.06
2023-11-20,BIER01,4.25
2023-11-20,BIER02,3.0
2023-11-20,BROOD01,122.0
2023-11-20,BROOD02,12.0
2023-11-20,FRIS01,10.0
2023-11-20,FRIS02,15.0
2023-11-20,FRIS03,1.5
2023-11-20,KOF01,0.142
2023-11-20,VLEES01,12.0
2023-11-20,WIJN01,0.45
2023-11-20,WIJN02,0.3
2023-11-20,ZUI01,1.2
2023-11-21,AARD01,6.44
2023-11-21,BIER01,8.75
2023-11-21,BIER02,4.0
2023-11-21,BROOD01,129.0
2023-11-21,BROOD02,14.0
2023-11-21,FRIS01,5.0
2023-11-21,FRIS02,11.0
2023-11-21,FRIS03,2.75
2023-11-21,KOF01,0.172
2023-11-21,VLEES01,14.0
2023-11-21,WIJN01,1.8
2023-11-21,WIJN02,1.5
2023-11-21,WIJN03,0.6
2023-11-21,ZUI01,1.65
2023-11-22,AARD01,6.72
2023-11-22,BIER01,7.25
2023-11-22,BIER02,10.0
2023-11-22,BROOD01,96.0
2023-11-22,BROOD02,15.0
2023-11-22,FRIS01,10.0
2023-11-22,FRIS02,3.0
2023-11-22,FRIS03,1.25
2023-11-22,KOF01,0.195
2023-11-22,VLEES01,15.0
2023-11-22,WIJN01,1.05
2023-11-22,WIJN02,1.8
2023-11-22,WIJN03,0.6
2023-11-22,ZUI01,2.25
2023-11-23,AARD01,4.34
2023-11-23,BIER01,13.25
2023-11-23,BIER02,7.0
2023-11-23,BROOD01,89.0
2023-11-23,BROOD02,12.0
2023-11-23,FRIS01,13.0
2023-11-23,FRIS02,11.0
2023-11-23,FRIS03,3.75
2023-11-23,KOF01,0.262
2023-11-23,VLEES01,12.0
2023-11-23,WIJN01,2.55
2023-11-23,WIJN02,1.35
2023-11-23,WIJN03,0.45
2023-11-23,ZUI01,2.7
2023-11-24,AARD01,7.56
2023-11-24,BIER01,15.75
2023-11-24,BIER02,14.0
2023-11-24,BROOD01,90.0
2023-11-24,BROOD02,19.0
2023-11-24,FRIS01,20.0
2023-11-24,FRIS02,11.0
2023-11-24,FRIS03,3.0
2023-11-24,KOF01,0.225
2023-11-24,VLEES01,19.0
2023-11-24,WIJN01,3.75
2023-11-24,WIJN02,1.8
2023-11-24,WIJN03,0.3
2023-11-24,ZUI01,2.55
2023-11-25,AARD01,8.68
2023-11-25,BIER01,20.5
2023-11-25,BIER02,25.0
2023-11-25,BROOD01,186.0
2023-11-25,BROOD02,21.0
2023-11-25,FRIS01,27.0
2023-11-25,FRIS02,42.0
2023-11-25,FRIS03,4.0
2023-11-25,KOF01,0.315
2023-11-25,VLEES01,21.0
2023-11-25,WIJN01,3.75
2023-11-25,WIJN02,2.25
2023-11-25,WIJN03,1.05
2023-11-25,ZUI01,3.6
2023-11-26,AARD01,6.16
2023-11-26,BIER01,10.5
2023-11-26,BIER02,9.0
2023-11-26,BROOD01,115.0
2023-11-26,BROOD02,16.0
2023-11-26,FRIS01,13.0
2023-11-26,FRIS02,14.0
2023-11-26,FRIS03,4.0
2023-11-26,KOF01,0.352
2023-11-26,VLEES01,16.0
2023-11-26,WIJN01,0.9
2023-11-26,WIJN02,0.6
2023-11-26,WIJN03,1.2
2023-11-26,ZUI01,3.45
2023-11-27,AARD01,2.66
2023-11-27,BIER01,2.75
2023-11-27,BIER02,6.0
2023-11-27,BROOD01,63.0
2023-11-27,BROOD02,6.0
2023-11-27,FRIS01,7.0
2023-11-27,FRIS02,13.0
2023-11-27,FRIS03,1.25
2023-11-27,KOF01,0.225
2023-11-27,VLEES01,6.0
2023-11-27,WIJN01,0.75
2023-11-27,WIJN02,1.5
2023-11-27,WIJN03,0.45
2023-11-27,ZUI01,1.95
2023-11-28,AARD01,3.36
2023-11-28,BIER01,6.0
2023-11-28,BIER02,3.0
2023-11-28,BROOD01,129.0
2023-11-28,BROOD02,11.0
2023-11-28,FRIS01,14.0
2023-11-28,FRIS02,7.0
2023-11-28,FRIS03,3.75
2023-11-28,KOF01,0.277
2023-11-28,VLEES01,11.0
2023-11-28,WIJN01,0.9
2023-11-28,WIJN02,2.25
2023-11-28,WIJN03,0.3
2023-11-28,ZUI01,3.45
2023-11-29,AARD01,6.58
2023-11-29,BIER01,6.25
2023-11-29,BIER02,2.0
2023-11-29,BROOD01,133.0
2023-11-29,BROOD02,29.0
2023-11-29,FRIS01,18.0
2023-11-29,FRIS02,11.0
2023-11-29,FRIS03,3.75
2023-11-29,KOF01,0.202
2023-11-29,VLEES01,29.0
2023-11-29,WIJN01,1.05
2023-11-29,WIJN02,2.25
2023-11-29,WIJN03,1.05
2023-11-29,ZUI01,2.25
2023-11-30,AARD01,5.32
2023-11-30,BIER01,7.25
2023-11-30,BIER02,12.0
2023-11-30,BROOD01,134.0
2023-11-30,BROOD02,19.0
2023-11-30,FRIS01,6.0
2023-11-30,FRIS02,12.0
2023-11-30,FRIS03,2.5
2023-11-30,KOF01,0.21
2023-11-30,VLEES01,19.0
2023-11-30,WIJN01,2.25
2023-11-30,WIJN02,2.4
2023-11-30,WIJN03,0.3
2023-11-30,ZUI01,2.4
2023-12-01,AARD01,7.42
2023-12-01,BIER01,31.5
2023-12-01,BIER02,17.0
2023-12-01,BROOD01,161.0
2023-12-01,BROOD02,20.0
2023-12-01,FRIS01,25.0
2023-12-01,FRIS02,21.0
2023-12-01,FRIS03,4.75
2023-12-01,KOF01,0.345
2023-12-01,VLEES01,20.0
2023-12-01,WIJN01,4.35
2023-12-01,WIJN02,4.8
2023-12-01,WIJN03,2.4
2023-12-01,ZUI01,2.85
2023-12-02,AARD01,6.86
2023-12-02,BIER01,13.25
2023-12-02,BIER02,17.0
2023-12-02,BROOD01,59.0
2023-12-02,BROOD02,17.0
2023-12-02,FRIS01,12.0
2023-12-02,FRIS02,18.0
2023-12-02,FRIS03,2.5
2023-12-02,KOF01,0.195
2023-12-02,VLEES01,17.0
2023-12-02,WIJN01,5.1
2023-12-02,WIJN02,3.45
2023-12-02,WIJN03,1.8
2023-12-02,ZUI01,1.35
2023-12-03,AARD01,5.04
2023-12-03,BIER01,9.5
2023-12-03,BIER02,6.0
2023-12-03,BROOD01,130.0
2023-12-03,BROOD02,10.0
2023-12-03,FRIS01,18.0
2023-12-03,FRIS02,9.0
2023-12-03,FRIS03,4.25
2023-12-03,KOF01,0.33
2023-12-03,VLEES01,10.0
2023-12-03,WIJN01,1.2
2023-12-03,WIJN02,0.6
2023-12-03,WIJN03,0.45
2023-12-03,ZUI01,3.0
2023-12-04,AARD01,4.76
2023-12-04,BIER01,9.25
2023-12-04,BIER02,7.0
2023-12-04,BROOD01,61.0
2023-12-04,BROOD02,15.0
2023-12-04,FRIS01,6.0
2023-12-04,FRIS02,9.0
2023-12-04,FRIS03,4.75
2023-12-04,KOF01,0.18
2023-12-04,VLEES01,15.0
2023-12-04,WIJN01,0.3
2023-12-04,WIJN02,1.2
2023-12-04,WIJN03,1.35
2023-12-04,ZUI01,1.5
2023-12-05,AARD01,3.36
2023-12-05,BIER01,6.25
2023-12-05,BIER02,4.0
2023-12-05,BROOD01,66.0
2023-12-05,BROOD02,6.0
2023-12-05,FRIS01,16.0
2023-12-05,FRIS02,5.0
2023-12-05,FRIS03,1.75
2023-12-05,KOF01,0.202
2023-12-05,VLEES01,6.0
2023-12-05,WIJN01,1.65
2023-12-05,WIJN02,1.65
2023-12-05,WIJN03,0.15
2023-12-05,ZUI01,1.95
2023-12-06,AARD01,3.92
2023-12-06,BIER01,15.25
2023-12-06,BIER02,11.0
2023-12-06,BROOD01,137.0
2023-12-06,BROOD02,11.0
2023-12-06,FRIS01,9.0
2023-12-06,FRIS02,14.0
2023-12-06,FRIS03,2.0
2023-12-06,KOF01,0.262
2023-12-06,VLEES01,11.0
2023-12-06,WIJN01,2.4
2023-12-06,WIJN02,1.95
2023-12-06,WIJN03,1.35
2023-12-06,ZUI01,2.25
2023-12-07,AARD01,8.12
2023-12-07,BIER01,14.5
2023-12-07,BIER02,9.0
2023-12-07,BROOD01,119.0
2023-12-07,BROOD02,24.0
2023-12-07,FRIS01,13.0
2023-12-07,FRIS02,14.0
2023-12-07,FRIS03,5.25
2023-12-07,KOF01,0.255
2023-12-07,VLEES01,24.0
2023-12-07,WIJN01,2.1
2023-12-07,WIJN02,2.4
2023-12-07,WIJN03,0.45
2023-12-07,ZUI01,2.7
2023-12-08,AARD01,9.94
2023-12-08,BIER01,15.0
2023-12-08,BIER02,16.0
2023-12-08,BROOD01,103.0
2023-12-08,BROOD02,13.0
2023-12-08,FRIS01,21.0
2023-12-08,FRIS02,24.0
2023-12-08,FRIS03,3.25
2023-12-08,KOF01,0.135
2023-12-08,VLEES01,13.0
2023-12-08,WIJN01,5.25
2023-12-08,WIJN02,1.5
2023-12-08,WIJN03,1.05
2023-12-08,ZUI01,1.5
2023-12-09,AARD01,7.7
2023-12-09,BIER01,23.25
2023-12-09,BIER02,20.0
2023-12-09,BROOD01,135.0
2023-12-09,BROOD02,19.0
2023-12-09,FRIS01,12.0
2023-12-09,FRIS02,34.0
2023-12-09,FRIS03,2.25
2023-12-09,KOF01,0.225
2023-12-09,VLEES01,19.0
2023-12-09,WIJN01,5.1
2023-12-09,WIJN02,2.7
2023-12-09,WIJN03,2.1
2023-12-09,ZUI01,3.3
2023-12-10,AARD01,7.0
2023-12-10,BIER01,12.25
2023-12-10,BIER02,3.0
2023-12-10,BROOD01,191.0
2023-12-10,BROOD02,14.0
2023-12-10,FRIS01,15.0
2023-12-10,FRIS02,20.0
2023-12-10,FRIS03,4.25
2023-12-10,KOF01,0.308
2023-12-10,VLEES01,14.0
2023-12-10,WIJN01,1.35
2023-12-10,WIJN02,1.5
2023-12-10,WIJN03,0.9
2023-12-10,ZUI01,3.15
2023-12-11,AARD01,3.22
2023-12-11,BIER01,8.0
2023-12-11,BIER02,4.0
2023-12-11,BROOD01,60.0
2023-12-11,BROOD02,7.0
2023-12-11,FRIS01,16.0
2023-12-11,FRIS02,9.0
2023-12-11,FRIS03,3.5
2023-12-11,KOF01,0.098
2023-12-11,VLEES01,7.0
2023-12-11,WIJN01,0.3
2023-12-11,WIJN02,0.6
2023-12-11,ZUI01,0.45
2023-12-12,AARD01,2.1
2023-12-12,BIER01,6.75
2023-12-12,BIER02,7.0
2023-12-12,BROOD01,55.0
2023-12-12,BROOD02,3.0
2023-12-12,FRIS01,12.0
2023-12-12,FRIS02,13.0
2023-12-12,FRIS03,2.75
2023-12-12,KOF01,0.105
2023-12-12,VLEES01,3.0
2023-12-12,WIJN01,2.55
2023-12-12,WIJN02,1.2
2023-12-12,WIJN03,0.15
2023-12-12,ZUI01,0.9
2023-12-13,AARD01,6.02
2023-12-13,BIER01,10.5
2023-12-13,BIER02,15.0
2023-12-13,BROOD01,133.0
2023-12-13,BROOD02,20.0
2023-12-13,FRIS01,14.0
2023-12-13,FRIS02,11.0
2023-12-13,FRIS03,3.5
2023-12-13,KOF01,0.202
2023-12-13,VLEES01,20.0
2023-12-13,WIJN01,2.4
2023-12-13,WIJN02,1.95
2023-12-13,WIJN03,0.75
2023-12-13,ZUI01,2.25
2023-12-14,AARD01,7.98
2023-12-14,BIER01,6.0
2023-12-14,BIER02,8.0
2023-12-14,BROOD01,133.0
2023-12-14,BROOD02,20.0
2023-12-14,FRIS01,15.0
2023-12-14,FRIS02,16.0
2023-12-14,FRIS03,4.0
2023-12-14,KOF01,0.218
2023-12-14,VLEES01,20.0
2023-12-14,WIJN01,1.95
2023-12-14,WIJN02,1.2
2023-12-14,WIJN03,0.9
2023-12-14,ZUI01,2.7
2023-12-15,AARD01,5.74
2023-12-15,BIER01,12.25
2023-12-15,BIER02,15.0
2023-12-15,BROOD01,177.0
2023-12-15,BROOD02,9.0
2023-12-15,FRIS01,31.0
2023-12-15,FRIS02,21.0
2023-12-15,FRIS03,5.25
2023-12-15,KOF01,0.292
2023-12-15,VLEES01,9.0
2023-12-15,WIJN01,3.9
2023-12-15,WIJN02,2.85
2023-12-15,WIJN03,2.1
2023-12-15,ZUI01,3.45
2023-12-16,AARD01,8.26
2023-12-16,BIER01,23.25
2023-12-16,BIER02,19.0
2023-12-16,BROOD01,107.0
2023-12-16,BROOD02,17.0
2023-12-16,FRIS01,20.0
2023-12-16,FRIS02,23.0
2023-12-16,FRIS03,2.5
2023-12-16,KOF01,0.188
2023-12-16,VLEES01,17.0
2023-12-16,WIJN01,5.4
2023-12-16,WIJN02,2.1
2023-12-16,WIJN03,1.2
2023-12-16,ZUI01,2.4
2023-12-17,AARD01,8.54
2023-12-17,BIER01,10.75
2023-12-17,BIER02,8.0
2023-12-17,BROOD01,139.0
2023-12-17,BROOD02,14.0
2023-12-17,FRIS01,19.0
2023-12-17,FRIS02,11.0
2023-12-17,FRIS03,4.75
2023-12-17,KOF01,0.225
2023-12-17,VLEES01,14.0
2023-12-17,WIJN01,2.1
2023-12-17,WIJN02,3.0
2023-12-17,WIJN03,0.3
2023-12-17,ZUI01,2.7
2023-12-18,AARD01,3.92
2023-12-18,BIER01,7.5
2023-12-18,BIER02,4.0
2023-12-18,BROOD01,81.0
2023-12-18,BROOD02,4.0
2023-12-18,FRIS01,11.0
2023-12-18,FRIS02,10.0
2023-12-18,FRIS03,2.0
2023-12-18,KOF01,0.172
2023-12-18,VLEES01,4.0
2023-12-18,WIJN01,1.65
2023-12-18,WIJN02,0.45
2023-12-18,WIJN03,0.45
2023-12-18,ZUI01,1.65
2023-12-19,AARD01,5.46
2023-12-19,BIER01,8.75
2023-12-19,BIER02,7.0
2023-12-19,BROOD01,47.0
2023-12-19,BROOD02,7.0
2023-12-19,FRIS01,18.0
2023-12-19,FRIS02,7.0
2023-12-19,FRIS03,1.75
2023-12-19,KOF01,0.232
2023-12-19,VLEES01,7.0
2023-12-19,WIJN01,1.05
2023-12-19,WIJN02,1.65
2023-12-19,WIJN03,0.45
2023-12-19,ZUI01,1.8
2023-12-20,AARD01,6.16
2023-12-20,BIER01,12.5
2023-12-20,BIER02,10.0
2023-12-20,BROOD01,96.0
2023-12-20,BROOD02,20.0
2023-12-20,FRIS01,10.0
2023-12-20,FRIS02,28.0
2023-12-20,FRIS03,5.5
2023-12-20,KOF01,0.225
2023-12-20,VLEES01,20.0
2023-12-20,WIJN01,2.55
2023-12-20,WIJN02,1.8
2023-12-20,WIJN03,0.3
2023-12-20,ZUI01,1.5
2023-12-21,AARD01,7.7
2023-12-21,BIER01,10.5
2023-12-21,BIER02,10.0
2023-12-21,BROOD01,166.0
2023-12-21,BROOD02,18.0
2023-12-21,FRIS01,17.0
2023-12-21,FRIS02,17.0
2023-12-21,FRIS03,3.0
2023-12-21,KOF01,0.218
2023-12-21,VLEES01,18.0
2023-12-21,WIJN01,1.8
2023-12-21,WIJN02,1.65
2023-12-21,WIJN03,1.35
2023-12-21,ZUI01,2.85
2023-12-22,AARD01,9.94
2023-12-22,BIER01,16.5
2023-12-22,BIER02,16.0
2023-12-22,BROOD01,130.0
2023-12-22,BROOD02,27.0
2023-12-22,FRIS01,14.0
2023-12-22,FRIS02,20.0
2023-12-22,FRIS03,3.5
2023-12-22,KOF01,0.322
2023-12-22,VLEES01,27.0
2023-12-22,WIJN01,3.3
2023-12-22,WIJN02,1.2
2023-12-22,WIJN03,1.95
2023-12-22,ZUI01,2.55
2023-12-23,AARD01,8.54
2023-12-23,BIER01,19.0
2023-12-23,BIER02,16.0
2023-12-23,BROOD01,116.0
2023-12-23,BROOD02,22.0
2023-12-23,FRIS01,15.0
2023-12-23,FRIS02,13.0
2023-12-23,FRIS03,5.0
2023-12-23,KOF01,0.27
2023-12-23,VLEES01,22.0
2023-12-23,WIJN01,3.75
2023-12-23,WIJN02,3.6
2023-12-23,WIJN03,1.2
2023-12-23,ZUI01,2.85
2023-12-25,AARD01,3.92
2023-12-25,BIER01,8.0
2023-12-25,BIER02,5.0
2023-12-25,BROOD01,77.0
2023-12-25,BROOD02,8.0
2023-12-25,FRIS01,8.0
2023-12-25,FRIS02,13.0
2023-12-25,FRIS03,1.0
2023-12-25,KOF01,0.165
2023-12-25,VLEES01,8.0
2023-12-25,WIJN01,1.5
2023-12-25,WIJN02,0.9
2023-12-25,WIJN03,0.45
2023-12-25,ZUI01,1.05
2023-12-26,AARD01,6.58
2023-12-26,BIER01,13.5
2023-12-26,BIER02,12.0
2023-12-26,BROOD01,126.0
2023-12-26,BROOD02,17.0
2023-12-26,FRIS01,16.0
2023-12-26,FRIS02,14.0
2023-12-26,FRIS03,2.5
2023-12-26,KOF01,0.262
2023-12-26,VLEES01,17.0
2023-12-26,WIJN01,2.1
2023-12-26,WIJN02,1.2
2023-12-26,WIJN03,0.9
2023-12-26,ZUI01,3.0
2023-12-27,AARD01,6.3
2023-12-27,BIER01,4.0
2023-12-27,BIER02,5.0
2023-12-27,BROOD01,108.0
2023-12-27,BROOD02,16.0
2023-12-27,FRIS01,14.0
2023-12-27,FRIS02,11.0
2023-12-27,FRIS03,0.5
2023-12-27,KOF01,0.277
2023-12-27,VLEES01,16.0
2023-12-27,WIJN01,2.4
2023-12-27,WIJN02,0.6
2023-12-27,WIJN03,0.6
2023-12-27,ZUI01,2.4
2023-12-28,AARD01,5.04
2023-12-28,BIER01,13.75
2023-12-28,BIER02,5.0
2023-12-28,BROOD01,88.0
2023-12-28,BROOD02,14.0
2023-12-28,FRIS01,6.0
2023-12-28,FRIS02,8.0
2023-12-28,FRIS03,2.25
2023-12-28,KOF01,0.255
2023-12-28,VLEES01,14.0
2023-12-28,WIJN01,1.8
2023-12-28,WIJN02,1.95
2023-12-28,WIJN03,1.05
2023-12-28,ZUI01,2.7
2023-12-29,AARD01,6.16
2023-12-29,BIER01,13.75
2023-12-29,BIER02,9.0
2023-12-29,BROOD01,58.0
2023-12-29,BROOD02,16.0
2023-12-29,FRIS01,10.0
2023-12-29,FRIS02,20.0
2023-12-29,FRIS03,3.25
2023-12-29,KOF01,0.21
2023-12-29,VLEES01,16.0
2023-12-29,WIJN01,2.85
2023-12-29,WIJN02,2.1
2023-12-29,WIJN03,0.9
2023-12-29,ZUI01,2.1
2023-12-30,AARD01,7.7
2023-12-30,BIER01,20.25
2023-12-30,BIER02,19.0
2023-12-30,BROOD01,145.0
2023-12-30,BROOD02,17.0
2023-12-30,FRIS01,9.0
2023-12-30,FRIS02,22.0
2023-12-30,FRIS03,3.75
2023-12-30,KOF01,0.39
2023-12-30,VLEES01,17.0
2023-12-30,WIJN01,3.45
2023-12-30,WIJN02,3.75
2023-12-30,WIJN03,2.1
2023-12-30,ZUI01,4.65
2023-12-31,AARD01,3.78
2023-12-31,BIER01,7.75
2023-12-31,BIER02,4.0
2023-12-31,BROOD01,99.0
2023-12-31,BROOD02,6.0
2023-12-31,FRIS01,15.0
2023-12-31,FRIS02,14.0
2023-12-31,FRIS03,2.75
2023-12-31,KOF01,0.255
2023-12-31,VLEES01,6.0
2023-12-31,WIJN01,0.75
2023-12-31,WIJN02,0.6
2023-12-31,WIJN03,0.15
2023-12-31,ZUI01,1.95
2024-01-02,AARD01,3.08
2024-01-02,BIER01,5.75
2024-01-02,BIER02,6.0
2024-01-02,BROOD01,99.0
2024-01-02,FRIS01,11.0
2024-01-02,FRIS02,8.0
2024-01-02,FRIS03,1.5
2024-01-02,KOF01,0.075
2024-01-02,WIJN01,1.05
2024-01-02,WIJN02,0.6
2024-01-02,WIJN03,0.75
2024-01-02,ZUI01,1.05
2024-01-03,AARD01,5.88
2024-01-03,BIER01,5.25
2024-01-03,BIER02,9.0
2024-01-03,BROOD01,72.0
2024-01-03,BROOD02,12.0
2024-01-03,FRIS01,8.0
2024-01-03,FRIS02,8.0
2024-01-03,FRIS03,2.25
2024-01-03,KOF01,0.225
2024-01-03,VLEES01,12.0
2024-01-03,WIJN01,0.3
2024-01-03,WIJN02,2.25
2024-01-03,WIJN03,0.15
2024-01-03,ZUI01,1.65
2024-01-04,AARD01,4.48
2024-01-04,BIER01,8.5
2024-01-04,BIER02,12.0
2024-01-04,BROOD01,82.0
2024-01-04,BROOD02,15.0
2024-01-04,FRIS01,12.0
2024-01-04,FRIS02,14.0
2024-01-04,FRIS03,3.5
2024-01-04,KOF01,0.255
2024-01-04,VLEES01,15.0
2024-01-04,WIJN01,0.6
2024-01-04,WIJN02,1.35
2024-01-04,WIJN03,0.3
2024-01-04,ZUI01,3.0
2024-01-05,AARD01,4.06
2024-01-05,BIER01,13.25
2024-01-05,BIER02,14.0
2024-01-05,BROOD01,70.0
2024-01-05,BROOD02,10.0
2024-01-05,FRIS01,15.0
2024-01-05,FRIS02,15.0
2024-01-05,FRIS03,3.0
2024-01-05,KOF01,0.105
2024-01-05,VLEES01,10.0
2024-01-05,WIJN01,1.2
2024-01-05,WIJN02,2.25
2024-01-05,WIJN03,0.45
2024-01-05,ZUI01,1.35
2024-01-06,AARD01,6.3
2024-01-06,BIER01,14.0
2024-01-06,BIER02,17.0
2024-01-06,BROOD01,90.0
2024-01-06,BROOD02,13.0
2024-01-06,FRIS01,15.0
2024-01-06,FRIS02,19.0
2024-01-06,FRIS03,1.5
2024-01-06,KOF01,0.232
2024-01-06,VLEES01,13.0
2024-01-06,WIJN01,1.8
2024-01-06,WIJN02,2.85
2024-01-06,WIJN03,1.2
2024-01-06,ZUI01,2.4
2024-01-07,AARD01,4.76
2024-01-07,BIER01,5.75
2024-01-07,BIER02,9.0
2024-01-07,BROOD01,79.0
2024-01-07,BROOD02,13.0
2024-01-07,FRIS01,13.0
2024-01-07,FRIS02,7.0
2024-01-07,FRIS03,2.5
2024-01-07,KOF01,0.248
2024-01-07,VLEES01,13.0
2024-01-07,WIJN01,1.35
2024-01-07,WIJN02,0.9
2024-01-07,WIJN03,0.45
2024-01-07,ZUI01,1.8
2024-01-08,AARD01,1.96
2024-01-08,BIER01,5.0
2024-01-08,BIER02,2.0
2024-01-08,BROOD01,33.0
2024-01-08,BROOD02,8.0
2024-01-08,FRIS01,5.0
2024-01-08,FRIS02,11.0
2024-01-08,FRIS03,1.75
2024-01-08,KOF01,0.105
2024-01-08,VLEES01,8.0
2024-01-08,WIJN01,0.6
2024-01-08,WIJN02,0.6
2024-01-08,WIJN03,0.45
2024-01-08,ZUI01,0.6
2024-01-09,AARD01,2.94
2024-01-09,BIER01,3.25
2024-01-09,BIER02,7.0
2024-01-09,BROOD01,45.0
2024-01-09,BROOD02,8.0
2024-01-09,FRIS01,9.0
2024-01-09,FRIS02,1.0
2024-01-09,FRIS03,0.5
2024-01-09,KOF01,0.075
2024-01-09,VLEES01,8.0
2024-01-09,WIJN01,0.9
2024-01-09,WIJN02,0.45
2024-01-09,WIJN03,1.05
2024-01-09,ZUI01,0.75
2024-01-10,AARD01,5.88
2024-01-10,BIER01,6.5
2024-01-10,BIER02,6.0
2024-01-10,BROOD01,62.0
2024-01-10,BROOD02,12.0
2024-01-10,FRIS01,3.0
2024-01-10,FRIS02,11.0
2024-01-10,FRIS03,1.5
2024-01-10,KOF01,0.225
2024-01-10,VLEES01,12.0
2024-01-10,WIJN01,1.5
2024-01-10,WIJN02,0.9
2024-01-10,WIJN03,0.3
2024-01-10,ZUI01,2.85
2024-01-11,AARD01,6.58
2024-01-11,BIER01,7.25
2024-01-11,BIER02,7.0
2024-01-11,BROOD01,81.0
2024-01-11,BROOD02,18.0
2024-01-11,FRIS01,16.0
2024-01-11,FRIS02,9.0
2024-01-11,FRIS03,0.75
2024-01-11,KOF01,0.188
2024-01-11,VLEES01,18.0
2024-01-11,WIJN01,2.25
2024-01-11,WIJN02,1.5
2024-01-11,ZUI01,1.65
2024-01-12,AARD01,5.04
2024-01-12,BIER01,10.75
2024-01-12,BIER02,8.0
2024-01-12,BROOD01,80.0
2024-01-12,BROOD02,7.0
2024-01-12,FRIS01,10.0
2024-01-12,FRIS02,17.0
2024-01-12,FRIS03,3.5
2024-01-12,KOF01,0.18
2024-01-12,VLEES01,7.0
2024-01-12,WIJN01,2.55
2024-01-12,WIJN02,2.55
2024-01-12,WIJN03,0.75
2024-01-12,ZUI01,1.35
2024-01-13,AARD01,8.54
2024-01-13,BIER01,21.5
2024-01-13,BIER02,8.0
2024-01-13,BROOD01,136.0
2024-01-13,BROOD02,14.0
2024-01-13,FRIS01,18.0
2024-01-13,FRIS02,17.0
2024-01-13,FRIS03,5.0
2024-01-13,KOF01,0.195
2024-01-13,VLEES01,14.0
2024-01-13,WIJN01,3.75
2024-01-13,WIJN02,2.55
2024-01-13,WIJN03,2.1
2024-01-13,ZUI01,2.25
2024-01-14,AARD01,4.76
2024-01-14,BIER01,6.75
2024-01-14,BIER02,6.0
2024-01-14,BROOD01,83.0
2024-01-14,BROOD02,11.0
2024-01-14,FRIS01,10.0
2024-01-14,FRIS02,14.0
2024-01-14,FRIS03,2.25
2024-01-14,KOF01,0.142
2024-01-14,VLEES01,11.0
2024-01-14,WIJN01,0.9
2024-01-14,WIJN02,1.05
2024-01-14,WIJN03,0.6
2024-01-14,ZUI01,1.95
2024-01-15,AARD01,3.08
2024-01-15,BIER01,7.0
2024-01-15,BIER02,3.0
2024-01-15,BROOD01,81.0
2024-01-15,BROOD02,7.0
2024-01-15,FRIS01,17.0
2024-01-15,FRIS02,12.0
2024-01-15,FRIS03,2.75
2024-01-15,KOF01,0.06
2024-01-15,VLEES01,7.0
2024-01-15,WIJN01,1.35
2024-01-15,WIJN02,0.15
2024-01-15,WIJN03,0.6
2024-01-15,ZUI01,0.6
2024-01-16,AARD01,3.22
2024-01-16,BIER01,5.25
2024-01-16,BIER02,2.0
2024-01-16,BROOD01,56.0
2024-01-16,BROOD02,7.0
2024-01-16,FRIS01,8.0
2024-01-16,FRIS02,9.0
2024-01-16,FRIS03,2.0
2024-01-16,KOF01,0.135
2024-01-16,VLEES01,7.0
2024-01-16,WIJN01,1.65
2024-01-16,WIJN02,0.6
2024-01-16,WIJN03,0.3
2024-01-16,ZUI01,0.9
2024-01-17,AARD01,4.2
2024-01-17,BIER01,8.0
2024-01-17,BIER02,7.0
2024-01-17,BROOD01,75.0
2024-01-17,BROOD02,15.0
2024-01-17,FRIS01,8.0
2024-01-17,FRIS02,16.0
2024-01-17,FRIS03,2.0
2024-01-17,KOF01,0.082
2024-01-17,VLEES01,15.0
2024-01-17,WIJN01,0.9
2024-01-17,WIJN02,0.6
2024-01-17,WIJN03,1.05
2024-01-17,ZUI01,0.6
2024-01-18,AARD01,2.24
2024-01-18,BIER01,10.25
2024-01-18,BIER02,10.0
2024-01-18,BROOD01,61.0
2024-01-18,BROOD02,6.0
2024-01-18,FRIS01,4.0
2024-01-18,FRIS02,8.0
2024-01-18,FRIS03,0.5
2024-01-18,KOF01,0.158
2024-01-18,VLEES01,6.0
2024-01-18,WIJN01,1.35
2024-01-18,WIJN02,1.35
2024-01-18,WIJN03,0.3
2024-01-18,ZUI01,1.35
2024-01-19,AARD01,6.86
2024-01-19,BIER01,12.75
2024-01-19,BIER02,19.0
2024-01-19,BROOD01,93.0
2024-01-19,BROOD02,12.0
2024-01-19,FRIS01,15.0
2024-01-19,FRIS02,14.0
2024-01-19,FRIS03,1.75
2024-01-19,KOF01,0.225
2024-01-19,VLEES01,12.0
2024-01-19,WIJN01,3.3
2024-01-19,WIJN02,4.2
2024-01-19,WIJN03,1.35
2024-01-19,ZUI01,1.05
2024-01-20,AARD01,4.62
2024-01-20,BIER01,16.25
2024-01-20,BIER02,15.0
2024-01-20,BROOD01,86.0
2024-01-20,BROOD02,12.0
2024-01-20,FRIS01,8.0
2024-01-20,FRIS02,14.0
2024-01-20,FRIS03,2.5
2024-01-20,KOF01,0.06
2024-01-20,VLEES01,12.0
2024-01-20,WIJN01,1.65
2024-01-20,WIJN02,1.8
2024-01-20,WIJN03,0.9
2024-01-20,ZUI01,0.75
2024-01-21,AARD01,5.6
2024-01-21,BIER01,11.0
2024-01-21,BIER02,5.0
2024-01-21,BROOD01,91.0
2024-01-21,BROOD02,13.0
2024-01-21,FRIS01,19.0
2024-01-21,FRIS02,10.0
2024-01-21,FRIS03,1.5
2024-01-21,KOF01,0.188
2024-01-21,VLEES01,13.0
2024-01-21,WIJN01,1.2
2024-01-21,WIJN02,1.5
2024-01-21,WIJN03,0.15
2024-01-21,ZUI01,1.65
2024-01-22,AARD01,2.94
2024-01-22,BIER01,3.5
2024-01-22,BIER02,9.0
2024-01-22,BROOD01,21.0
2024-01-22,BROOD02,2.0
2024-01-22,FRIS01,7.0
2024-01-22,FRIS02,4.0
2024-01-22,FRIS03,1.0
2024-01-22,KOF01,0.075
2024-01-22,VLEES01,2.0
2024-01-22,WIJN01,0.9
2024-01-22,WIJN02,1.05
2024-01-22,WIJN03,0.75
2024-01-22,ZUI01,0.9
2024-01-23,AARD01,3.78
2024-01-23,BIER01,10.0
2024-01-23,BIER02,6.0
2024-01-23,BROOD01,53.0
2024-01-23,BROOD02,8.0
2024-01-23,FRIS01,16.0
2024-01-23,FRIS02,8.0
2024-01-23,FRIS03,2.5
2024-01-23,KOF01,0.12
2024-01-23,VLEES01,8.0
2024-01-23,WIJN01,1.2
2024-01-23,WIJN02,1.05
2024-01-23,WIJN03,0.3
2024-01-23,ZUI01,1.5
2024-01-24,AARD01,3.64
2024-01-24,BIER01,5.0
2024-01-24,BIER02,6.0
2024-01-24,BROOD01,81.0
2024-01-24,BROOD02,6.0
2024-01-24,FRIS01,9.0
2024-01-24,FRIS02,8.0
2024-01-24,FRIS03,0.75
2024-01-24,KOF01,0.188
2024-01-24,VLEES01,6.0
2024-01-24,WIJN01,2.55
2024-01-24,WIJN02,1.05
2024-01-24,WIJN03,0.15
2024-01-24,ZUI01,1.95
2024-01-25,AARD01,4.48
2024-01-25,BIER01,5.5
2024-01-25,BIER02,8.0
2024-01-25,BROOD01,47.0
2024-01-25,BROOD02,18.0
2024-01-25,FRIS01,8.0
2024-01-25,FRIS02,5.0
2024-01-25,FRIS03,2.25
2024-01-25,KOF01,0.158
2024-01-25,VLEES01,18.0
2024-01-25,WIJN01,1.8
2024-01-25,WIJN02,1.65
2024-01-25,WIJN03,0.3
2024-01-25,ZUI01,2.55
2024-01-26,AARD01,4.06
2024-01-26,BIER01,18.5
2024-01-26,BIER02,17.0
2024-01-26,BROOD01,108.0
2024-01-26,BROOD02,5.0
2024-01-26,FRIS01,17.0
2024-01-26,FRIS02,15.0
2024-01-26,FRIS03,1.5
2024-01-26,KOF01,0.262
2024-01-26,VLEES01,5.0
2024-01-26,WIJN01,1.95
2024-01-26,WIJN02,2.55
2024-01-26,WIJN03,0.9
2024-01-26,ZUI01,3.0
2024-01-27,AARD01,6.3
2024-01-27,BIER01,23.5
2024-01-27,BIER02,19.0
2024-01-27,BROOD01,119.0
2024-01-27,BROOD02,14.0
2024-01-27,FRIS01,7.0
2024-01-27,FRIS02,26.0
2024-01-27,FRIS03,2.5
2024-01-27,KOF01,0.15
2024-01-27,VLEES01,14.0
2024-01-27,WIJN01,2.4
2024-01-27,WIJN02,3.75
2024-01-27,WIJN03,0.75
2024-01-27,ZUI01,1.95
2024-01-28,AARD01,5.88
2024-01-28,BIER01,8.25
2024-01-28,BIER02,11.0
2024-01-28,BROOD01,122.0
2024-01-28,BROOD02,10.0
2024-01-28,FRIS01,13.0
2024-01-28,FRIS02,12.0
2024-01-28,FRIS03,2.75
2024-01-28,KOF01,0.135
2024-01-28,VLEES01,10.0
2024-01-28,WIJN01,1.65
2024-01-28,WIJN02,1.05
2024-01-28,WIJN03,0.75
2024-01-28,ZUI01,1.35
2024-01-29,AARD01,2.52
2024-01-29,BIER01,3.5
2024-01-29,BIER02,2.0
2024-01-29,BROOD01,48.0
2024-01-29,BROOD02,7.0
2024-01-29,FRIS01,6.0
2024-01-29,FRIS02,5.0
2024-01-29,FRIS03,3.5
2024-01-29,KOF01,0.098
2024-01-29,VLEES01,7.0
2024-01-29,WIJN01,0.3
2024-01-29,WIJN02,0.9
2024-01-29,WIJN03,0.15
2024-01-29,ZUI01,1.65
2024-01-30,AARD01,4.06
2024-01-30,BIER01,10.5
2024-01-30,BIER02,4.0
2024-01-30,BROOD01,67.0
2024-01-30,BROOD02,8.0
2024-01-30,FRIS01,6.0
2024-01-30,FRIS02,2.0
2024-01-30,FRIS03,2.25
2024-01-30,KOF01,0.142
2024-01-30,VLEES01,8.0
2024-01-30,WIJN01,1.05
2024-01-30,WIJN02,1.2
2024-01-30,WIJN03,0.3
2024-01-30,ZUI01,0.9
2024-01-31,AARD01,5.04
2024-01-31,BIER01,8.75
2024-01-31,BIER02,17.0
2024-01-31,BROOD01,110.0
2024-01-31,BROOD02,17.0
2024-01-31,FRIS01,10.0
2024-01-31,FRIS02,11.0
2024-01-31,FRIS03,3.75
2024-01-31,KOF01,0.248
2024-01-31,VLEES01,17.0
2024-01-31,WIJN01,0.6
2024-01-31,WIJN02,1.2
2024-01-31,WIJN03,0.75
2024-01-31,ZUI01,2.7
2024-02-01,AARD01,6.02
2024-02-01,BIER01,11.75
2024-02-01,BIER02,12.0
2024-02-01,BROOD01,110.0
2024-02-01,BROOD02,13.0
2024-02-01,FRIS01,12.0
2024-02-01,FRIS02,18.0
2024-02-01,FRIS03,2.5
2024-02-01,KOF01,0.142
2024-02-01,VLEES01,13.0
2024-02-01,WIJN01,1.35
2024-02-01,WIJN02,1.5
2024-02-01,WIJN03,0.6
2024-02-01,ZUI01,1.05
2024-02-02,AARD01,6.44
2024-02-02,BIER01,18.25
2024-02-02,BIER02,13.0
2024-02-02,BROOD01,160.0
2024-02-02,BROOD02,16.0
2024-02-02,FRIS01,30.0
2024-02-02,FRIS02,23.0
2024-02-02,FRIS03,6.75
2024-02-02,KOF01,0.322
2024-02-02,VLEES01,16.0
2024-02-02,WIJN01,3.45
2024-02-02,WIJN02,2.55
2024-02-02,WIJN03,2.1
2024-02-02,ZUI01,2.7
2024-02-03,AARD01,9.66
2024-02-03,BIER01,21.25
2024-02-03,BIER02,20.0
2024-02-03,BROOD01,166.0
2024-02-03,BROOD02,22.0
2024-02-03,FRIS01,27.0
2024-02-03,FRIS02,23.0
2024-02-03,FRIS03,5.0
2024-02-03,KOF01,0.33
2024-02-03,VLEES01,22.0
2024-02-03,WIJN01,3.15
2024-02-03,WIJN02,2.4
2024-02-03,WIJN03,0.6
2024-02-03,ZUI01,4.05
2024-02-04,AARD01,8.26
2024-02-04,BIER01,9.5
2024-02-04,BIER02,6.0
2024-02-04,BROOD01,119.0
2024-02-04,BROOD02,21.0
2024-02-04,FRIS01,21.0
2024-02-04,FRIS02,9.0
2024-02-04,FRIS03,4.25
2024-02-04,KOF01,0.285
2024-02-04,VLEES01,21.0
2024-02-04,WIJN01,2.7
2024-02-04,WIJN02,0.75
2024-02-04,WIJN03,0.15
2024-02-04,ZUI01,2.7
2024-02-05,AARD01,3.5
2024-02-05,BIER01,5.0
2024-02-05,BIER02,6.0
2024-02-05,BROOD01,92.0
2024-02-05,BROOD02,13.0
2024-02-05,FRIS01,12.0
2024-02-05,FRIS02,12.0
2024-02-05,FRIS03,2.75
2024-02-05,KOF01,0.06
2024-02-05,VLEES01,13.0
2024-02-05,WIJN01,1.65
2024-02-05,WIJN02,0.9
2024-02-05,WIJN03,0.3
2024-02-05,ZUI01,0.9
2024-02-06,AARD01,7.28
2024-02-06,BIER01,7.5
2024-02-06,BIER02,10.0
2024-02-06,BROOD01,109.0
2024-02-06,BROOD02,20.0
2024-02-06,FRIS01,16.0
2024-02-06,FRIS02,14.0
2024-02-06,FRIS03,2.75
2024-02-06,KOF01,0.135
2024-02-06,VLEES01,20.0
2024-02-06,WIJN01,1.35
2024-02-06,WIJN02,0.75
2024-02-06,WIJN03,0.75
2024-02-06,ZUI01,0.9
2024-02-07,AARD01,5.18
2024-02-07,BIER01,11.25
2024-02-07,BIER02,6.0
2024-02-07,BROOD01,107.0
2024-02-07,BROOD02,5.0
2024-02-07,FRIS01,5.0
2024-02-07,FRIS02,7.0
2024-02-07,FRIS03,3.5
2024-02-07,KOF01,0.218
2024-02-07,VLEES01,5.0
2024-02-07,WIJN01,0.9
2024-02-07,WIJN02,1.35
2024-02-07,WIJN03,0.3
2024-02-07,ZUI01,2.7
2024-02-08,AARD01,4.76
2024-02-08,BIER01,13.75
2024-02-08,BIER02,3.0
2024-02-08,BROOD01,93.0
2024-02-08,BROOD02,6.0
2024-02-08,FRIS01,8.0
2024-02-08,FRIS02,9.0
2024-02-08,FRIS03,2.75
2024-02-08,KOF01,0.188
2024-02-08,VLEES01,6.0
2024-02-08,WIJN01,1.5
2024-02-08,WIJN02,0.75
2024-02-08,WIJN03,1.05
2024-02-08,ZUI01,1.8
2024-02-09,AARD01,6.3
2024-02-09,BIER01,20.0
2024-02-09,BIER02,18.0
2024-02-09,BROOD01,123.0
2024-02-09,BROOD02,12.0
2024-02-09,FRIS01,17.0
2024-02-09,FRIS02,17.0
2024-02-09,FRIS03,2.75
2024-02-09,KOF01,0.27
2024-02-09,VLEES01,12.0
2024-02-09,WIJN01,2.25
2024-02-09,WIJN02,3.3
2024-02-09,WIJN03,0.75
2024-02-09,ZUI01,2.85
2024-02-10,AARD01,9.52
2024-02-10,BIER01,30.0
2024-02-10,BIER02,18.0
2024-02-10,BROOD01,162.0
2024-02-10,BROOD02,23.0
2024-02-10,FRIS01,28.0
2024-02-10,FRIS02,22.0
2024-02-10,FRIS03,4.5
2024-02-10,KOF01,0.315
2024-02-10,VLEES01,23.0
2024-02-10,WIJN01,4.35
2024-02-10,WIJN02,3.45
2024-02-10,WIJN03,1.35
2024-02-10,ZUI01,2.7
2024-02-11,AARD01,4.62
2024-02-11,BIER01,9.5
2024-02-11,BIER02,2.0
2024-02-11,BROOD01,123.0
2024-02-11,BROOD02,9.0
2024-02-11,FRIS01,16.0
2024-02-11,FRIS02,6.0
2024-02-11,FRIS03,3.0
2024-02-11,KOF01,0.21
2024-02-11,VLEES01,9.0
2024-02-11,WIJN01,2.4
2024-02-11,WIJN02,1.65
2024-02-11,WIJN03,0.15
2024-02-11,ZUI01,2.1
2024-02-12,AARD01,2.66
2024-02-12,BIER01,8.5
2024-02-12,BIER02,3.0
2024-02-12,BROOD01,79.0
2024-02-12,BROOD02,6.0
2024-02-12,FRIS01,9.0
2024-02-12,FRIS02,11.0
2024-02-12,FRIS03,1.25
2024-02-12,KOF01,0.06
2024-02-12,VLEES01,6.0
2024-02-12,WIJN01,1.35
2024-02-12,WIJN02,1.05
2024-02-12,ZUI01,0.75
2024-02-13,AARD01,5.18
2024-02-13,BIER01,6.0
2024-02-13,BIER02,9.0
2024-02-13,BROOD01,110.0
2024-02-13,BROOD02,14.0
2024-02-13,FRIS01,7.0
2024-02-13,FRIS02,12.0
2024-02-13,FRIS03,1.0
2024-02-13,KOF01,0.15
2024-02-13,VLEES01,14.0
2024-02-13,WIJN01,0.9
2024-02-13,WIJN02,0.6
2024-02-13,WIJN03,0.15
2024-02-13,ZUI01,1.05
2024-02-14,AARD01,6.02
2024-02-14,BIER01,6.25
2024-02-14,BIER02,5.0
2024-02-14,BROOD01,68.0
2024-02-14,BROOD02,21.0
2024-02-14,FRIS01,7.0
2024-02-14,FRIS02,16.0
2024-02-14,FRIS03,3.0
2024-02-14,KOF01,0.15
2024-02-14,VLEES01,21.0
2024-02-14,WIJN01,1.2
2024-02-14,WIJN02,1.05
2024-02-14,WIJN03,0.45
2024-02-14,ZUI01,1.5
2024-02-15,AARD01,4.06
2024-02-15,BIER01,12.75
2024-02-15,BIER02,5.0
2024-02-15,BROOD01,89.0
2024-02-15,BROOD02,5.0
2024-02-15,FRIS01,6.0
2024-02-15,FRIS02,17.0
2024-02-15,FRIS03,3.5
2024-02-15,KOF01,0.128
2024-02-15,VLEES01,5.0
2024-02-15,WIJN01,2.4
2024-02-15,WIJN02,2.4
2024-02-15,WIJN03,1.05
2024-02-15,ZUI01,0.75
2024-02-16,AARD01,7.98
2024-02-16,BIER01,13.0
2024-02-16,BIER02,12.0
2024-02-16,BROOD01,74.0
2024-02-16,BROOD02,17.0
2024-02-16,FRIS01,10.0
2024-02-16,FRIS02,17.0
2024-02-16,FRIS03,2.0
2024-02-16,KOF01,0.285
2024-02-16,VLEES01,17.0
2024-02-16,WIJN01,4.2
2024-02-16,WIJN02,2.7
2024-02-16,WIJN03,1.2
2024-02-16,ZUI01,3.0
2024-02-17,AARD01,6.16
2024-02-17,BIER01,19.75
2024-02-17,BIER02,11.0
2024-02-17,BROOD01,91.0
2024-02-17,BROOD02,19.0
2024-02-17,FRIS01,16.0
2024-02-17,FRIS02,9.0
2024-02-17,FRIS03,3.5
2024-02-17,KOF01,0.232
2024-02-17,VLEES01,19.0
2024-02-17,WIJN01,5.1
2024-02-17,WIJN02,3.0
2024-02-17,WIJN03,1.05
2024-02-17,ZUI01,2.1
2024-02-18,AARD01,6.16
2024-02-18,BIER01,8.0
2024-02-18,BIER02,3.0
2024-02-18,BROOD01,114.0
2024-02-18,BROOD02,16.0
2024-02-18,FRIS01,19.0
2024-02-18,FRIS02,16.0
2024-02-18,FRIS03,3.5
2024-02-18,KOF01,0.315
2024-02-18,VLEES01,16.0
2024-02-18,WIJN01,2.85
2024-02-18,WIJN02,3.15
2024-02-18,WIJN03,0.45
2024-02-18,ZUI01,3.0
2024-02-19,AARD01,3.22
2024-02-19,BIER01,3.75
2024-02-19,BIER02,2.0
2024-02-19,BROOD01,68.0
2024-02-19,BROOD02,11.0
2024-02-19,FRIS01,8.0
2024-02-19,FRIS02,4.0
2024-02-19,FRIS03,2.5
2024-02-19,KOF01,0.24
2024-02-19,VLEES01,11.0
2024-02-19,WIJN01,1.05
2024-02-19,WIJN02,0.9
2024-02-19,WIJN03,0.6
2024-02-19,ZUI01,2.25
2024-02-20,AARD01,4.9
2024-02-20,BIER01,5.75
2024-02-20,BIER02,4.0
2024-02-20,BROOD01,88.0
2024-02-20,BROOD02,14.0
2024-02-20,FRIS01,6.0
2024-02-20,FRIS02,9.0
2024-02-20,FRIS03,2.0
2024-02-20,KOF01,0.082
2024-02-20,VLEES01,14.0
2024-02-20,WIJN01,1.2
2024-02-20,WIJN02,0.75
2024-02-20,WIJN03,0.45
2024-02-20,ZUI01,0.9
2024-02-21,AARD01,3.22
2024-02-21,BIER01,7.0
2024-02-21,BIER02,8.0
2024-02-21,BROOD01,110.0
2024-02-21,BROOD02,5.0
2024-02-21,FRIS01,11.0
2024-02-21,FRIS02,10.0
2024-02-21,FRIS03,3.5
2024-02-21,KOF01,0.15
2024-02-21,VLEES01,5.0
2024-02-21,WIJN01,0.75
2024-02-21,WIJN02,1.05
2024-02-21,WIJN03,1.35
2024-02-21,ZUI01,1.95
2024-02-22,AARD01,5.46
2024-02-22,BIER01,12.5
2024-02-22,BIER02,13.0
2024-02-22,BROOD01,105.0
2024-02-22,BROOD02,9.0
2024-02-22,FRIS01,16.0
2024-02-22,FRIS02,7.0
2024-02-22,FRIS03,1.25
2024-02-22,KOF01,0.285
2024-02-22,VLEES01,9.0
2024-02-22,WIJN01,1.35
2024-02-22,WIJN02,1.35
2024-02-22,WIJN03,0.45
2024-02-22,ZUI01,2.7
2024-02-23,AARD01,9.24
2024-02-23,BIER01,23.25
2024-02-23,BIER02,26.0
2024-02-23,BROOD01,140.0
2024-02-23,BROOD02,21.0
2024-02-23,FRIS01,18.0
2024-02-23,FRIS02,18.0
2024-02-23,FRIS03,5.25
2024-02-23,KOF01,0.248
2024-02-23,VLEES01,21.0
2024-02-23,WIJN01,3.3
2024-02-23,WIJN02,2.1
2024-02-23,WIJN03,1.2
2024-02-23,ZUI01,2.55
2024-02-24,AARD01,9.94
2024-02-24,BIER01,17.5
2024-02-24,BIER02,22.0
2024-02-24,BROOD01,108.0
2024-02-24,BROOD02,32.0
2024-02-24,FRIS01,27.0
2024-02-24,FRIS02,24.0
2024-02-24,FRIS03,3.5
2024-02-24,KOF01,0.248
2024-02-24,VLEES01,32.0
2024-02-24,WIJN01,4.05
2024-02-24,WIJN02,3.3
2024-02-24,WIJN03,1.95
2024-02-24,ZUI01,2.1
2024-02-25,AARD01,5.04
2024-02-25,BIER01,5.75
2024-02-25,BIER02,11.0
2024-02-25,BROOD01,129.0
2024-02-25,BROOD02,10.0
2024-02-25,FRIS01,5.0
2024-02-25,FRIS02,8.0
2024-02-25,FRIS03,3.0
2024-02-25,KOF01,0.248
2024-02-25,VLEES01,10.0
2024-02-25,WIJN01,2.55
2024-02-25,WIJN02,1.65
2024-02-25,WIJN03,0.6
2024-02-25,ZUI01,2.55
2024-02-26,AARD01,3.5
2024-02-26,BIER01,3.25
2024-02-26,BIER02,3.0
2024-02-26,BROOD01,52.0
2024-02-26,BROOD02,9.0
2024-02-26,FRIS01,9.0
2024-02-26,FRIS02,1.0
2024-02-26,FRIS03,0.5
2024-02-26,KOF01,0.038
2024-02-26,VLEES01,9.0
2024-02-26,WIJN01,1.35
2024-02-26,WIJN02,1.2
2024-02-26,WIJN03,0.45
2024-02-26,ZUI01,0.3
2024-02-27,AARD01,4.2
2024-02-27,BIER01,4.75
2024-02-27,BIER02,8.0
2024-02-27,BROOD01,64.0
2024-02-27,BROOD02,11.0
2024-02-27,FRIS01,7.0
2024-02-27,FRIS02,13.0
2024-02-27,FRIS03,2.25
2024-02-27,KOF01,0.165
2024-02-27,VLEES01,11.0
2024-02-27,WIJN01,1.35
2024-02-27,WIJN02,1.65
2024-02-27,WIJN03,0.45
2024-02-27,ZUI01,1.2
2024-02-28,AARD01,5.18
2024-02-28,BIER01,9.75
2024-02-28,BIER02,7.0
2024-02-28,BROOD01,106.0
2024-02-28,BROOD02,11.0
2024-02-28,FRIS01,10.0
2024-02-28,FRIS02,11.0
2024-02-28,FRIS03,2.0
2024-02-28,KOF01,0.218
2024-02-28,VLEES01,11.0
2024-02-28,WIJN01,1.65
2024-02-28,WIJN02,1.05
2024-02-28,WIJN03,0.3
2024-02-28,ZUI01,1.95
2024-02-29,AARD01,3.5
2024-02-29,BIER01,8.0
2024-02-29,BIER02,2.0
2024-02-29,BROOD01,69.0
2024-02-29,BROOD02,9.0
2024-02-29,FRIS01,8.0
2024-02-29,FRIS02,6.0
2024-02-29,FRIS03,3.0
2024-02-29,KOF01,0.172
2024-02-29,VLEES01,9.0
2024-02-29,WIJN01,2.1
2024-02-29,WIJN02,1.05
2024-02-29,WIJN03,0.3
2024-02-29,ZUI01,2.1
2024-03-01,AARD01,6.02
2024-03-01,BIER01,13.5
2024-03-01,BIER02,22.0
2024-03-01,BROOD01,98.0
2024-03-01,BROOD02,15.0
2024-03-01,FRIS01,6.0
2024-03-01,FRIS02,14.0
2024-03-01,FRIS03,4.25
2024-03-01,KOF01,0.24
2024-03-01,VLEES01,15.0
2024-03-01,WIJN01,2.85
2024-03-01,WIJN02,1.95
2024-03-01,WIJN03,1.2
2024-03-01,ZUI01,1.8
2024-03-02,AARD01,11.2
2024-03-02,BIER01,18.5
2024-03-02,BIER02,20.0
2024-03-02,BROOD01,121.0
2024-03-02,BROOD02,24.0
2024-03-02,FRIS01,11.0
2024-03-02,FRIS02,24.0
2024-03-02,FRIS03,3.5
2024-03-02,KOF01,0.337
2024-03-02,VLEES01,24.0
2024-03-02,WIJN01,5.25
2024-03-02,WIJN02,3.45
2024-03-02,WIJN03,1.5
2024-03-02,ZUI01,3.6
2024-03-03,AARD01,6.44
2024-03-03,BIER01,6.5
2024-03-03,BIER02,10.0
2024-03-03,BROOD01,122.0
2024-03-03,BROOD02,19.0
2024-03-03,FRIS01,8.0
2024-03-03,FRIS02,17.0
2024-03-03,FRIS03,4.5
2024-03-03,KOF01,0.202
2024-03-03,VLEES01,19.0
2024-03-03,WIJN01,1.35
2024-03-03,WIJN02,2.1
2024-03-03,WIJN03,0.9
2024-03-03,ZUI01,1.95
2024-03-04,AARD01,4.34
2024-03-04,BIER01,2.5
2024-03-04,BIER02,7.0
2024-03-04,BROOD01,79.0
2024-03-04,BROOD02,11.0
2024-03-04,FRIS01,7.0
2024-03-04,FRIS02,3.0
2024-03-04,FRIS03,1.5
2024-03-04,KOF01,0.09
2024-03-04,VLEES01,11.0
2024-03-04,WIJN01,0.9
2024-03-04,WIJN02,0.45
2024-03-04,WIJN03,0.9
2024-03-04,ZUI01,0.6
2024-03-05,AARD01,5.6
2024-03-05,BIER01,4.0
2024-03-05,BIER02,4.0
2024-03-05,BROOD01,92.0
2024-03-05,BROOD02,18.0
2024-03-05,FRIS01,9.0
2024-03-05,FRIS02,1.0
2024-03-05,FRIS03,4.5
2024-03-05,KOF01,0.21
2024-03-05,VLEES01,18.0
2024-03-05,WIJN01,2.55
2024-03-05,WIJN02,1.2
2024-03-05,WIJN03,0.45
2024-03-05,ZUI01,1.95
2024-03-06,AARD01,6.72
2024-03-06,BIER01,8.25
2024-03-06,BIER02,9.0
2024-03-06,BROOD01,108.0
2024-03-06,BROOD02,19.0
2024-03-06,FRIS01,15.0
2024-03-06,FRIS02,17.0
2024-03-06,FRIS03,2.75
2024-03-06,KOF01,0.158
2024-03-06,VLEES01,19.0
2024-03-06,WIJN01,1.8
2024-03-06,WIJN02,2.25
2024-03-06,WIJN03,1.05
2024-03-06,ZUI01,1.5
2024-03-07,AARD01,7.14
2024-03-07,BIER01,7.75
2024-03-07,BIER02,7.0
2024-03-07,BROOD01,80.0
2024-03-07,BROOD02,14.0
2024-03-07,FRIS01,9.0
2024-03-07,FRIS02,15.0
2024-03-07,FRIS03,2.25
2024-03-07,KOF01,0.232
2024-03-07,VLEES01,14.0
2024-03-07,WIJN01,1.05
2024-03-07,WIJN02,2.25
2024-03-07,WIJN03,0.6
2024-03-07,ZUI01,1.8
2024-03-08,AARD01,7.14
2024-03-08,BIER01,13.0
2024-03-08,BIER02,18.0
2024-03-08,BROOD01,95.0
2024-03-08,BROOD02,16.0
2024-03-08,FRIS01,24.0
2024-03-08,FRIS02,6.0
2024-03-08,FRIS03,2.75
2024-03-08,KOF01,0.172
2024-03-08,VLEES01,16.0
2024-03-08,WIJN01,3.0
2024-03-08,WIJN02,2.85
2024-03-08,WIJN03,0.9
2024-03-08,ZUI01,2.4
2024-03-09,AARD01,9.1
2024-03-09,BIER01,17.5
2024-03-09,BIER02,16.0
2024-03-09,BROOD01,157.0
2024-03-09,BROOD02,22.0
2024-03-09,FRIS01,16.0
2024-03-09,FRIS02,25.0
2024-03-09,FRIS03,3.0
2024-03-09,KOF01,0.232
2024-03-09,VLEES01,22.0
2024-03-09,WIJN01,4.5
2024-03-09,WIJN02,2.55
2024-03-09,WIJN03,2.4
2024-03-09,ZUI01,2.25
2024-03-10,AARD01,9.52
2024-03-10,BIER01,18.5
2024-03-10,BIER02,12.0
2024-03-10,BROOD01,150.0
2024-03-10,BROOD02,30.0
2024-03-10,FRIS01,21.0
2024-03-10,FRIS02,19.0
2024-03-10,FRIS03,3.75
2024-03-10,KOF01,0.397
2024-03-10,VLEES01,30.0
2024-03-10,WIJN01,4.35
2024-03-10,WIJN02,3.6
2024-03-10,WIJN03,1.05
2024-03-10,ZUI01,4.35
2024-03-11,AARD01,3.36
2024-03-11,BIER01,3.5
2024-03-11,BIER02,7.0
2024-03-11,BROOD01,70.0
2024-03-11,BROOD02,6.0
2024-03-11,FRIS01,16.0
2024-03-11,FRIS02,6.0
2024-03-11,FRIS03,2.5
2024-03-11,KOF01,0.27
2024-03-11,VLEES01,6.0
2024-03-11,WIJN01,0.6
2024-03-11,WIJN02,0.9
2024-03-11,WIJN03,0.3
2024-03-11,ZUI01,3.6
2024-03-12,AARD01,4.9
2024-03-12,BIER01,8.25
2024-03-12,BIER02,8.0
2024-03-12,BROOD01,92.0
2024-03-12,BROOD02,13.0
2024-03-12,FRIS01,3.0
2024-03-12,FRIS02,3.0
2024-03-12,FRIS03,2.0
2024-03-12,KOF01,0.105
2024-03-12,VLEES01,13.0
2024-03-12,WIJN01,2.25
2024-03-12,WIJN02,1.95
2024-03-12,WIJN03,0.45
2024-03-12,ZUI01,1.05
2024-03-13,AARD01,7.0
2024-03-13,BIER01,6.75
2024-03-13,BIER02,5.0
2024-03-13,BROOD01,113.0
2024-03-13,BROOD02,12.0
2024-03-13,FRIS01,18.0
2024-03-13,FRIS02,14.0
2024-03-13,FRIS03,1.75
2024-03-13,KOF01,0.142
2024-03-13,VLEES01,12.0
2024-03-13,WIJN01,0.9
2024-03-13,WIJN02,0.6
2024-03-13,WIJN03,1.2
2024-03-13,ZUI01,1.5
2024-03-14,AARD01,7.14
2024-03-14,BIER01,18.5
2024-03-14,BIER02,15.0
2024-03-14,BROOD01,128.0
2024-03-14,BROOD02,12.0
2024-03-14,FRIS01,15.0
2024-03-14,FRIS02,16.0
2024-03-14,FRIS03,4.0
2024-03-14,KOF01,0.277
2024-03-14,VLEES01,12.0
2024-03-14,WIJN01,2.85
2024-03-14,WIJN02,2.55
2024-03-14,WIJN03,0.15
2024-03-14,ZUI01,3.15
2024-03-15,AARD01,6.3
2024-03-15,BIER01,21.0
2024-03-15,BIER02,16.0
2024-03-15,BROOD01,120.0
2024-03-15,BROOD02,12.0
2024-03-15,FRIS01,14.0
2024-03-15,FRIS02,7.0
2024-03-15,FRIS03,4.0
2024-03-15,KOF01,0.18
2024-03-15,VLEES01,12.0
2024-03-15,WIJN01,3.15
2024-03-15,WIJN02,3.6
2024-03-15,WIJN03,1.35
2024-03-15,ZUI01,1.65
2024-03-16,AARD01,11.9
2024-03-16,BIER01,28.75
2024-03-16,BIER02,22.0
2024-03-16,BROOD01,203.0
2024-03-16,BROOD02,35.0
2024-03-16,FRIS01,29.0
2024-03-16,FRIS02,24.0
2024-03-16,FRIS03,3.5
2024-03-16,KOF01,0.337
2024-03-16,VLEES01,35.0
2024-03-16,WIJN01,4.05
2024-03-16,WIJN02,2.85
2024-03-16,WIJN03,1.95
2024-03-16,ZUI01,4.65
2024-03-17,AARD01,5.74
2024-03-17,BIER01,10.75
2024-03-17,BIER02,4.0
2024-03-17,BROOD01,128.0
2024-03-17,BROOD02,13.0
2024-03-17,FRIS01,23.0
2024-03-17,FRIS02,15.0
2024-03-17,FRIS03,3.0
2024-03-17,KOF01,0.405
2024-03-17,VLEES01,13.0
2024-03-17,WIJN01,2.1
2024-03-17,WIJN02,3.0
2024-03-17,WIJN03,0.15
2024-03-17,ZUI01,4.5
2024-03-18,AARD01,3.92
2024-03-18,BIER01,8.0
2024-03-18,BIER02,2.0
2024-03-18,BROOD01,87.0
2024-03-18,BROOD02,7.0
2024-03-18,FRIS01,6.0
2024-03-18,FRIS02,7.0
2024-03-18,FRIS03,2.0
2024-03-18,KOF01,0.172
2024-03-18,VLEES01,7.0
2024-03-18,WIJN01,0.9
2024-03-18,WIJN02,0.6
2024-03-18,WIJN03,0.15
2024-03-18,ZUI01,1.35
2024-03-19,AARD01,5.18
2024-03-19,BIER01,5.0
2024-03-19,BIER02,5.0
2024-03-19,BROOD01,98.0
2024-03-19,BROOD02,14.0
2024-03-19,FRIS01,11.0
2024-03-19,FRIS02,17.0
2024-03-19,FRIS03,1.5
2024-03-19,KOF01,0.128
2024-03-19,VLEES01,14.0
2024-03-19,WIJN01,0.75
2024-03-19,WIJN02,1.8
2024-03-19,WIJN03,0.3
2024-03-19,ZUI01,1.05
2024-03-20,AARD01,4.48
2024-03-20,BIER01,10.75
2024-03-20,BIER02,3.0
2024-03-20,BROOD01,98.0
2024-03-20,BROOD02,12.0
2024-03-20,FRIS01,7.0
2024-03-20,FRIS02,15.0
2024-03-20,FRIS03,4.5
2024-03-20,KOF01,0.172
2024-03-20,VLEES01,12.0
2024-03-20,WIJN01,0.9
2024-03-20,WIJN02,2.1
2024-03-20,WIJN03,0.9
2024-03-20,ZUI01,2.55
2024-03-21,AARD01,5.46
2024-03-21,BIER01,10.25
2024-03-21,BIER02,13.0
2024-03-21,BROOD01,133.0
2024-03-21,BROOD02,18.0
2024-03-21,FRIS01,9.0
2024-03-21,FRIS02,18.0
2024-03-21,FRIS03,3.25
2024-03-21,KOF01,0.21
2024-03-21,VLEES01,18.0
2024-03-21,WIJN01,1.35
2024-03-21,WIJN02,1.95
2024-03-21,WIJN03,1.65
2024-03-21,ZUI01,1.05
2024-03-22,AARD01,7.98
2024-03-22,BIER01,24.25
2024-03-22,BIER02,15.0
2024-03-22,BROOD01,141.0
2024-03-22,BROOD02,19.0
2024-03-22,FRIS01,24.0
2024-03-22,FRIS02,19.0
2024-03-22,FRIS03,3.25
2024-03-22,KOF01,0.337
2024-03-22,VLEES01,19.0
2024-03-22,WIJN01,6.3
2024-03-22,WIJN02,3.3
2024-03-22,WIJN03,1.95
2024-03-22,ZUI01,3.9
2024-03-23,AARD01,7.7
2024-03-23,BIER01,20.75
2024-03-23,BIER02,13.0
2024-03-23,BROOD01,172.0
2024-03-23,BROOD02,16.0
2024-03-23,FRIS01,15.0
2024-03-23,FRIS02,33.0
2024-03-23,FRIS03,6.0
2024-03-23,KOF01,0.225
2024-03-23,VLEES01,16.0
2024-03-23,WIJN01,3.9
2024-03-23,WIJN02,4.2
2024-03-23,WIJN03,2.85
2024-03-23,ZUI01,2.55
2024-03-24,AARD01,6.44
2024-03-24,BIER01,13.5
2024-03-24,BIER02,11.0
2024-03-24,BROOD01,165.0
2024-03-24,BROOD02,12.0
2024-03-24,FRIS01,19.0
2024-03-24,FRIS02,18.0
2024-03-24,FRIS03,3.5
2024-03-24,KOF01,0.24
2024-03-24,VLEES01,12.0
2024-03-24,WIJN01,1.95
2024-03-24,WIJN02,1.95
2024-03-24,WIJN03,0.45
2024-03-24,ZUI01,2.7
2024-03-25,AARD01,3.36
2024-03-25,BIER01,7.25
2024-03-25,BIER02,7.0
2024-03-25,BROOD01,69.0
2024-03-25,BROOD02,9.0
2024-03-25,FRIS01,6.0
2024-03-25,FRIS02,6.0
2024-03-25,FRIS03,3.25
2024-03-25,KOF01,0.172
2024-03-25,VLEES01,9.0
2024-03-25,WIJN01,0.9
2024-03-25,WIJN02,1.2
2024-03-25,WIJN03,0.45
2024-03-25,ZUI01,1.8
2024-03-26,AARD01,3.22
2024-03-26,BIER01,10.25
2024-03-26,BIER02,5.0
2024-03-26,BROOD01,132.0
2024-03-26,BROOD02,9.0
2024-03-26,FRIS01,9.0
2024-03-26,FRIS02,9.0
2024-03-26,FRIS03,2.25
2024-03-26,KOF01,0.112
2024-03-26,VLEES01,9.0
2024-03-26,WIJN01,1.35
2024-03-26,WIJN02,0.75
2024-03-26,WIJN03,0.3
2024-03-26,ZUI01,0.45
2024-03-27,AARD01,7.98
2024-03-27,BIER01,5.75
2024-03-27,BIER02,20.0
2024-03-27,BROOD01,101.0
2024-03-27,BROOD02,17.0
2024-03-27,FRIS01,17.0
2024-03-27,FRIS02,13.0
2024-03-27,FRIS03,2.0
2024-03-27,KOF01,0.248
2024-03-27,VLEES01,17.0
2024-03-27,WIJN01,0.9
2024-03-27,WIJN02,0.6
2024-03-27,WIJN03,0.45
2024-03-27,ZUI01,2.85
2024-03-28,AARD01,5.74
2024-03-28,BIER01,14.0
2024-03-28,BIER02,9.0
2024-03-28,BROOD01,113.0
2024-03-28,BROOD02,13.0
2024-03-28,FRIS01,13.0
2024-03-28,FRIS02,18.0
2024-03-28,FRIS03,1.5
2024-03-28,KOF01,0.24
2024-03-28,VLEES01,13.0
2024-03-28,WIJN01,1.05
2024-03-28,WIJN02,2.1
2024-03-28,WIJN03,1.5
2024-03-28,ZUI01,1.8
2024-03-29,AARD01,7.14
2024-03-29,BIER01,15.5
2024-03-29,BIER02,15.0
2024-03-29,BROOD01,78.0
2024-03-29,BROOD02,18.0
2024-03-29,FRIS01,9.0
2024-03-29,FRIS02,21.0
2024-03-29,FRIS03,2.25
2024-03-29,KOF01,0.202
2024-03-29,VLEES01,18.0
2024-03-29,WIJN01,3.3
2024-03-29,WIJN02,1.8
2024-03-29,WIJN03,1.35
2024-03-29,ZUI01,1.8
2024-03-30,AARD01,6.72
2024-03-30,BIER01,27.0
2024-03-30,BIER02,19.0
2024-03-30,BROOD01,120.0
2024-03-30,BROOD02,14.0
2024-03-30,FRIS01,20.0
2024-03-30,FRIS02,14.0
2024-03-30,FRIS03,2.25
2024-03-30,KOF01,0.21
2024-03-30,VLEES01,14.0
2024-03-30,WIJN01,3.75
2024-03-30,WIJN02,3.6
2024-03-30,WIJN03,1.35
2024-03-30,ZUI01,3.15
2024-03-31,AARD01,5.04
2024-03-31,BIER01,14.0
2024-03-31,BIER02,5.0
2024-03-31,BROOD01,136.0
2024-03-31,BROOD02,5.0
2024-03-31,FRIS01,25.0
2024-03-31,FRIS02,23.0
2024-03-31,FRIS03,4.0
2024-03-31,KOF01,0.36
2024-03-31,VLEES01,5.0
2024-03-31,WIJN01,3.6
2024-03-31,WIJN02,1.8
2024-03-31,WIJN03,0.9
2024-03-31,ZUI01,3.6
2024-04-01,AARD01,4.2
2024-04-01,BIER01,10.5
2024-04-01,BIER02,8.0
2024-04-01,BROOD01,85.0
2024-04-01,BROOD02,11.0
2024-04-01,FRIS01,10.0
2024-04-01,FRIS02,5.0
2024-04-01,FRIS03,3.75
2024-04-01,KOF01,0.12
2024-04-01,VLEES01,11.0
2024-04-01,WIJN01,0.9
2024-04-01,WIJN02,1.5
2024-04-01,WIJN03,0.6
2024-04-01,ZUI01,1.8
2024-04-02,AARD01,6.72
2024-04-02,BIER01,9.75
2024-04-02,BIER02,12.0
2024-04-02,BROOD01,59.0
2024-04-02,BROOD02,14.0
2024-04-02,FRIS01,9.0
2024-04-02,FRIS02,18.0
2024-04-02,FRIS03,3.75
2024-04-02,KOF01,0.165
2024-04-02,VLEES01,14.0
2024-04-02,WIJN01,1.35
2024-04-02,WIJN02,0.75
2024-04-02,WIJN03,0.6
2024-04-02,ZUI01,2.7
2024-04-03,AARD01,5.46
2024-04-03,BIER01,4.0
2024-04-03,BIER02,10.0
2024-04-03,BROOD01,81.0
2024-04-03,BROOD02,15.0
2024-04-03,FRIS01,6.0
2024-04-03,FRIS02,13.0
2024-04-03,FRIS03,4.25
2024-04-03,KOF01,0.165
2024-04-03,VLEES01,15.0
2024-04-03,WIJN01,0.75
2024-04-03,WIJN02,0.9
2024-04-03,WIJN03,0.15
2024-04-03,ZUI01,2.1
2024-04-04,AARD01,4.9
2024-04-04,BIER01,13.0
2024-04-04,BIER02,7.0
2024-04-04,BROOD01,69.0
2024-04-04,BROOD02,9.0
2024-04-04,FRIS01,17.0
2024-04-04,FRIS02,12.0
2024-04-04,FRIS03,3.75
2024-04-04,KOF01,0.172
2024-04-04,VLEES01,9.0
2024-04-04,WIJN01,2.55
2024-04-04,WIJN02,1.35
2024-04-04,WIJN03,1.05
2024-04-04,ZUI01,1.2
2024-04-05,AARD01,6.3
2024-04-05,BIER01,16.5
2024-04-05,BIER02,15.0
2024-04-05,BROOD01,140.0
2024-04-05,BROOD02,11.0
2024-04-05,FRIS01,12.0
2024-04-05,FRIS02,10.0
2024-04-05,FRIS03,4.5
2024-04-05,KOF01,0.285
2024-04-05,VLEES01,11.0
2024-04-05,WIJN01,3.0
2024-04-05,WIJN02,3.0
2024-04-05,WIJN03,0.9
2024-04-05,ZUI01,2.4
2024-04-06,AARD01,6.02
2024-04-06,BIER01,23.25
2024-04-06,BIER02,22.0
2024-04-06,BROOD01,122.0
2024-04-06,BROOD02,14.0
2024-04-06,FRIS01,18.0
2024-04-06,FRIS02,13.0
2024-04-06,FRIS03,2.75
2024-04-06,KOF01,0.255
2024-04-06,VLEES01,14.0
2024-04-06,WIJN01,1.95
2024-04-06,WIJN02,3.45
2024-04-06,WIJN03,1.8
2024-04-06,ZUI01,2.55
2024-04-07,AARD01,5.46
2024-04-07,BIER01,4.25
2024-04-07,BIER02,5.0
2024-04-07,BROOD01,123.0
2024-04-07,BROOD02,15.0
2024-04-07,FRIS01,18.0
2024-04-07,FRIS02,8.0
2024-04-07,FRIS03,2.25
2024-04-07,KOF01,0.322
2024-04-07,VLEES01,15.0
2024-04-07,WIJN01,1.2
2024-04-07,WIJN02,1.35
2024-04-07,WIJN03,0.45
2024-04-07,ZUI01,2.55
2024-04-08,AARD01,2.24
2024-04-08,BIER01,6.25
2024-04-08,BIER02,4.0
2024-04-08,BROOD01,106.0
2024-04-08,BROOD02,7.0
2024-04-08,FRIS01,1.0
2024-04-08,FRIS02,7.0
2024-04-08,FRIS03,1.25
2024-04-08,KOF01,0.098
2024-04-08,VLEES01,7.0
2024-04-08,WIJN01,1.5
2024-04-08,WIJN02,0.75
2024-04-08,WIJN03,0.3
2024-04-08,ZUI01,1.05
2024-04-09,AARD01,4.9
2024-04-09,BIER01,5.0
2024-04-09,BIER02,5.0
2024-04-09,BROOD01,47.0
2024-04-09,BROOD02,13.0
2024-04-09,FRIS01,8.0
2024-04-09,FRIS02,9.0
2024-04-09,FRIS03,2.0
2024-04-09,KOF01,0.12
2024-04-09,VLEES01,13.0
2024-04-09,WIJN01,1.2
2024-04-09,WIJN02,1.05
2024-04-09,WIJN03,0.15
2024-04-09,ZUI01,1.5
2024-04-10,AARD01,4.9
2024-04-10,BIER01,5.75
2024-04-10,BIER02,4.0
2024-04-10,BROOD01,115.0
2024-04-10,BROOD02,13.0
2024-04-10,FRIS01,7.0
2024-04-10,FRIS02,18.0
2024-04-10,FRIS03,2.25
2024-04-10,KOF01,0.225
2024-04-10,VLEES01,13.0
2024-04-10,WIJN01,1.05
2024-04-10,WIJN02,0.6
2024-04-10,WIJN03,0.45
2024-04-10,ZUI01,1.8
2024-04-11,AARD01,5.74
2024-04-11,BIER01,11.5
2024-04-11,BIER02,5.0
2024-04-11,BROOD01,143.0
2024-04-11,BROOD02,13.0
2024-04-11,FRIS01,12.0
2024-04-11,FRIS02,11.0
2024-04-11,FRIS03,4.5
2024-04-11,KOF01,0.255
2024-04-11,VLEES01,13.0
2024-04-11,WIJN01,2.25
2024-04-11,WIJN02,1.65
2024-04-11,WIJN03,0.75
2024-04-11,ZUI01,2.1
2024-04-12,AARD01,7.56
2024-04-12,BIER01,16.5
2024-04-12,BIER02,21.0
2024-04-12,BROOD01,154.0
2024-04-12,BROOD02,15.0
2024-04-12,FRIS01,17.0
2024-04-12,FRIS02,20.0
2024-04-12,FRIS03,4.25
2024-04-12,KOF01,0.202
2024-04-12,VLEES01,15.0
2024-04-12,WIJN01,3.0
2024-04-12,WIJN02,3.6
2024-04-12,WIJN03,0.75
2024-04-12,ZUI01,2.25
2024-04-13,AARD01,7.56
2024-04-13,BIER01,14.25
2024-04-13,BIER02,13.0
2024-04-13,BROOD01,118.0
2024-04-13,BROOD02,19.0
2024-04-13,FRIS01,27.0
2024-04-13,FRIS02,18.0
2024-04-13,FRIS03,4.25
2024-04-13,KOF01,0.292
2024-04-13,VLEES01,19.0
2024-04-13,WIJN01,2.85
2024-04-13,WIJN02,3.3
2024-04-13,WIJN03,0.9
2024-04-13,ZUI01,2.1
2024-04-14,AARD01,8.26
2024-04-14,BIER01,13.5
2024-04-14,BIER02,7.0
2024-04-14,BROOD01,149.0
2024-04-14,BROOD02,23.0
2024-04-14,FRIS01,25.0
2024-04-14,FRIS02,17.0
2024-04-14,FRIS03,4.5
2024-04-14,KOF01,0.39
2024-04-14,VLEES01,23.0
2024-04-14,WIJN01,1.95
2024-04-14,WIJN02,2.25
2024-04-14,WIJN03,1.05
2024-04-14,ZUI01,4.2
2024-04-15,AARD01,3.5
2024-04-15,BIER01,7.0
2024-04-15,BIER02,9.0
2024-04-15,BROOD01,49.0
2024-04-15,BROOD02,8.0
2024-04-15,FRIS01,2.0
2024-04-15,FRIS02,9.0
2024-04-15,FRIS03,2.25
2024-04-15,KOF01,0.232
2024-04-15,VLEES01,8.0
2024-04-15,WIJN01,1.8
2024-04-15,WIJN02,1.35
2024-04-15,WIJN03,0.3
2024-04-15,ZUI01,1.95
2024-04-16,AARD01,4.62
2024-04-16,BIER01,5.0
2024-04-16,BIER02,4.0
2024-04-16,BROOD01,62.0
2024-04-16,BROOD02,7.0
2024-04-16,FRIS01,4.0
2024-04-16,FRIS02,4.0
2024-04-16,FRIS03,0.5
2024-04-16,KOF01,0.098
2024-04-16,VLEES01,7.0
2024-04-16,WIJN01,0.75
2024-04-16,WIJN02,1.2
2024-04-16,WIJN03,1.05
2024-04-16,ZUI01,1.35
2024-04-17,AARD01,6.72
2024-04-17,BIER01,11.5
2024-04-17,BIER02,11.0
2024-04-17,BROOD01,150.0
2024-04-17,BROOD02,18.0
2024-04-17,FRIS01,15.0
2024-04-17,FRIS02,24.0
2024-04-17,FRIS03,2.75
2024-04-17,KOF01,0.248
2024-04-17,VLEES01,18.0
2024-04-17,WIJN01,2.1
2024-04-17,WIJN02,2.25
2024-04-17,WIJN03,0.75
2024-04-17,ZUI01,2.55
2024-04-18,AARD01,6.86
2024-04-18,BIER01,8.5
2024-04-18,BIER02,11.0
2024-04-18,BROOD01,146.0
2024-04-18,BROOD02,21.0
2024-04-18,FRIS01,27.0
2024-04-18,FRIS02,18.0
2024-04-18,FRIS03,3.5
2024-04-18,KOF01,0.24
2024-04-18,VLEES01,21.0
2024-04-18,WIJN01,1.35
2024-04-18,WIJN02,1.8
2024-04-18,WIJN03,1.05
2024-04-18,ZUI01,3.0
2024-04-19,AARD01,9.38
2024-04-19,BIER01,15.0
2024-04-19,BIER02,17.0
2024-04-19,BROOD01,152.0
2024-04-19,BROOD02,28.0
2024-04-19,FRIS01,12.0
2024-04-19,FRIS02,38.0
2024-04-19,FRIS03,4.0
2024-04-19,KOF01,0.27
2024-04-19,VLEES01,28.0
2024-04-19,WIJN01,2.1
2024-04-19,WIJN02,3.75
2024-04-19,WIJN03,2.1
2024-04-19,ZUI01,3.0
2024-04-20,AARD01,8.96
2024-04-20,BIER01,31.0
2024-04-20,BIER02,19.0
2024-04-20,BROOD01,101.0
2024-04-20,BROOD02,16.0
2024-04-20,FRIS01,27.0
2024-04-20,FRIS02,17.0
2024-04-20,FRIS03,3.5
2024-04-20,KOF01,0.3
2024-04-20,VLEES01,16.0
2024-04-20,WIJN01,2.85
2024-04-20,WIJN02,4.8
2024-04-20,WIJN03,3.15
2024-04-20,ZUI01,2.7
2024-04-21,AARD01,7.42
2024-04-21,BIER01,14.0
2024-04-21,BIER02,10.0
2024-04-21,BROOD01,147.0
2024-04-21,BROOD02,14.0
2024-04-21,FRIS01,25.0
2024-04-21,FRIS02,14.0
2024-04-21,FRIS03,2.25
2024-04-21,KOF01,0.18
2024-04-21,VLEES01,14.0
2024-04-21,WIJN01,2.25
2024-04-21,WIJN02,1.05
2024-04-21,WIJN03,0.15
2024-04-21,ZUI01,1.95
2024-04-22,AARD01,5.18
2024-04-22,BIER01,7.75
2024-04-22,BIER02,7.0
2024-04-22,BROOD01,104.0
2024-04-22,BROOD02,10.0
2024-04-22,FRIS01,5.0
2024-04-22,FRIS02,13.0
2024-04-22,FRIS03,2.5
2024-04-22,KOF01,0.262
2024-04-22,VLEES01,10.0
2024-04-22,WIJN01,1.5
2024-04-22,WIJN02,1.65
2024-04-22,WIJN03,1.05
2024-04-22,ZUI01,3.0
2024-04-23,AARD01,6.3
2024-04-23,BIER01,8.25
2024-04-23,BIER02,5.0
2024-04-23,BROOD01,101.0
2024-04-23,BROOD02,16.0
2024-04-23,FRIS01,7.0
2024-04-23,FRIS02,14.0
2024-04-23,FRIS03,4.75
2024-04-23,KOF01,0.225
2024-04-23,VLEES01,16.0
2024-04-23,WIJN01,1.05
2024-04-23,WIJN02,0.9
2024-04-23,WIJN03,0.6
2024-04-23,ZUI01,1.8
2024-04-24,AARD01,4.06
2024-04-24,BIER01,6.5
2024-04-24,BIER02,5.0
2024-04-24,BROOD01,95.0
2024-04-24,BROOD02,7.0
2024-04-24,FRIS01,16.0
2024-04-24,FRIS02,10.0
2024-04-24,FRIS03,2.25
2024-04-24,KOF01,0.18
2024-04-24,VLEES01,7.0
2024-04-24,WIJN01,2.1
2024-04-24,WIJN02,0.6
2024-04-24,WIJN03,0.45
2024-04-24,ZUI01,2.1
2024-04-25,AARD01,8.12
2024-04-25,BIER01,13.75
2024-04-25,BIER02,17.0
2024-04-25,BROOD01,111.0
2024-04-25,BROOD02,15.0
2024-04-25,FRIS01,16.0
2024-04-25,FRIS02,19.0
2024-04-25,FRIS03,6.25
2024-04-25,KOF01,0.36
2024-04-25,VLEES01,15.0
2024-04-25,WIJN01,2.55
2024-04-25,WIJN02,2.25
2024-04-25,WIJN03,2.4
2024-04-25,ZUI01,4.2
2024-04-26,AARD01,7.0
2024-04-26,BIER01,21.75
2024-04-26,BIER02,27.0
2024-04-26,BROOD01,121.0
2024-04-26,BROOD02,15.0
2024-04-26,FRIS01,22.0
2024-04-26,FRIS02,24.0
2024-04-26,FRIS03,4.0
2024-04-26,KOF01,0.248
2024-04-26,VLEES01,15.0
2024-04-26,WIJN01,2.25
2024-04-26,WIJN02,2.4
2024-04-26,WIJN03,1.5
2024-04-26,ZUI01,2.55
2024-04-27,AARD01,13.02
2024-04-27,BIER01,42.25
2024-04-27,BIER02,30.0
2024-04-27,BROOD01,159.0
2024-04-27,BROOD02,35.0
2024-04-27,FRIS01,24.0
2024-04-27,FRIS02,44.0
2024-04-27,FRIS03,7.75
2024-04-27,KOF01,0.495
2024-04-27,VLEES01,35.0
2024-04-27,WIJN01,6.15
2024-04-27,WIJN02,3.9
2024-04-27,WIJN03,4.5
2024-04-27,ZUI01,4.95
2024-04-28,AARD01,5.46
2024-04-28,BIER01,13.0
2024-04-28,BIER02,8.0
2024-04-28,BROOD01,162.0
2024-04-28,BROOD02,13.0
2024-04-28,FRIS01,31.0
2024-04-28,FRIS02,15.0
2024-04-28,FRIS03,2.5
2024-04-28,KOF01,0.308
2024-04-28,VLEES01,13.0
2024-04-28,WIJN01,2.25
2024-04-28,WIJN02,1.65
2024-04-28,WIJN03,1.5
2024-04-28,ZUI01,3.9
2024-04-29,AARD01,6.16
2024-04-29,BIER01,11.75
2024-04-29,BIER02,12.0
2024-04-29,BROOD01,77.0
2024-04-29,BROOD02,20.0
2024-04-29,FRIS01,10.0
2024-04-29,FRIS02,15.0
2024-04-29,FRIS03,4.25
2024-04-29,KOF01,0.15
2024-04-29,VLEES01,20.0
2024-04-29,WIJN01,1.5
2024-04-29,WIJN02,3.0
2024-04-29,WIJN03,0.15
2024-04-29,ZUI01,1.05
2024-04-30,AARD01,7.14
2024-04-30,BIER01,9.5
2024-04-30,BIER02,13.0
2024-04-30,BROOD01,61.0
2024-04-30,BROOD02,21.0
2024-04-30,FRIS01,6.0
2024-04-30,FRIS02,7.0
2024-04-30,FRIS03,3.0
2024-04-30,KOF01,0.188
2024-04-30,VLEES01,21.0
2024-04-30,WIJN01,2.55
2024-04-30,WIJN02,1.5
2024-04-30,WIJN03,0.6
2024-04-30,ZUI01,1.8
2024-05-01,AARD01,8.68
2024-05-01,BIER01,12.75
2024-05-01,BIER02,10.0
2024-05-01,BROOD01,127.0
2024-05-01,BROOD02,20.0
2024-05-01,FRIS01,9.0
2024-05-01,FRIS02,12.0
2024-05-01,FRIS03,3.25
2024-05-01,KOF01,0.368
2024-05-01,VLEES01,20.0
2024-05-01,WIJN01,2.1
2024-05-01,WIJN02,3.15
2024-05-01,WIJN03,1.8
2024-05-01,ZUI01,4.95
2024-05-02,AARD01,6.44
2024-05-02,BIER01,11.5
2024-05-02,BIER02,9.0
2024-05-02,BROOD01,133.0
2024-05-02,BROOD02,17.0
2024-05-02,FRIS01,16.0
2024-05-02,FRIS02,12.0
2024-05-02,FRIS03,4.0
2024-05-02,KOF01,0.202
2024-05-02,VLEES01,17.0
2024-05-02,WIJN01,1.65
2024-05-02,WIJN02,2.4
2024-05-02,WIJN03,0.3
2024-05-02,ZUI01,1.8
2024-05-03,AARD01,12.6
2024-05-03,BIER01,33.25
2024-05-03,BIER02,37.0
2024-05-03,BROOD01,130.0
2024-05-03,BROOD02,29.0
2024-05-03,FRIS01,29.0
2024-05-03,FRIS02,41.0
2024-05-03,FRIS03,2.5
2024-05-03,KOF01,0.33
2024-05-03,VLEES01,29.0
2024-05-03,WIJN01,3.9
2024-05-03,WIJN02,5.4
2024-05-03,WIJN03,2.1
2024-05-03,ZUI01,3.0
2024-05-04,AARD01,7.0
2024-05-04,BIER01,20.0
2024-05-04,BIER02,12.0
2024-05-04,BROOD01,216.0
2024-05-04,BROOD02,19.0
2024-05-04,FRIS01,16.0
2024-05-04,FRIS02,14.0
2024-05-04,FRIS03,3.5
2024-05-04,KOF01,0.352
2024-05-04,VLEES01,19.0
2024-05-04,WIJN01,4.05
2024-05-04,WIJN02,2.55
2024-05-04,WIJN03,1.35
2024-05-04,ZUI01,3.6
2024-05-05,AARD01,7.56
2024-05-05,BIER01,13.5
2024-05-05,BIER02,14.0
2024-05-05,BROOD01,163.0
2024-05-05,BROOD02,17.0
2024-05-05,FRIS01,15.0
2024-05-05,FRIS02,15.0
2024-05-05,FRIS03,4.75
2024-05-05,KOF01,0.435
2024-05-05,VLEES01,17.0
2024-05-05,WIJN01,3.15
2024-05-05,WIJN02,2.4
2024-05-05,WIJN03,0.75
2024-05-05,ZUI01,4.5
2024-05-06,AARD01,3.36
2024-05-06,BIER01,10.0
2024-05-06,BIER02,5.0
2024-05-06,BROOD01,101.0
2024-05-06,BROOD02,11.0
2024-05-06,FRIS01,7.0
2024-05-06,FRIS02,14.0
2024-05-06,FRIS03,3.0
2024-05-06,KOF01,0.135
2024-05-06,VLEES01,11.0
2024-05-06,WIJN01,1.5
2024-05-06,WIJN02,2.1
2024-05-06,WIJN03,0.45
2024-05-06,ZUI01,1.2
2024-05-07,AARD01,5.74
2024-05-07,BIER01,8.25
2024-05-07,BIER02,11.0
2024-05-07,BROOD01,72.0
2024-05-07,BROOD02,13.0
2024-05-07,FRIS01,2.0
2024-05-07,FRIS02,21.0
2024-05-07,FRIS03,5.25
2024-05-07,KOF01,0.24
2024-05-07,VLEES01,13.0
2024-05-07,WIJN01,1.8
2024-05-07,WIJN02,0.75
2024-05-07,WIJN03,0.6
2024-05-07,ZUI01,2.85
2024-05-08,AARD01,6.02
2024-05-08,BIER01,13.25
2024-05-08,BIER02,7.0
2024-05-08,BROOD01,115.0
2024-05-08,BROOD02,5.0
2024-05-08,FRIS01,14.0
2024-05-08,FRIS02,18.0
2024-05-08,FRIS03,2.0
2024-05-08,KOF01,0.165
2024-05-08,VLEES01,5.0
2024-05-08,WIJN01,2.1
2024-05-08,WIJN02,2.55
2024-05-08,WIJN03,0.45
2024-05-08,ZUI01,1.8
2024-05-09,AARD01,7.42
2024-05-09,BIER01,14.5
2024-05-09,BIER02,15.0
2024-05-09,BROOD01,178.0
2024-05-09,BROOD02,21.0
2024-05-09,FRIS01,21.0
2024-05-09,FRIS02,20.0
2024-05-09,FRIS03,2.25
2024-05-09,KOF01,0.315
2024-05-09,VLEES01,21.0
2024-05-09,WIJN01,3.9
2024-05-09,WIJN02,2.25
2024-05-09,WIJN03,2.1
2024-05-09,ZUI01,3.45
2024-05-10,AARD01,11.48
2024-05-10,BIER01,31.25
2024-05-10,BIER02,31.0
2024-05-10,BROOD01,225.0
2024-05-10,BROOD02,32.0
2024-05-10,FRIS01,32.0
2024-05-10,FRIS02,24.0
2024-05-10,FRIS03,4.5
2024-05-10,KOF01,0.638
2024-05-10,VLEES01,32.0
2024-05-10,WIJN01,6.0
2024-05-10,WIJN02,4.05
2024-05-10,WIJN03,2.7
2024-05-10,ZUI01,5.4
2024-05-11,AARD01,10.36
2024-05-11,BIER01,26.5
2024-05-11,BIER02,34.0
2024-05-11,BROOD01,223.0
2024-05-11,BROOD02,21.0
2024-05-11,FRIS01,18.0
2024-05-11,FRIS02,22.0
2024-05-11,FRIS03,5.25
2024-05-11,KOF01,0.292
2024-05-11,VLEES01,21.0
2024-05-11,WIJN01,4.35
2024-05-11,WIJN02,4.05
2024-05-11,WIJN03,0.75
2024-05-11,ZUI01,2.4
2024-05-12,AARD01,6.44
2024-05-12,BIER01,9.5
2024-05-12,BIER02,8.0
2024-05-12,BROOD01,168.0
2024-05-12,BROOD02,15.0
2024-05-12,FRIS01,19.0
2024-05-12,FRIS02,15.0
2024-05-12,FRIS03,4.75
2024-05-12,KOF01,0.405
2024-05-12,VLEES01,15.0
2024-05-12,WIJN01,2.85
2024-05-12,WIJN02,1.5
2024-05-12,WIJN03,0.45
2024-05-12,ZUI01,3.75
2024-05-13,AARD01,6.16
2024-05-13,BIER01,16.75
2024-05-13,BIER02,12.0
2024-05-13,BROOD01,128.0
2024-05-13,BROOD02,25.0
2024-05-13,FRIS01,17.0
2024-05-13,FRIS02,14.0
2024-05-13,FRIS03,2.0
2024-05-13,KOF01,0.158
2024-05-13,VLEES01,25.0
2024-05-13,WIJN01,0.9
2024-05-13,WIJN02,2.85
2024-05-13,WIJN03,0.9
2024-05-13,ZUI01,1.65
2024-05-14,AARD01,7.56
2024-05-14,BIER01,15.0
2024-05-14,BIER02,4.0
2024-05-14,BROOD01,140.0
2024-05-14,BROOD02,22.0
2024-05-14,FRIS01,19.0
2024-05-14,FRIS02,14.0
2024-05-14,FRIS03,6.25
2024-05-14,KOF01,0.262
2024-05-14,VLEES01,22.0
2024-05-14,WIJN01,1.5
2024-05-14,WIJN02,1.2
2024-05-14,WIJN03,0.6
2024-05-14,ZUI01,2.55
2024-05-15,AARD01,8.26
2024-05-15,BIER01,9.25
2024-05-15,BIER02,9.0
2024-05-15,BROOD01,101.0
2024-05-15,BROOD02,18.0
2024-05-15,FRIS01,14.0
2024-05-15,FRIS02,7.0
2024-05-15,FRIS03,4.25
2024-05-15,KOF01,0.352
2024-05-15,VLEES01,18.0
2024-05-15,WIJN01,2.7
2024-05-15,WIJN02,2.85
2024-05-15,WIJN03,1.5
2024-05-15,ZUI01,3.6
2024-05-16,AARD01,10.78
2024-05-16,BIER01,22.0
2024-05-16,BIER02,14.0
2024-05-16,BROOD01,161.0
2024-05-16,BROOD02,22.0
2024-05-16,FRIS01,25.0
2024-05-16,FRIS02,19.0
2024-05-16,FRIS03,4.5
2024-05-16,KOF01,0.36
2024-05-16,VLEES01,22.0
2024-05-16,WIJN01,4.35
2024-05-16,WIJN02,2.85
2024-05-16,WIJN03,1.5
2024-05-16,ZUI01,3.75
2024-05-17,AARD01,10.5
2024-05-17,BIER01,29.5
2024-05-17,BIER02,20.0
2024-05-17,BROOD01,245.0
2024-05-17,BROOD02,27.0
2024-05-17,FRIS01,31.0
2024-05-17,FRIS02,38.0
2024-05-17,FRIS03,5.75
2024-05-17,KOF01,0.532
2024-05-17,VLEES01,27.0
2024-05-17,WIJN01,7.8
2024-05-17,WIJN02,6.15
2024-05-17,WIJN03,2.85
2024-05-17,ZUI01,4.95
2024-05-18,AARD01,8.96
2024-05-18,BIER01,29.75
2024-05-18,BIER02,27.0
2024-05-18,BROOD01,166.0
2024-05-18,BROOD02,28.0
2024-05-18,FRIS01,22.0
2024-05-18,FRIS02,19.0
2024-05-18,FRIS03,6.25
2024-05-18,KOF01,0.337
2024-05-18,VLEES01,28.0
2024-05-18,WIJN01,3.15
2024-05-18,WIJN02,3.6
2024-05-18,WIJN03,1.65
2024-05-18,ZUI01,3.15
2024-05-19,AARD01,9.66
2024-05-19,BIER01,22.0
2024-05-19,BIER02,11.0
2024-05-19,BROOD01,198.0
2024-05-19,BROOD02,19.0
2024-05-19,FRIS01,34.0
2024-05-19,FRIS02,22.0
2024-05-19,FRIS03,3.5
2024-05-19,KOF01,0.6
2024-05-19,VLEES01,19.0
2024-05-19,WIJN01,3.45
2024-05-19,WIJN02,3.75
2024-05-19,WIJN03,1.5
2024-05-19,ZUI01,6.6
2024-05-20,AARD01,4.34
2024-05-20,BIER01,11.5
2024-05-20,BIER02,11.0
2024-05-20,BROOD01,126.0
2024-05-20,BROOD02,8.0
2024-05-20,FRIS01,16.0
2024-05-20,FRIS02,19.0
2024-05-20,FRIS03,3.5
2024-05-20,KOF01,0.172
2024-05-20,VLEES01,8.0
2024-05-20,WIJN01,3.75
2024-05-20,WIJN02,1.5
2024-05-20,WIJN03,0.75
2024-05-20,ZUI01,1.5
2024-05-21,AARD01,8.12
2024-05-21,BIER01,14.0
2024-05-21,BIER02,10.0
2024-05-21,BROOD01,165.0
2024-05-21,BROOD02,20.0
2024-05-21,FRIS01,14.0
2024-05-21,FRIS02,19.0
2024-05-21,FRIS03,2.75
2024-05-21,KOF01,0.277
2024-05-21,VLEES01,20.0
2024-05-21,WIJN01,1.8
2024-05-21,WIJN02,2.4
2024-05-21,WIJN03,0.45
2024-05-21,ZUI01,1.05
2024-05-22,AARD01,7.7
2024-05-22,BIER01,5.75
2024-05-22,BIER02,9.0
2024-05-22,BROOD01,195.0
2024-05-22,BROOD02,18.0
2024-05-22,FRIS01,13.0
2024-05-22,FRIS02,17.0
2024-05-22,FRIS03,6.0
2024-05-22,KOF01,0.158
2024-05-22,VLEES01,18.0
2024-05-22,WIJN01,1.8
2024-05-22,WIJN02,2.4
2024-05-22,WIJN03,0.9
2024-05-22,ZUI01,1.8
2024-05-23,AARD01,7.28
2024-05-23,BIER01,11.25
2024-05-23,BIER02,9.0
2024-05-23,BROOD01,147.0
2024-05-23,BROOD02,19.0
2024-05-23,FRIS01,13.0
2024-05-23,FRIS02,25.0
2024-05-23,FRIS03,5.0
2024-05-23,KOF01,0.277
2024-05-23,VLEES01,19.0
2024-05-23,WIJN01,2.85
2024-05-23,WIJN02,1.5
2024-05-23,WIJN03,0.45
2024-05-23,ZUI01,2.7
2024-05-24,AARD01,11.76
2024-05-24,BIER01,35.0
2024-05-24,BIER02,37.0
2024-05-24,BROOD01,192.0
2024-05-24,BROOD02,20.0
2024-05-24,FRIS01,24.0
2024-05-24,FRIS02,32.0
2024-05-24,FRIS03,5.25
2024-05-24,KOF01,0.518
2024-05-24,VLEES01,20.0
2024-05-24,WIJN01,4.95
2024-05-24,WIJN02,4.5
2024-05-24,WIJN03,4.2
2024-05-24,ZUI01,5.25
2024-05-25,AARD01,10.08
2024-05-25,BIER01,33.5
2024-05-25,BIER02,35.0
2024-05-25,BROOD01,244.0
2024-05-25,BROOD02,25.0
2024-05-25,FRIS01,42.0
2024-05-25,FRIS02,26.0
2024-05-25,FRIS03,4.25
2024-05-25,KOF01,0.308
2024-05-25,VLEES01,25.0
2024-05-25,WIJN01,3.75
2024-05-25,WIJN02,2.85
2024-05-25,WIJN03,1.95
2024-05-25,ZUI01,3.0
2024-05-26,AARD01,7.0
2024-05-26,BIER01,14.75
2024-05-26,BIER02,9.0
2024-05-26,BROOD01,169.0
2024-05-26,BROOD02,16.0
2024-05-26,FRIS01,24.0
2024-05-26,FRIS02,21.0
2024-05-26,FRIS03,5.75
2024-05-26,KOF01,0.525
2024-05-26,VLEES01,16.0
2024-05-26,WIJN01,1.65
2024-05-26,WIJN02,2.25
2024-05-26,WIJN03,1.2
2024-05-26,ZUI01,5.55
2024-05-27,AARD01,6.86
2024-05-27,BIER01,6.25
2024-05-27,BIER02,14.0
2024-05-27,BROOD01,121.0
2024-05-27,BROOD02,10.0
2024-05-27,FRIS01,18.0
2024-05-27,FRIS02,19.0
2024-05-27,FRIS03,3.0
2024-05-27,KOF01,0.308
2024-05-27,VLEES01,10.0
2024-05-27,WIJN01,3.3
2024-05-27,WIJN02,1.65
2024-05-27,WIJN03,0.75
2024-05-27,ZUI01,3.15
2024-05-28,AARD01,8.12
2024-05-28,BIER01,12.5
2024-05-28,BIER02,8.0
2024-05-28,BROOD01,157.0
2024-05-28,BROOD02,20.0
2024-05-28,FRIS01,12.0
2024-05-28,FRIS02,18.0
2024-05-28,FRIS03,3.75
2024-05-28,KOF01,0.255
2024-05-28,VLEES01,20.0
2024-05-28,WIJN01,1.65
2024-05-28,WIJN02,2.1
2024-05-28,WIJN03,0.3
2024-05-28,ZUI01,2.7
2024-05-29,AARD01,5.04
2024-05-29,BIER01,10.0
2024-05-29,BIER02,12.0
2024-05-29,BROOD01,130.0
2024-05-29,BROOD02,19.0
2024-05-29,FRIS01,18.0
2024-05-29,FRIS02,19.0
2024-05-29,FRIS03,2.25
2024-05-29,KOF01,0.225
2024-05-29,VLEES01,19.0
2024-05-29,WIJN01,1.8
2024-05-29,WIJN02,1.5
2024-05-29,WIJN03,1.35
2024-05-29,ZUI01,2.25
2024-05-30,AARD01,7.7
2024-05-30,BIER01,19.5
2024-05-30,BIER02,7.0
2024-05-30,BROOD01,180.0
2024-05-30,BROOD02,13.0
2024-05-30,FRIS01,17.0
2024-05-30,FRIS02,19.0
2024-05-30,FRIS03,5.0
2024-05-30,KOF01,0.39
2024-05-30,VLEES01,13.0
2024-05-30,WIJN01,2.25
2024-05-30,WIJN02,4.35
2024-05-30,WIJN03,1.05
2024-05-30,ZUI01,3.75
2024-05-31,AARD01,12.6
2024-05-31,BIER01,38.75
2024-05-31,BIER02,36.0
2024-05-31,BROOD01,174.0
2024-05-31,BROOD02,30.0
2024-05-31,FRIS01,47.0
2024-05-31,FRIS02,23.0
2024-05-31,FRIS03,4.75
2024-05-31,KOF01,0.352
2024-05-31,VLEES01,30.0
2024-05-31,WIJN01,5.1
2024-05-31,WIJN02,3.6
2024-05-31,WIJN03,2.85
2024-05-31,ZUI01,4.05
2024-06-01,AARD01,10.36
2024-06-01,BIER01,36.0
2024-06-01,BIER02,46.0
2024-06-01,BROOD01,139.0
2024-06-01,BROOD02,39.0
2024-06-01,FRIS01,29.0
2024-06-01,FRIS02,27.0
2024-06-01,FRIS03,4.25
2024-06-01,KOF01,0.382
2024-06-01,VLEES01,39.0
2024-06-01,WIJN01,6.3
2024-06-01,WIJN02,6.0
2024-06-01,WIJN03,3.45
2024-06-01,ZUI01,2.7
2024-06-02,AARD01,9.66
2024-06-02,BIER01,19.5
2024-06-02,BIER02,22.0
2024-06-02,BROOD01,238.0
2024-06-02,BROOD02,26.0
2024-06-02,FRIS01,23.0
2024-06-02,FRIS02,19.0
2024-06-02,FRIS03,6.0
2024-06-02,KOF01,0.405
2024-06-02,VLEES01,26.0
2024-06-02,WIJN01,5.1
2024-06-02,WIJN02,1.8
2024-06-02,WIJN03,1.2
2024-06-02,ZUI01,3.45
2024-06-03,AARD01,7.28
2024-06-03,BIER01,15.25
2024-06-03,BIER02,8.0
2024-06-03,BROOD01,144.0
2024-06-03,BROOD02,22.0
2024-06-03,FRIS01,20.0
2024-06-03,FRIS02,21.0
2024-06-03,FRIS03,5.25
2024-06-03,KOF01,0.18
2024-06-03,VLEES01,22.0
2024-06-03,WIJN01,2.25
2024-06-03,WIJN02,2.7
2024-06-03,WIJN03,0.6
2024-06-03,ZUI01,1.8
2024-06-04,AARD01,7.0
2024-06-04,BIER01,16.75
2024-06-04,BIER02,14.0
2024-06-04,BROOD01,90.0
2024-06-04,BROOD02,10.0
2024-06-04,FRIS01,16.0
2024-06-04,FRIS02,18.0
2024-06-04,FRIS03,2.5
2024-06-04,KOF01,0.36
2024-06-04,VLEES01,10.0
2024-06-04,WIJN01,1.65
2024-06-04,WIJN02,1.8
2024-06-04,WIJN03,0.9
2024-06-04,ZUI01,4.2
2024-06-05,AARD01,5.74
2024-06-05,BIER01,11.0
2024-06-05,BIER02,11.0
2024-06-05,BROOD01,216.0
2024-06-05,BROOD02,13.0
2024-06-05,FRIS01,17.0
2024-06-05,FRIS02,17.0
2024-06-05,FRIS03,6.25
2024-06-05,KOF01,0.405
2024-06-05,VLEES01,13.0
2024-06-05,WIJN01,3.6
2024-06-05,WIJN02,3.15
2024-06-05,WIJN03,1.8
2024-06-05,ZUI01,3.75
2024-06-06,AARD01,10.36
2024-06-06,BIER01,19.5
2024-06-06,BIER02,20.0
2024-06-06,BROOD01,218.0
2024-06-06,BROOD02,31.0
2024-06-06,FRIS01,26.0
2024-06-06,FRIS02,18.0
2024-06-06,FRIS03,5.25
2024-06-06,KOF01,0.337
2024-06-06,VLEES01,31.0
2024-06-06,WIJN01,4.2
2024-06-06,WIJN02,2.85
2024-06-06,WIJN03,0.9
2024-06-06,ZUI01,3.15
2024-06-07,AARD01,15.68
2024-06-07,BIER01,38.75
2024-06-07,BIER02,41.0
2024-06-07,BROOD01,270.0
2024-06-07,BROOD02,31.0
2024-06-07,FRIS01,42.0
2024-06-07,FRIS02,34.0
2024-06-07,FRIS03,8.5
2024-06-07,KOF01,0.39
2024-06-07,VLEES01,31.0
2024-06-07,WIJN01,8.4
2024-06-07,WIJN02,6.6
2024-06-07,WIJN03,3.15
2024-06-07,ZUI01,3.9
2024-06-08,AARD01,12.32
2024-06-08,BIER01,33.25
2024-06-08,BIER02,23.0
2024-06-08,BROOD01,162.0
2024-06-08,BROOD02,30.0
2024-06-08,FRIS01,18.0
2024-06-08,FRIS02,18.0
2024-06-08,FRIS03,4.5
2024-06-08,KOF01,0.285
2024-06-08,VLEES01,30.0
2024-06-08,WIJN01,4.8
2024-06-08,WIJN02,2.85
2024-06-08,WIJN03,1.35
2024-06-08,ZUI01,3.0
2024-06-09,AARD01,9.1
2024-06-09,BIER01,14.0
2024-06-09,BIER02,6.0
2024-06-09,BROOD01,215.0
2024-06-09,BROOD02,20.0
2024-06-09,FRIS01,20.0
2024-06-09,FRIS02,13.0
2024-06-09,FRIS03,7.0
2024-06-09,KOF01,0.578
2024-06-09,VLEES01,20.0
2024-06-09,WIJN01,3.15
2024-06-09,WIJN02,2.1
2024-06-09,WIJN03,0.6
2024-06-09,ZUI01,4.95
2024-06-10,AARD01,6.3
2024-06-10,BIER01,10.25
2024-06-10,BIER02,13.0
2024-06-10,BROOD01,122.0
2024-06-10,BROOD02,12.0
2024-06-10,FRIS01,27.0
2024-06-10,FRIS02,22.0
2024-06-10,FRIS03,5.25
2024-06-10,KOF01,0.285
2024-06-10,VLEES01,12.0
2024-06-10,WIJN01,1.5
2024-06-10,WIJN02,1.8
2024-06-10,WIJN03,0.75
2024-06-10,ZUI01,3.3
2024-06-11,AARD01,10.5
2024-06-11,BIER01,11.75
2024-06-11,BIER02,14.0
2024-06-11,BROOD01,201.0
2024-06-11,BROOD02,24.0
2024-06-11,FRIS01,26.0
2024-06-11,FRIS02,21.0
2024-06-11,FRIS03,6.5
2024-06-11,KOF01,0.352
2024-06-11,VLEES01,24.0
2024-06-11,WIJN01,3.45
2024-06-11,WIJN02,1.65
2024-06-11,WIJN03,1.5
2024-06-11,ZUI01,4.2
2024-06-12,AARD01,9.8
2024-06-12,BIER01,10.75
2024-06-12,BIER02,14.0
2024-06-12,BROOD01,209.0
2024-06-12,BROOD02,26.0
2024-06-12,FRIS01,24.0
2024-06-12,FRIS02,23.0
2024-06-12,FRIS03,6.5
2024-06-12,KOF01,0.412
2024-06-12,VLEES01,26.0
2024-06-12,WIJN01,3.9
2024-06-12,WIJN02,1.2
2024-06-12,WIJN03,1.8
2024-06-12,ZUI01,4.5
2024-06-13,AARD01,13.86
2024-06-13,BIER01,14.25
2024-06-13,BIER02,14.0
2024-06-13,BROOD01,258.0
2024-06-13,BROOD02,39.0
2024-06-13,FRIS01,32.0
2024-06-13,FRIS02,19.0
2024-06-13,FRIS03,5.0
2024-06-13,KOF01,0.457
2024-06-13,VLEES01,39.0
2024-06-13,WIJN01,2.7
2024-06-13,WIJN02,1.8
2024-06-13,WIJN03,0.6
2024-06-13,ZUI01,5.4
2024-06-14,AARD01,13.72
2024-06-14,BIER01,40.75
2024-06-14,BIER02,31.0
2024-06-14,BROOD01,259.0
2024-06-14,BROOD02,29.0
2024-06-14,FRIS01,40.0
2024-06-14,FRIS02,45.0
2024-06-14,FRIS03,6.0
2024-06-14,KOF01,0.607
2024-06-14,VLEES01,29.0
2024-06-14,WIJN01,6.6
2024-06-14,WIJN02,4.2
2024-06-14,WIJN03,1.95
2024-06-14,ZUI01,5.4
2024-06-15,AARD01,9.8
2024-06-15,BIER01,27.0
2024-06-15,BIER02,30.0
2024-06-15,BROOD01,160.0
2024-06-15,BROOD02,18.0
2024-06-15,FRIS01,30.0
2024-06-15,FRIS02,27.0
2024-06-15,FRIS03,2.0
2024-06-15,KOF01,0.315
2024-06-15,VLEES01,18.0
2024-06-15,WIJN01,5.85
2024-06-15,WIJN02,5.4
2024-06-15,WIJN03,2.1
2024-06-15,ZUI01,3.15
2024-06-16,AARD01,12.18
2024-06-16,BIER01,16.25
2024-06-16,BIER02,18.0
2024-06-16,BROOD01,235.0
2024-06-16,BROOD02,27.0
2024-06-16,FRIS01,34.0
2024-06-16,FRIS02,19.0
2024-06-16,FRIS03,4.75
2024-06-16,KOF01,0.502
2024-06-16,VLEES01,27.0
2024-06-16,WIJN01,3.15
2024-06-16,WIJN02,1.95
2024-06-16,WIJN03,0.9
2024-06-16,ZUI01,5.85
2024-06-17,AARD01,7.42
2024-06-17,BIER01,7.75
2024-06-17,BIER02,10.0
2024-06-17,BROOD01,86.0
2024-06-17,BROOD02,19.0
2024-06-17,FRIS01,6.0
2024-06-17,FRIS02,4.0
2024-06-17,FRIS03,2.0
2024-06-17,KOF01,0.165
2024-06-17,VLEES01,19.0
2024-06-17,WIJN01,1.5
2024-06-17,WIJN02,0.75
2024-06-17,WIJN03,1.05
2024-06-17,ZUI01,2.1
2024-06-18,AARD01,8.54
2024-06-18,BIER01,11.25
2024-06-18,BIER02,11.0
2024-06-18,BROOD01,197.0
2024-06-18,BROOD02,14.0
2024-06-18,FRIS01,14.0
2024-06-18,FRIS02,16.0
2024-06-18,FRIS03,1.75
2024-06-18,KOF01,0.322
2024-06-18,VLEES01,14.0
2024-06-18,WIJN01,3.15
2024-06-18,WIJN02,2.4
2024-06-18,WIJN03,1.65
2024-06-18,ZUI01,3.15
2024-06-19,AARD01,9.66
2024-06-19,BIER01,15.25
2024-06-19,BIER02,12.0
2024-06-19,BROOD01,160.0
2024-06-19,BROOD02,16.0
2024-06-19,FRIS01,15.0
2024-06-19,FRIS02,23.0
2024-06-19,FRIS03,4.5
2024-06-19,KOF01,0.3
2024-06-19,VLEES01,16.0
2024-06-19,WIJN01,3.15
2024-06-19,WIJN02,2.55
2024-06-19,WIJN03,0.9
2024-06-19,ZUI01,2.4
2024-06-20,AARD01,12.32
2024-06-20,BIER01,16.25
2024-06-20,BIER02,20.0
2024-06-20,BROOD01,229.0
2024-06-20,BROOD02,36.0
2024-06-20,FRIS01,23.0
2024-06-20,FRIS02,17.0
2024-06-20,FRIS03,4.25
2024-06-20,KOF01,0.42
2024-06-20,VLEES01,36.0
2024-06-20,WIJN01,1.35
2024-06-20,WIJN02,2.4
2024-06-20,WIJN03,1.2
2024-06-20,ZUI01,3.9
2024-06-21,AARD01,16.24
2024-06-21,BIER01,41.75
2024-06-21,BIER02,27.0
2024-06-21,BROOD01,243.0
2024-06-21,BROOD02,36.0
2024-06-21,FRIS01,33.0
2024-06-21,FRIS02,43.0
2024-06-21,FRIS03,4.75
2024-06-21,KOF01,0.382
2024-06-21,VLEES01,36.0
2024-06-21,WIJN01,6.15
2024-06-21,WIJN02,6.0
2024-06-21,WIJN03,2.4
2024-06-21,ZUI01,4.5
2024-06-22,AARD01,14.98
2024-06-22,BIER01,31.0
2024-06-22,BIER02,18.0
2024-06-22,BROOD01,160.0
2024-06-22,BROOD02,38.0
2024-06-22,FRIS01,39.0
2024-06-22,FRIS02,28.0
2024-06-22,FRIS03,4.5
2024-06-22,KOF01,0.322
2024-06-22,VLEES01,38.0
2024-06-22,WIJN01,4.35
2024-06-22,WIJN02,5.25
2024-06-22,WIJN03,2.55
2024-06-22,ZUI01,2.7
2024-06-23,AARD01,7.84
2024-06-23,BIER01,15.5
2024-06-23,BIER02,13.0
2024-06-23,BROOD01,213.0
2024-06-23,BROOD02,25.0
2024-06-23,FRIS01,23.0
2024-06-23,FRIS02,19.0
2024-06-23,FRIS03,2.5
2024-06-23,KOF01,0.442
2024-06-23,VLEES01,25.0
2024-06-23,WIJN01,3.75
2024-06-23,WIJN02,2.55
2024-06-23,WIJN03,0.9
2024-06-23,ZUI01,3.9
2024-06-24,AARD01,5.74
2024-06-24,BIER01,11.5
2024-06-24,BIER02,7.0
2024-06-24,BROOD01,137.0
2024-06-24,BROOD02,11.0
2024-06-24,FRIS01,12.0
2024-06-24,FRIS02,7.0
2024-06-24,FRIS03,1.25
2024-06-24,KOF01,0.188
2024-06-24,VLEES01,11.0
2024-06-24,WIJN01,1.8
2024-06-24,WIJN02,2.55
2024-06-24,WIJN03,0.3
2024-06-24,ZUI01,2.25
2024-06-25,AARD01,6.3
2024-06-25,BIER01,10.25
2024-06-25,BIER02,12.0
2024-06-25,BROOD01,104.0
2024-06-25,BROOD02,13.0
2024-06-25,FRIS01,22.0
2024-06-25,FRIS02,13.0
2024-06-25,FRIS03,2.75
2024-06-25,KOF01,0.248
2024-06-25,VLEES01,13.0
2024-06-25,WIJN01,2.25
2024-06-25,WIJN02,3.0
2024-06-25,WIJN03,0.45
2024-06-25,ZUI01,1.95
2024-06-26,AARD01,11.9
2024-06-26,BIER01,18.75
2024-06-26,BIER02,16.0
2024-06-26,BROOD01,182.0
2024-06-26,BROOD02,29.0
2024-06-26,FRIS01,22.0
2024-06-26,FRIS02,14.0
2024-06-26,FRIS03,4.75
2024-06-26,KOF01,0.382
2024-06-26,VLEES01,29.0
2024-06-26,WIJN01,3.75
2024-06-26,WIJN02,3.6
2024-06-26,WIJN03,1.2
2024-06-26,ZUI01,2.1
2024-06-27,AARD01,8.96
2024-06-27,BIER01,9.5
2024-06-27,BIER02,15.0
2024-06-27,BROOD01,137.0
2024-06-27,BROOD02,25.0
2024-06-27,FRIS01,28.0
2024-06-27,FRIS02,25.0
2024-06-27,FRIS03,4.75
2024-06-27,KOF01,0.397
2024-06-27,VLEES01,25.0
2024-06-27,WIJN01,3.0
2024-06-27,WIJN02,2.25
2024-06-27,WIJN03,1.5
2024-06-27,ZUI01,4.8
2024-06-28,AARD01,13.02
2024-06-28,BIER01,39.25
2024-06-28,BIER02,35.0
2024-06-28,BROOD01,261.0
2024-06-28,BROOD02,35.0
2024-06-28,FRIS01,37.0
2024-06-28,FRIS02,49.0
2024-06-28,FRIS03,5.5
2024-06-28,KOF01,0.405
2024-06-28,VLEES01,35.0
2024-06-28,WIJN01,7.2
2024-06-28,WIJN02,4.8
2024-06-28,WIJN03,3.15
2024-06-28,ZUI01,4.35
2024-06-29,AARD01,13.16
2024-06-29,BIER01,38.0
2024-06-29,BIER02,27.0
2024-06-29,BROOD01,222.0
2024-06-29,BROOD02,36.0
2024-06-29,FRIS01,30.0
2024-06-29,FRIS02,27.0
2024-06-29,FRIS03,6.25
2024-06-29,KOF01,0.345
2024-06-29,VLEES01,36.0
2024-06-29,WIJN01,3.15
2024-06-29,WIJN02,6.75
2024-06-29,WIJN03,1.65
2024-06-29,ZUI01,3.45
2024-06-30,AARD01,8.96
2024-06-30,BIER01,10.5
2024-06-30,BIER02,16.0
2024-06-30,BROOD01,234.0
2024-06-30,BROOD02,18.0
2024-06-30,FRIS01,23.0
2024-06-30,FRIS02,15.0
2024-06-30,FRIS03,3.5
2024-06-30,KOF01,0.525
2024-06-30,VLEES01,18.0
2024-06-30,WIJN01,3.6
2024-06-30,WIJN02,2.1
2024-06-30,WIJN03,1.05
2024-06-30,ZUI01,4.35
2024-07-01,AARD01,8.54
2024-07-01,BIER01,13.5
2024-07-01,BIER02,13.0
2024-07-01,BROOD01,159.0
2024-07-01,BROOD02,20.0
2024-07-01,FRIS01,10.0
2024-07-01,FRIS02,9.0
2024-07-01,FRIS03,4.25
2024-07-01,KOF01,0.36
2024-07-01,VLEES01,20.0
2024-07-01,WIJN01,3.0
2024-07-01,WIJN02,1.8
2024-07-01,WIJN03,0.9
2024-07-01,ZUI01,3.9
2024-07-02,AARD01,10.08
2024-07-02,BIER01,16.5
2024-07-02,BIER02,26.0
2024-07-02,BROOD01,199.0
2024-07-02,BROOD02,21.0
2024-07-02,FRIS01,26.0
2024-07-02,FRIS02,17.0
2024-07-02,FRIS03,4.5
2024-07-02,KOF01,0.33
2024-07-02,VLEES01,21.0
2024-07-02,WIJN01,3.6
2024-07-02,WIJN02,5.25
2024-07-02,WIJN03,0.45
2024-07-02,ZUI01,3.9
2024-07-03,AARD01,7.42
2024-07-03,BIER01,16.75
2024-07-03,BIER02,17.0
2024-07-03,BROOD01,214.0
2024-07-03,BROOD02,18.0
2024-07-03,FRIS01,27.0
2024-07-03,FRIS02,27.0
2024-07-03,FRIS03,5.25
2024-07-03,KOF01,0.428
2024-07-03,VLEES01,18.0
2024-07-03,WIJN01,2.1
2024-07-03,WIJN02,1.95
2024-07-03,WIJN03,0.6
2024-07-03,ZUI01,5.85
2024-07-04,AARD01,14.98
2024-07-04,BIER01,24.5
2024-07-04,BIER02,14.0
2024-07-04,BROOD01,253.0
2024-07-04,BROOD02,33.0
2024-07-04,FRIS01,28.0
2024-07-04,FRIS02,33.0
2024-07-04,FRIS03,4.75
2024-07-04,KOF01,0.54
2024-07-04,VLEES01,33.0
2024-07-04,WIJN01,4.05
2024-07-04,WIJN02,3.75
2024-07-04,WIJN03,2.55
2024-07-04,ZUI01,4.65
2024-07-05,AARD01,14.28
2024-07-05,BIER01,47.75
2024-07-05,BIER02,42.0
2024-07-05,BROOD01,334.0
2024-07-05,BROOD02,37.0
2024-07-05,FRIS01,43.0
2024-07-05,FRIS02,50.0
2024-07-05,FRIS03,8.25
2024-07-05,KOF01,0.675
2024-07-05,VLEES01,37.0
2024-07-05,WIJN01,8.85
2024-07-05,WIJN02,7.65
2024-07-05,WIJN03,3.6
2024-07-05,ZUI01,6.3
2024-07-06,AARD01,13.72
2024-07-06,BIER01,36.5
2024-07-06,BIER02,50.0
2024-07-06,BROOD01,241.0
2024-07-06,BROOD02,42.0
2024-07-06,FRIS01,29.0
2024-07-06,FRIS02,43.0
2024-07-06,FRIS03,7.5
2024-07-06,KOF01,0.502
2024-07-06,VLEES01,42.0
2024-07-06,WIJN01,8.25
2024-07-06,WIJN02,5.1
2024-07-06,WIJN03,1.8
2024-07-06,ZUI01,4.5
2024-07-07,AARD01,10.5
2024-07-07,BIER01,18.5
2024-07-07,BIER02,20.0
2024-07-07,BROOD01,313.0
2024-07-07,BROOD02,36.0
2024-07-07,FRIS01,34.0
2024-07-07,FRIS02,29.0
2024-07-07,FRIS03,6.0
2024-07-07,KOF01,0.518
2024-07-07,VLEES01,36.0
2024-07-07,WIJN01,3.75
2024-07-07,WIJN02,2.1
2024-07-07,WIJN03,0.45
2024-07-07,ZUI01,5.55
2024-07-08,AARD01,5.18
2024-07-08,BIER01,14.0
2024-07-08,BIER02,10.0
2024-07-08,BROOD01,114.0
2024-07-08,BROOD02,19.0
2024-07-08,FRIS01,18.0
2024-07-08,FRIS02,16.0
2024-07-08,FRIS03,3.75
2024-07-08,KOF01,0.232
2024-07-08,VLEES01,19.0
2024-07-08,WIJN01,1.8
2024-07-08,WIJN02,1.2
2024-07-08,WIJN03,0.15
2024-07-08,ZUI01,2.55
2024-07-09,AARD01,4.76
2024-07-09,BIER01,14.25
2024-07-09,BIER02,10.0
2024-07-09,BROOD01,112.0
2024-07-09,BROOD02,12.0
2024-07-09,FRIS01,13.0
2024-07-09,FRIS02,19.0
2024-07-09,FRIS03,2.5
2024-07-09,KOF01,0.21
2024-07-09,VLEES01,12.0
2024-07-09,WIJN01,1.5
2024-07-09,WIJN02,1.5
2024-07-09,WIJN03,0.45
2024-07-09,ZUI01,2.7
2024-07-10,AARD01,7.98
2024-07-10,BIER01,9.5
2024-07-10,BIER02,13.0
2024-07-10,BROOD01,141.0
2024-07-10,BROOD02,14.0
2024-07-10,FRIS01,25.0
2024-07-10,FRIS02,12.0
2024-07-10,FRIS03,6.5
2024-07-10,KOF01,0.285
2024-07-10,VLEES01,14.0
2024-07-10,WIJN01,3.0
2024-07-10,WIJN02,3.0
2024-07-10,WIJN03,1.05
2024-07-10,ZUI01,1.95
2024-07-11,AARD01,17.36
2024-07-11,BIER01,23.25
2024-07-11,BIER02,22.0
2024-07-11,BROOD01,213.0
2024-07-11,BROOD02,50.0
2024-07-11,FRIS01,26.0
2024-07-11,FRIS02,28.0
2024-07-11,FRIS03,8.5
2024-07-11,KOF01,0.54
2024-07-11,VLEES01,50.0
2024-07-11,WIJN01,6.0
2024-07-11,WIJN02,4.95
2024-07-11,WIJN03,0.75
2024-07-11,ZUI01,5.85
2024-07-12,AARD01,16.52
2024-07-12,BIER01,29.75
2024-07-12,BIER02,24.0
2024-07-12,BROOD01,304.0
2024-07-12,BROOD02,42.0
2024-07-12,FRIS01,36.0
2024-07-12,FRIS02,30.0
2024-07-12,FRIS03,5.75
2024-07-12,KOF01,0.555
2024-07-12,VLEES01,42.0
2024-07-12,WIJN01,6.0
2024-07-12,WIJN02,4.95
2024-07-12,WIJN03,2.55
2024-07-12,ZUI01,4.35
2024-07-13,AARD01,12.18
2024-07-13,BIER01,31.5
2024-07-13,BIER02,30.0
2024-07-13,BROOD01,171.0
2024-07-13,BROOD02,30.0
2024-07-13,FRIS01,38.0
2024-07-13,FRIS02,33.0
2024-07-13,FRIS03,6.25
2024-07-13,KOF01,0.457
2024-07-13,VLEES01,30.0
2024-07-13,WIJN01,6.75
2024-07-13,WIJN02,4.35
2024-07-13,WIJN03,2.85
2024-07-13,ZUI01,5.4
2024-07-14,AARD01,9.38
2024-07-14,BIER01,18.0
2024-07-14,BIER02,18.0
2024-07-14,BROOD01,177.0
2024-07-14,BROOD02,34.0
2024-07-14,FRIS01,23.0
2024-07-14,FRIS02,33.0
2024-07-14,FRIS03,5.5
2024-07-14,KOF01,0.57
2024-07-14,VLEES01,34.0
2024-07-14,WIJN01,2.4
2024-07-14,WIJN02,2.4
2024-07-14,WIJN03,1.5
2024-07-14,ZUI01,4.8
2024-07-15,AARD01,7.7
2024-07-15,BIER01,9.25
2024-07-15,BIER02,11.0
2024-07-15,BROOD01,208.0
2024-07-15,BROOD02,17.0
2024-07-15,FRIS01,21.0
2024-07-15,FRIS02,21.0
2024-07-15,FRIS03,6.25
2024-07-15,KOF01,0.232
2024-07-15,VLEES01,17.0
2024-07-15,WIJN01,3.0
2024-07-15,WIJN02,1.2
2024-07-15,WIJN03,0.75
2024-07-15,ZUI01,1.8
2024-07-16,AARD01,7.28
2024-07-16,BIER01,14.25
2024-07-16,BIER02,14.0
2024-07-16,BROOD01,188.0
2024-07-16,BROOD02,22.0
2024-07-16,FRIS01,18.0
2024-07-16,FRIS02,32.0
2024-07-16,FRIS03,3.0
2024-07-16,KOF01,0.345
2024-07-16,VLEES01,22.0
2024-07-16,WIJN01,1.65
2024-07-16,WIJN02,1.05
2024-07-16,WIJN03,0.45
2024-07-16,ZUI01,3.6
2024-07-17,AARD01,10.78
2024-07-17,BIER01,10.0
2024-07-17,BIER02,8.0
2024-07-17,BROOD01,182.0
2024-07-17,BROOD02,25.0
2024-07-17,FRIS01,16.0
2024-07-17,FRIS02,22.0
2024-07-17,FRIS03,5.0
2024-07-17,KOF01,0.24
2024-07-17,VLEES01,25.0
2024-07-17,WIJN01,1.5
2024-07-17,WIJN02,2.4
2024-07-17,WIJN03,1.05
2024-07-17,ZUI01,1.8
2024-07-18,AARD01,10.78
2024-07-18,BIER01,20.25
2024-07-18,BIER02,12.0
2024-07-18,BROOD01,164.0
2024-07-18,BROOD02,25.0
2024-07-18,FRIS01,26.0
2024-07-18,FRIS02,19.0
2024-07-18,FRIS03,5.75
2024-07-18,KOF01,0.375
2024-07-18,VLEES01,25.0
2024-07-18,WIJN01,2.55
2024-07-18,WIJN02,4.5
2024-07-18,WIJN03,0.75
2024-07-18,ZUI01,4.05
2024-07-19,AARD01,14.84
2024-07-19,BIER01,45.75
2024-07-19,BIER02,30.0
2024-07-19,BROOD01,250.0
2024-07-19,BROOD02,33.0
2024-07-19,FRIS01,30.0
2024-07-19,FRIS02,40.0
2024-07-19,FRIS03,5.0
2024-07-19,KOF01,0.548
2024-07-19,VLEES01,33.0
2024-07-19,WIJN01,7.35
2024-07-19,WIJN02,3.3
2024-07-19,WIJN03,2.55
2024-07-19,ZUI01,4.35
2024-07-20,AARD01,13.86
2024-07-20,BIER01,23.25
2024-07-20,BIER02,32.0
2024-07-20,BROOD01,210.0
2024-07-20,BROOD02,34.0
2024-07-20,FRIS01,31.0
2024-07-20,FRIS02,27.0
2024-07-20,FRIS03,7.25
2024-07-20,KOF01,0.525
2024-07-20,VLEES01,34.0
2024-07-20,WIJN01,6.45
2024-07-20,WIJN02,4.65
2024-07-20,WIJN03,1.5
2024-07-20,ZUI01,5.85
2024-07-21,AARD01,9.24
2024-07-21,BIER01,15.25
2024-07-21,BIER02,9.0
2024-07-21,BROOD01,249.0
2024-07-21,BROOD02,29.0
2024-07-21,FRIS01,29.0
2024-07-21,FRIS02,29.0
2024-07-21,FRIS03,9.0
2024-07-21,KOF01,0.592
2024-07-21,VLEES01,29.0
2024-07-21,WIJN01,3.9
2024-07-21,WIJN02,2.55
2024-07-21,WIJN03,1.95
2024-07-21,ZUI01,7.05
2024-07-22,AARD01,11.34
2024-07-22,BIER01,16.5
2024-07-22,BIER02,9.0
2024-07-22,BROOD01,140.0
2024-07-22,BROOD02,29.0
2024-07-22,FRIS01,18.0
2024-07-22,FRIS02,6.0
2024-07-22,FRIS03,3.25
2024-07-22,KOF01,0.232
2024-07-22,VLEES01,29.0
2024-07-22,WIJN01,2.25
2024-07-22,WIJN02,4.05
2024-07-22,WIJN03,1.95
2024-07-22,ZUI01,2.7
2024-07-23,AARD01,10.08
2024-07-23,BIER01,19.0
2024-07-23,BIER02,22.0
2024-07-23,BROOD01,241.0
2024-07-23,BROOD02,31.0
2024-07-23,FRIS01,19.0
2024-07-23,FRIS02,24.0
2024-07-23,FRIS03,6.75
2024-07-23,KOF01,0.39
2024-07-23,VLEES01,31.0
2024-07-23,WIJN01,2.55
2024-07-23,WIJN02,3.6
2024-07-23,WIJN03,1.35
2024-07-23,ZUI01,4.65
2024-07-24,AARD01,9.38
2024-07-24,BIER01,16.5
2024-07-24,BIER02,23.0
2024-07-24,BROOD01,197.0
2024-07-24,BROOD02,18.0
2024-07-24,FRIS01,37.0
2024-07-24,FRIS02,20.0
2024-07-24,FRIS03,6.0
2024-07-24,KOF01,0.375
2024-07-24,VLEES01,18.0
2024-07-24,WIJN01,3.6
2024-07-24,WIJN02,2.55
2024-07-24,WIJN03,1.2
2024-07-24,ZUI01,2.85
2024-07-25,AARD01,8.82
2024-07-25,BIER01,21.5
2024-07-25,BIER02,27.0
2024-07-25,BROOD01,170.0
2024-07-25,BROOD02,18.0
2024-07-25,FRIS01,24.0
2024-07-25,FRIS02,26.0
2024-07-25,FRIS03,8.0
2024-07-25,KOF01,0.42
2024-07-25,VLEES01,18.0
2024-07-25,WIJN01,3.0
2024-07-25,WIJN02,3.9
2024-07-25,WIJN03,2.1
2024-07-25,ZUI01,3.75
2024-07-26,AARD01,20.3
2024-07-26,BIER01,47.25
2024-07-26,BIER02,39.0
2024-07-26,BROOD01,270.0
2024-07-26,BROOD02,47.0
2024-07-26,FRIS01,55.0
2024-07-26,FRIS02,35.0
2024-07-26,FRIS03,10.25
2024-07-26,KOF01,0.75
2024-07-26,VLEES01,47.0
2024-07-26,WIJN01,6.75
2024-07-26,WIJN02,6.75
2024-07-26,WIJN03,2.85
2024-07-26,ZUI01,6.9
2024-07-27,AARD01,11.62
2024-07-27,BIER01,25.75
2024-07-27,BIER02,31.0
2024-07-27,BROOD01,157.0
2024-07-27,BROOD02,24.0
2024-07-27,FRIS01,37.0
2024-07-27,FRIS02,19.0
2024-07-27,FRIS03,4.25
2024-07-27,KOF01,0.428
2024-07-27,VLEES01,24.0
2024-07-27,WIJN01,6.0
2024-07-27,WIJN02,3.45
2024-07-27,WIJN03,2.4
2024-07-27,ZUI01,4.65
2024-07-28,AARD01,9.66
2024-07-28,BIER01,20.75
2024-07-28,BIER02,16.0
2024-07-28,BROOD01,265.0
2024-07-28,BROOD02,22.0
2024-07-28,FRIS01,27.0
2024-07-28,FRIS02,21.0
2024-07-28,FRIS03,6.75
2024-07-28,KOF01,0.54
2024-07-28,VLEES01,22.0
2024-07-28,WIJN01,5.4
2024-07-28,WIJN02,2.7
2024-07-28,WIJN03,1.2
2024-07-28,ZUI01,6.15
2024-07-29,AARD01,4.2
2024-07-29,BIER01,11.0
2024-07-29,BIER02,5.0
2024-07-29,BROOD01,129.0
2024-07-29,BROOD02,7.0
2024-07-29,FRIS01,7.0
2024-07-29,FRIS02,15.0
2024-07-29,FRIS03,2.25
2024-07-29,KOF01,0.128
2024-07-29,VLEES01,7.0
2024-07-29,WIJN01,2.25
2024-07-29,WIJN02,3.15
2024-07-29,WIJN03,0.45
2024-07-29,ZUI01,1.05
2024-07-30,AARD01,6.3
2024-07-30,BIER01,13.75
2024-07-30,BIER02,7.0
2024-07-30,BROOD01,158.0
2024-07-30,BROOD02,11.0
2024-07-30,FRIS01,15.0
2024-07-30,FRIS02,17.0
2024-07-30,FRIS03,3.25
2024-07-30,KOF01,0.39
2024-07-30,VLEES01,11.0
2024-07-30,WIJN01,2.85
2024-07-30,WIJN02,1.35
2024-07-30,WIJN03,1.2
2024-07-30,ZUI01,4.2
2024-07-31,AARD01,10.08
2024-07-31,BIER01,14.0
2024-07-31,BIER02,18.0
2024-07-31,BROOD01,270.0
2024-07-31,BROOD02,32.0
2024-07-31,FRIS01,27.0
2024-07-31,FRIS02,28.0
2024-07-31,FRIS03,7.25
2024-07-31,KOF01,0.33
2024-07-31,VLEES01,32.0
2024-07-31,WIJN01,2.4
2024-07-31,WIJN02,2.25
2024-07-31,WIJN03,1.5
2024-07-31,ZUI01,2.85
2024-08-01,AARD01,11.62
2024-08-01,BIER01,11.0
2024-08-01,BIER02,22.0
2024-08-01,BROOD01,191.0
2024-08-01,BROOD02,32.0
2024-08-01,FRIS01,24.0
2024-08-01,FRIS02,23.0
2024-08-01,FRIS03,5.25
2024-08-01,KOF01,0.27
2024-08-01,VLEES01,32.0
2024-08-01,WIJN01,3.3
2024-08-01,WIJN02,3.0
2024-08-01,WIJN03,2.55
2024-08-01,ZUI01,3.3
2024-08-02,AARD01,24.22
2024-08-02,BIER01,48.75
2024-08-02,BIER02,62.0
2024-08-02,BROOD01,347.0
2024-08-02,BROOD02,54.0
2024-08-02,FRIS01,53.0
2024-08-02,FRIS02,54.0
2024-08-02,FRIS03,10.25
2024-08-02,KOF01,0.75
2024-08-02,VLEES01,54.0
2024-08-02,WIJN01,8.55
2024-08-02,WIJN02,9.0
2024-08-02,WIJN03,4.2
2024-08-02,ZUI01,8.55
2024-08-03,AARD01,11.34
2024-08-03,BIER01,33.0
2024-08-03,BIER02,28.0
2024-08-03,BROOD01,242.0
2024-08-03,BROOD02,31.0
2024-08-03,FRIS01,32.0
2024-08-03,FRIS02,29.0
2024-08-03,FRIS03,9.0
2024-08-03,KOF01,0.375
2024-08-03,VLEES01,31.0
2024-08-03,WIJN01,9.3
2024-08-03,WIJN02,3.6
2024-08-03,WIJN03,2.55
2024-08-03,ZUI01,3.9
2024-08-04,AARD01,9.24
2024-08-04,BIER01,19.0
2024-08-04,BIER02,9.0
2024-08-04,BROOD01,192.0
2024-08-04,BROOD02,29.0
2024-08-04,FRIS01,19.0
2024-08-04,FRIS02,41.0
2024-08-04,FRIS03,11.0
2024-08-04,KOF01,0.578
2024-08-04,VLEES01,29.0
2024-08-04,WIJN01,3.6
2024-08-04,WIJN02,1.95
2024-08-04,WIJN03,0.3
2024-08-04,ZUI01,5.25
2024-08-05,AARD01,7.98
2024-08-05,BIER01,9.0
2024-08-05,BIER02,12.0
2024-08-05,BROOD01,148.0
2024-08-05,BROOD02,17.0
2024-08-05,FRIS01,23.0
2024-08-05,FRIS02,16.0
2024-08-05,FRIS03,4.25
2024-08-05,KOF01,0.232
2024-08-05,VLEES01,17.0
2024-08-05,WIJN01,2.1
2024-08-05,WIJN02,1.95
2024-08-05,WIJN03,0.45
2024-08-05,ZUI01,2.85
2024-08-06,AARD01,6.86
2024-08-06,BIER01,12.75
2024-08-06,BIER02,21.0
2024-08-06,BROOD01,157.0
2024-08-06,BROOD02,11.0
2024-08-06,FRIS01,17.0
2024-08-06,FRIS02,26.0
2024-08-06,FRIS03,6.75
2024-08-06,KOF01,0.368
2024-08-06,VLEES01,11.0
2024-08-06,WIJN01,2.7
2024-08-06,WIJN02,2.1
2024-08-06,WIJN03,1.2
2024-08-06,ZUI01,3.6
2024-08-07,AARD01,8.68
2024-08-07,BIER01,16.25
2024-08-07,BIER02,19.0
2024-08-07,BROOD01,206.0
2024-08-07,BROOD02,27.0
2024-08-07,FRIS01,21.0
2024-08-07,FRIS02,31.0
2024-08-07,FRIS03,4.5
2024-08-07,KOF01,0.412
2024-08-07,VLEES01,27.0
2024-08-07,WIJN01,1.5
2024-08-07,WIJN02,3.75
2024-08-07,WIJN03,1.35
2024-08-07,ZUI01,4.35
2024-08-08,AARD01,13.44
2024-08-08,BIER01,26.5
2024-08-08,BIER02,16.0
2024-08-08,BROOD01,234.0
2024-08-08,BROOD02,34.0
2024-08-08,FRIS01,39.0
2024-08-08,FRIS02,24.0
2024-08-08,FRIS03,11.5
2024-08-08,KOF01,0.63
2024-08-08,VLEES01,34.0
2024-08-08,WIJN01,3.6
2024-08-08,WIJN02,3.15
2024-08-08,WIJN03,1.05
2024-08-08,ZUI01,6.6
2024-08-09,AARD01,12.04
2024-08-09,BIER01,43.25
2024-08-09,BIER02,36.0
2024-08-09,BROOD01,260.0
2024-08-09,BROOD02,23.0
2024-08-09,FRIS01,34.0
2024-08-09,FRIS02,29.0
2024-08-09,FRIS03,3.75
2024-08-09,KOF01,0.585
2024-08-09,VLEES01,23.0
2024-08-09,WIJN01,5.1
2024-08-09,WIJN02,5.55
2024-08-09,WIJN03,2.7
2024-08-09,ZUI01,4.8
2024-08-10,AARD01,11.06
2024-08-10,BIER01,23.5
2024-08-10,BIER02,25.0
2024-08-10,BROOD01,171.0
2024-08-10,BROOD02,26.0
2024-08-10,FRIS01,29.0
2024-08-10,FRIS02,26.0
2024-08-10,FRIS03,4.5
2024-08-10,KOF01,0.368
2024-08-10,VLEES01,26.0
2024-08-10,WIJN01,4.65
2024-08-10,WIJN02,6.15
2024-08-10,WIJN03,2.4
2024-08-10,ZUI01,4.2
2024-08-11,AARD01,10.22
2024-08-11,BIER01,21.0
2024-08-11,BIER02,19.0
2024-08-11,BROOD01,133.0
2024-08-11,BROOD02,30.0
2024-08-11,FRIS01,31.0
2024-08-11,FRIS02,19.0
2024-08-11,FRIS03,4.25
2024-08-11,KOF01,0.442
2024-08-11,VLEES01,30.0
2024-08-11,WIJN01,4.65
2024-08-11,WIJN02,2.55
2024-08-11,WIJN03,1.2
2024-08-11,ZUI01,4.95
2024-08-12,AARD01,5.32
2024-08-12,BIER01,13.5
2024-08-12,BIER02,17.0
2024-08-12,BROOD01,122.0
2024-08-12,BROOD02,16.0
2024-08-12,FRIS01,13.0
2024-08-12,FRIS02,16.0
2024-08-12,FRIS03,4.5
2024-08-12,KOF01,0.27
2024-08-12,VLEES01,16.0
2024-08-12,WIJN01,1.35
2024-08-12,WIJN02,1.2
2024-08-12,WIJN03,1.05
2024-08-12,ZUI01,2.85
2024-08-13,AARD01,8.4
2024-08-13,BIER01,10.0
2024-08-13,BIER02,8.0
2024-08-13,BROOD01,122.0
2024-08-13,BROOD02,20.0
2024-08-13,FRIS01,15.0
2024-08-13,FRIS02,19.0
2024-08-13,FRIS03,5.75
2024-08-13,KOF01,0.345
2024-08-13,VLEES01,20.0
2024-08-13,WIJN01,2.55
2024-08-13,WIJN02,2.55
2024-08-13,WIJN03,1.2
2024-08-13,ZUI01,2.7
2024-08-14,AARD01,8.26
2024-08-14,BIER01,17.0
2024-08-14,BIER02,14.0
2024-08-14,BROOD01,191.0
2024-08-14,BROOD02,20.0
2024-08-14,FRIS01,17.0
2024-08-14,FRIS02,24.0
2024-08-14,FRIS03,2.25
2024-08-14,KOF01,0.3
2024-08-14,VLEES01,20.0
2024-08-14,WIJN01,4.05
2024-08-14,WIJN02,4.65
2024-08-14,WIJN03,1.35
2024-08-14,ZUI01,2.85
2024-08-15,AARD01,8.54
2024-08-15,BIER01,14.5
2024-08-15,BIER02,9.0
2024-08-15,BROOD01,232.0
2024-08-15,BROOD02,29.0
2024-08-15,FRIS01,18.0
2024-08-15,FRIS02,21.0
2024-08-15,FRIS03,5.25
2024-08-15,KOF01,0.352
2024-08-15,VLEES01,29.0
2024-08-15,WIJN01,3.15
2024-08-15,WIJN02,3.0
2024-08-15,WIJN03,0.75
2024-08-15,ZUI01,3.9
2024-08-16,AARD01,15.96
2024-08-16,BIER01,25.5
2024-08-16,BIER02,28.0
2024-08-16,BROOD01,259.0
2024-08-16,BROOD02,37.0
2024-08-16,FRIS01,37.0
2024-08-16,FRIS02,44.0
2024-08-16,FRIS03,5.0
2024-08-16,KOF01,0.39
2024-08-16,VLEES01,37.0
2024-08-16,WIJN01,6.45
2024-08-16,WIJN02,6.9
2024-08-16,WIJN03,3.75
2024-08-16,ZUI01,4.95
2024-08-17,AARD01,12.46
2024-08-17,BIER01,38.0
2024-08-17,BIER02,23.0
2024-08-17,BROOD01,186.0
2024-08-17,BROOD02,25.0
2024-08-17,FRIS01,30.0
2024-08-17,FRIS02,40.0
2024-08-17,FRIS03,4.5
2024-08-17,KOF01,0.465
2024-08-17,VLEES01,25.0
2024-08-17,WIJN01,6.75
2024-08-17,WIJN02,4.8
2024-08-17,WIJN03,2.55
2024-08-17,ZUI01,4.65
2024-08-18,AARD01,8.26
2024-08-18,BIER01,18.0
2024-08-18,BIER02,15.0
2024-08-18,BROOD01,225.0
2024-08-18,BROOD02,22.0
2024-08-18,FRIS01,30.0
2024-08-18,FRIS02,33.0
2024-08-18,FRIS03,8.5
2024-08-18,KOF01,0.48
2024-08-18,VLEES01,22.0
2024-08-18,WIJN01,3.0
2024-08-18,WIJN02,1.95
2024-08-18,WIJN03,1.5
2024-08-18,ZUI01,4.95
2024-08-19,AARD01,3.78
2024-08-19,BIER01,7.5
2024-08-19,BIER02,8.0
2024-08-19,BROOD01,94.0
2024-08-19,BROOD02,6.0
2024-08-19,FRIS01,5.0
2024-08-19,FRIS02,9.0
2024-08-19,FRIS03,3.75
2024-08-19,KOF01,0.218
2024-08-19,VLEES01,6.0
2024-08-19,WIJN01,1.95
2024-08-19,WIJN02,2.25
2024-08-19,WIJN03,0.3
2024-08-19,ZUI01,2.1
2024-08-20,AARD01,6.44
2024-08-20,BIER01,8.5
2024-08-20,BIER02,7.0
2024-08-20,BROOD01,95.0
2024-08-20,BROOD02,14.0
2024-08-20,FRIS01,12.0
2024-08-20,FRIS02,11.0
2024-08-20,FRIS03,2.25
2024-08-20,KOF01,0.188
2024-08-20,VLEES01,14.0
2024-08-20,WIJN01,2.55
2024-08-20,WIJN02,1.95
2024-08-20,WIJN03,0.45
2024-08-20,ZUI01,2.25
2024-08-21,AARD01,7.28
2024-08-21,BIER01,17.25
2024-08-21,BIER02,10.0
2024-08-21,BROOD01,142.0
2024-08-21,BROOD02,16.0
2024-08-21,FRIS01,12.0
2024-08-21,FRIS02,14.0
2024-08-21,FRIS03,2.25
2024-08-21,KOF01,0.18
2024-08-21,VLEES01,16.0
2024-08-21,WIJN01,1.35
2024-08-21,WIJN02,3.0
2024-08-21,WIJN03,1.35
2024-08-21,ZUI01,1.95
2024-08-22,AARD01,7.28
2024-08-22,BIER01,11.5
2024-08-22,BIER02,15.0
2024-08-22,BROOD01,164.0
2024-08-22,BROOD02,24.0
2024-08-22,FRIS01,30.0
2024-08-22,FRIS02,22.0
2024-08-22,FRIS03,5.0
2024-08-22,KOF01,0.465
2024-08-22,VLEES01,24.0
2024-08-22,WIJN01,1.8
2024-08-22,WIJN02,3.15
2024-08-22,WIJN03,1.5
2024-08-22,ZUI01,5.55
2024-08-23,AARD01,15.12
2024-08-23,BIER01,31.25
2024-08-23,BIER02,38.0
2024-08-23,BROOD01,292.0
2024-08-23,BROOD02,40.0
2024-08-23,FRIS01,27.0
2024-08-23,FRIS02,27.0
2024-08-23,FRIS03,6.0
2024-08-23,KOF01,0.36
2024-08-23,VLEES01,40.0
2024-08-23,WIJN01,6.45
2024-08-23,WIJN02,5.4
2024-08-23,WIJN03,3.0
2024-08-23,ZUI01,3.6
2024-08-24,AARD01,13.72
2024-08-24,BIER01,31.25
2024-08-24,BIER02,23.0
2024-08-24,BROOD01,207.0
2024-08-24,BROOD02,37.0
2024-08-24,FRIS01,13.0
2024-08-24,FRIS02,27.0
2024-08-24,FRIS03,8.75
2024-08-24,KOF01,0.465
2024-08-24,VLEES01,37.0
2024-08-24,WIJN01,4.95
2024-08-24,WIJN02,5.1
2024-08-24,WIJN03,3.9
2024-08-24,ZUI01,3.15
2024-08-25,AARD01,6.44
2024-08-25,BIER01,18.0
2024-08-25,BIER02,11.0
2024-08-25,BROOD01,169.0
2024-08-25,BROOD02,17.0
2024-08-25,FRIS01,23.0
2024-08-25,FRIS02,20.0
2024-08-25,FRIS03,4.25
2024-08-25,KOF01,0.48
2024-08-25,VLEES01,17.0
2024-08-25,WIJN01,1.2
2024-08-25,WIJN02,3.6
2024-08-25,WIJN03,1.05
2024-08-25,ZUI01,4.8
2024-08-26,AARD01,2.94
2024-08-26,BIER01,11.0
2024-08-26,BIER02,10.0
2024-08-26,BROOD01,100.0
2024-08-26,BROOD02,8.0
2024-08-26,FRIS01,15.0
2024-08-26,FRIS02,12.0
2024-08-26,FRIS03,2.25
2024-08-26,KOF01,0.188
2024-08-26,VLEES01,8.0
2024-08-26,WIJN01,1.95
2024-08-26,WIJN02,1.35
2024-08-26,WIJN03,0.15
2024-08-26,ZUI01,1.5
2024-08-27,AARD01,11.34
2024-08-27,BIER01,17.25
2024-08-27,BIER02,18.0
2024-08-27,BROOD01,135.0
2024-08-27,BROOD02,23.0
2024-08-27,FRIS01,20.0
2024-08-27,FRIS02,17.0
2024-08-27,FRIS03,4.25
2024-08-27,KOF01,0.428
2024-08-27,VLEES01,23.0
2024-08-27,WIJN01,2.85
2024-08-27,WIJN02,2.4
2024-08-27,WIJN03,1.95
2024-08-27,ZUI01,3.9
2024-08-28,AARD01,10.08
2024-08-28,BIER01,15.5
2024-08-28,BIER02,8.0
2024-08-28,BROOD01,174.0
2024-08-28,BROOD02,33.0
2024-08-28,FRIS01,29.0
2024-08-28,FRIS02,20.0
2024-08-28,FRIS03,6.25
2024-08-28,KOF01,0.33
2024-08-28,VLEES01,33.0
2024-08-28,WIJN01,3.9
2024-08-28,WIJN02,2.1
2024-08-28,WIJN03,1.65
2024-08-28,ZUI01,4.2
2024-08-29,AARD01,7.0
2024-08-29,BIER01,14.5
2024-08-29,BIER02,12.0
2024-08-29,BROOD01,280.0
2024-08-29,BROOD02,22.0
2024-08-29,FRIS01,23.0
2024-08-29,FRIS02,20.0
2024-08-29,FRIS03,6.0
2024-08-29,KOF01,0.368
2024-08-29,VLEES01,22.0
2024-08-29,WIJN01,3.0
2024-08-29,WIJN02,1.2
2024-08-29,WIJN03,0.9
2024-08-29,ZUI01,4.2
2024-08-30,AARD01,12.88
2024-08-30,BIER01,29.5
2024-08-30,BIER02,32.0
2024-08-30,BROOD01,210.0
2024-08-30,BROOD02,33.0
2024-08-30,FRIS01,34.0
2024-08-30,FRIS02,30.0
2024-08-30,FRIS03,7.5
2024-08-30,KOF01,0.442
2024-08-30,VLEES01,33.0
2024-08-30,WIJN01,5.25
2024-08-30,WIJN02,5.25
2024-08-30,WIJN03,2.4
2024-08-30,ZUI01,4.2
2024-08-31,AARD01,10.92
2024-08-31,BIER01,34.5
2024-08-31,BIER02,33.0
2024-08-31,BROOD01,187.0
2024-08-31,BROOD02,27.0
2024-08-31,FRIS01,34.0
2024-08-31,FRIS02,33.0
2024-08-31,FRIS03,6.25
2024-08-31,KOF01,0.532
2024-08-31,VLEES01,27.0
2024-08-31,WIJN01,4.8
2024-08-31,WIJN02,3.3
2024-08-31,WIJN03,3.3
2024-08-31,ZUI01,5.7
2024-09-01,AARD01,8.12
2024-09-01,BIER01,20.0
2024-09-01,BIER02,10.0
2024-09-01,BROOD01,185.0
2024-09-01,BROOD02,16.0
2024-09-01,FRIS01,17.0
2024-09-01,FRIS02,22.0
2024-09-01,FRIS03,4.75
2024-09-01,KOF01,0.315
2024-09-01,VLEES01,16.0
2024-09-01,WIJN01,2.7
2024-09-01,WIJN02,1.95
2024-09-01,WIJN03,1.95
2024-09-01,ZUI01,3.3
2024-09-02,AARD01,4.9
2024-09-02,BIER01,7.25
2024-09-02,BIER02,1.0
2024-09-02,BROOD01,70.0
2024-09-02,BROOD02,13.0
2024-09-02,FRIS01,7.0
2024-09-02,FRIS02,10.0
2024-09-02,FRIS03,3.25
2024-09-02,KOF01,0.135
2024-09-02,VLEES01,13.0
2024-09-02,WIJN01,0.6
2024-09-02,WIJN02,1.65
2024-09-02,WIJN03,0.45
2024-09-02,ZUI01,1.95
2024-09-03,AARD01,12.32
2024-09-03,BIER01,13.25
2024-09-03,BIER02,16.0
2024-09-03,BROOD01,169.0
2024-09-03,BROOD02,27.0
2024-09-03,FRIS01,25.0
2024-09-03,FRIS02,19.0
2024-09-03,FRIS03,3.5
2024-09-03,KOF01,0.24
2024-09-03,VLEES01,27.0
2024-09-03,WIJN01,3.75
2024-09-03,WIJN02,1.35
2024-09-03,WIJN03,0.9
2024-09-03,ZUI01,2.1
2024-09-04,AARD01,7.7
2024-09-04,BIER01,12.5
2024-09-04,BIER02,10.0
2024-09-04,BROOD01,203.0
2024-09-04,BROOD02,23.0
2024-09-04,FRIS01,12.0
2024-09-04,FRIS02,26.0
2024-09-04,FRIS03,5.25
2024-09-04,KOF01,0.248
2024-09-04,VLEES01,23.0
2024-09-04,WIJN01,2.4
2024-09-04,WIJN02,1.2
2024-09-04,WIJN03,1.05
2024-09-04,ZUI01,2.4
2024-09-05,AARD01,11.62
2024-09-05,BIER01,15.25
2024-09-05,BIER02,14.0
2024-09-05,BROOD01,168.0
2024-09-05,BROOD02,23.0
2024-09-05,FRIS01,20.0
2024-09-05,FRIS02,25.0
2024-09-05,FRIS03,5.5
2024-09-05,KOF01,0.24
2024-09-05,VLEES01,23.0
2024-09-05,WIJN01,3.45
2024-09-05,WIJN02,2.25
2024-09-05,WIJN03,1.8
2024-09-05,ZUI01,2.55
2024-09-06,AARD01,11.2
2024-09-06,BIER01,23.75
2024-09-06,BIER02,25.0
2024-09-06,BROOD01,216.0
2024-09-06,BROOD02,30.0
2024-09-06,FRIS01,21.0
2024-09-06,FRIS02,24.0
2024-09-06,FRIS03,5.5
2024-09-06,KOF01,0.495
2024-09-06,VLEES01,30.0
2024-09-06,WIJN01,4.35
2024-09-06,WIJN02,2.25
2024-09-06,WIJN03,1.05
2024-09-06,ZUI01,4.8
2024-09-07,AARD01,14.14
2024-09-07,BIER01,31.25
2024-09-07,BIER02,32.0
2024-09-07,BROOD01,237.0
2024-09-07,BROOD02,35.0
2024-09-07,FRIS01,35.0
2024-09-07,FRIS02,30.0
2024-09-07,FRIS03,3.75
2024-09-07,KOF01,0.412
2024-09-07,VLEES01,35.0
2024-09-07,WIJN01,6.0
2024-09-07,WIJN02,5.4
2024-09-07,WIJN03,0.9
2024-09-07,ZUI01,3.75
2024-09-08,AARD01,8.68
2024-09-08,BIER01,16.75
2024-09-08,BIER02,14.0
2024-09-08,BROOD01,231.0
2024-09-08,BROOD02,18.0
2024-09-08,FRIS01,18.0
2024-09-08,FRIS02,23.0
2024-09-08,FRIS03,7.0
2024-09-08,KOF01,0.525
2024-09-08,VLEES01,18.0
2024-09-08,WIJN01,2.85
2024-09-08,WIJN02,2.4
2024-09-08,WIJN03,0.75
2024-09-08,ZUI01,5.7
2024-09-09,AARD01,3.22
2024-09-09,BIER01,9.5
2024-09-09,BIER02,5.0
2024-09-09,BROOD01,132.0
2024-09-09,BROOD02,13.0
2024-09-09,FRIS01,8.0
2024-09-09,FRIS02,9.0
2024-09-09,FRIS03,3.75
2024-09-09,KOF01,0.195
2024-09-09,VLEES01,13.0
2024-09-09,WIJN01,1.35
2024-09-09,WIJN02,0.9
2024-09-09,WIJN03,0.3
2024-09-09,ZUI01,2.1
2024-09-10,AARD01,7.42
2024-09-10,BIER01,14.25
2024-09-10,BIER02,18.0
2024-09-10,BROOD01,113.0
2024-09-10,BROOD02,19.0
2024-09-10,FRIS01,12.0
2024-09-10,FRIS02,10.0
2024-09-10,FRIS03,4.25
2024-09-10,KOF01,0.345
2024-09-10,VLEES01,19.0
2024-09-10,WIJN01,2.25
2024-09-10,WIJN02,1.8
2024-09-10,WIJN03,1.8
2024-09-10,ZUI01,3.9
2024-09-11,AARD01,7.14
2024-09-11,BIER01,11.25
2024-09-11,BIER02,15.0
2024-09-11,BROOD01,170.0
2024-09-11,BROOD02,15.0
2024-09-11,FRIS01,15.0
2024-09-11,FRIS02,10.0
2024-09-11,FRIS03,3.75
2024-09-11,KOF01,0.285
2024-09-11,VLEES01,15.0
2024-09-11,WIJN01,2.85
2024-09-11,WIJN02,2.7
2024-09-11,WIJN03,0.3
2024-09-11,ZUI01,3.45
2024-09-12,AARD01,8.26
2024-09-12,BIER01,9.25
2024-09-12,BIER02,10.0
2024-09-12,BROOD01,162.0
2024-09-12,BROOD02,18.0
2024-09-12,FRIS01,15.0
2024-09-12,FRIS02,22.0
2024-09-12,FRIS03,5.0
2024-09-12,KOF01,0.255
2024-09-12,VLEES01,18.0
2024-09-12,WIJN01,2.25
2024-09-12,WIJN02,1.2
2024-09-12,WIJN03,1.05
2024-09-12,ZUI01,2.25
2024-09-13,AARD01,6.16
2024-09-13,BIER01,18.25
2024-09-13,BIER02,8.0
2024-09-13,BROOD01,191.0
2024-09-13,BROOD02,15.0
2024-09-13,FRIS01,18.0
2024-09-13,FRIS02,15.0
2024-09-13,FRIS03,2.5
2024-09-13,KOF01,0.315
2024-09-13,VLEES01,15.0
2024-09-13,WIJN01,3.9
2024-09-13,WIJN02,3.6
2024-09-13,WIJN03,2.1
2024-09-13,ZUI01,4.05
2024-09-14,AARD01,14.84
2024-09-14,BIER01,39.5
2024-09-14,BIER02,31.0
2024-09-14,BROOD01,152.0
2024-09-14,BROOD02,34.0
2024-09-14,FRIS01,28.0
2024-09-14,FRIS02,44.0
2024-09-14,FRIS03,6.75
2024-09-14,KOF01,0.472
2024-09-14,VLEES01,34.0
2024-09-14,WIJN01,7.95
2024-09-14,WIJN02,4.95
2024-09-14,WIJN03,1.5
2024-09-14,ZUI01,4.8
2024-09-15,AARD01,7.56
2024-09-15,BIER01,16.75
2024-09-15,BIER02,13.0
2024-09-15,BROOD01,147.0
2024-09-15,BROOD02,26.0
2024-09-15,FRIS01,18.0
2024-09-15,FRIS02,27.0
2024-09-15,FRIS03,2.25
2024-09-15,KOF01,0.345
2024-09-15,VLEES01,26.0
2024-09-15,WIJN01,1.35
2024-09-15,WIJN02,0.9
2024-09-15,WIJN03,0.75
2024-09-15,ZUI01,2.85
2024-09-16,AARD01,4.9
2024-09-16,BIER01,8.0
2024-09-16,BIER02,10.0
2024-09-16,BROOD01,71.0
2024-09-16,BROOD02,6.0
2024-09-16,FRIS01,12.0
2024-09-16,FRIS02,10.0
2024-09-16,FRIS03,1.75
2024-09-16,KOF01,0.128
2024-09-16,VLEES01,6.0
2024-09-16,WIJN01,1.5
2024-09-16,WIJN02,1.05
2024-09-16,WIJN03,0.3
2024-09-16,ZUI01,1.2
2024-09-17,AARD01,7.7
2024-09-17,BIER01,10.25
2024-09-17,BIER02,2.0
2024-09-17,BROOD01,114.0
2024-09-17,BROOD02,15.0
2024-09-17,FRIS01,20.0
2024-09-17,FRIS02,22.0
2024-09-17,FRIS03,1.0
2024-09-17,KOF01,0.202
2024-09-17,VLEES01,15.0
2024-09-17,WIJN01,1.5
2024-09-17,WIJN02,1.65
2024-09-17,WIJN03,0.45
2024-09-17,ZUI01,1.5
2024-09-18,AARD01,7.0
2024-09-18,BIER01,12.5
2024-09-18,BIER02,7.0
2024-09-18,BROOD01,131.0
2024-09-18,BROOD02,17.0
2024-09-18,FRIS01,11.0
2024-09-18,FRIS02,9.0
2024-09-18,FRIS03,1.0
2024-09-18,KOF01,0.135
2024-09-18,VLEES01,17.0
2024-09-18,WIJN01,2.25
2024-09-18,WIJN02,3.0
2024-09-18,WIJN03,0.15
2024-09-18,ZUI01,1.2
2024-09-19,AARD01,7.84
2024-09-19,BIER01,14.5
2024-09-19,BIER02,8.0
2024-09-19,BROOD01,187.0
2024-09-19,BROOD02,28.0
2024-09-19,FRIS01,18.0
2024-09-19,FRIS02,12.0
2024-09-19,FRIS03,5.25
2024-09-19,KOF01,0.382
2024-09-19,VLEES01,28.0
2024-09-19,WIJN01,2.85
2024-09-19,WIJN02,3.45
2024-09-19,WIJN03,0.75
2024-09-19,ZUI01,3.75
2024-09-20,AARD01,11.06
2024-09-20,BIER01,23.25
2024-09-20,BIER02,31.0
2024-09-20,BROOD01,184.0
2024-09-20,BROOD02,23.0
2024-09-20,FRIS01,25.0
2024-09-20,FRIS02,27.0
2024-09-20,FRIS03,4.5
2024-09-20,KOF01,0.405
2024-09-20,VLEES01,23.0
2024-09-20,WIJN01,4.05
2024-09-20,WIJN02,3.75
2024-09-20,WIJN03,0.75
2024-09-20,ZUI01,3.45
2024-09-21,AARD01,8.96
2024-09-21,BIER01,30.75
2024-09-21,BIER02,31.0
2024-09-21,BROOD01,151.0
2024-09-21,BROOD02,17.0
2024-09-21,FRIS01,24.0
2024-09-21,FRIS02,36.0
2024-09-21,FRIS03,6.25
2024-09-21,KOF01,0.322
2024-09-21,VLEES01,17.0
2024-09-21,WIJN01,5.55
2024-09-21,WIJN02,3.9
2024-09-21,WIJN03,1.5
2024-09-21,ZUI01,3.75
2024-09-22,AARD01,7.84
2024-09-22,BIER01,16.5
2024-09-22,BIER02,5.0
2024-09-22,BROOD01,169.0
2024-09-22,BROOD02,18.0
2024-09-22,FRIS01,25.0
2024-09-22,FRIS02,15.0
2024-09-22,FRIS03,5.5
2024-09-22,KOF01,0.352
2024-09-22,VLEES01,18.0
2024-09-22,WIJN01,1.8
2024-09-22,WIJN02,1.35
2024-09-22,WIJN03,1.8
2024-09-22,ZUI01,4.05
2024-09-23,AARD01,8.4
2024-09-23,BIER01,8.5
2024-09-23,BIER02,8.0
2024-09-23,BROOD01,97.0
2024-09-23,BROOD02,18.0
2024-09-23,FRIS01,17.0
2024-09-23,FRIS02,8.0
2024-09-23,FRIS03,2.25
2024-09-23,KOF01,0.202
2024-09-23,VLEES01,18.0
2024-09-23,WIJN01,1.2
2024-09-23,WIJN02,1.35
2024-09-23,WIJN03,0.75
2024-09-23,ZUI01,1.8
2024-09-24,AARD01,5.04
2024-09-24,BIER01,10.75
2024-09-24,BIER02,13.0
2024-09-24,BROOD01,142.0
2024-09-24,BROOD02,16.0
2024-09-24,FRIS01,17.0
2024-09-24,FRIS02,8.0
2024-09-24,FRIS03,5.0
2024-09-24,KOF01,0.262
2024-09-24,VLEES01,16.0
2024-09-24,WIJN01,1.5
2024-09-24,WIJN02,0.9
2024-09-24,WIJN03,0.6
2024-09-24,ZUI01,1.65
2024-09-25,AARD01,6.58
2024-09-25,BIER01,10.75
2024-09-25,BIER02,8.0
2024-09-25,BROOD01,97.0
2024-09-25,BROOD02,14.0
2024-09-25,FRIS01,10.0
2024-09-25,FRIS02,17.0
2024-09-25,FRIS03,3.0
2024-09-25,KOF01,0.135
2024-09-25,VLEES01,14.0
2024-09-25,WIJN01,1.8
2024-09-25,WIJN02,2.7
2024-09-25,WIJN03,0.15
2024-09-25,ZUI01,1.65
2024-09-26,AARD01,8.54
2024-09-26,BIER01,15.0
2024-09-26,BIER02,12.0
2024-09-26,BROOD01,188.0
2024-09-26,BROOD02,20.0
2024-09-26,FRIS01,9.0
2024-09-26,FRIS02,23.0
2024-09-26,FRIS03,6.25
2024-09-26,KOF01,0.622
2024-09-26,VLEES01,20.0
2024-09-26,WIJN01,3.3
2024-09-26,WIJN02,2.85
2024-09-26,WIJN03,1.05
2024-09-26,ZUI01,6.0
2024-09-27,AARD01,8.96
2024-09-27,BIER01,28.5
2024-09-27,BIER02,20.0
2024-09-27,BROOD01,238.0
2024-09-27,BROOD02,20.0
2024-09-27,FRIS01,24.0
2024-09-27,FRIS02,30.0
2024-09-27,FRIS03,4.75
2024-09-27,KOF01,0.412
2024-09-27,VLEES01,20.0
2024-09-27,WIJN01,3.45
2024-09-27,WIJN02,4.2
2024-09-27,WIJN03,2.1
2024-09-27,ZUI01,5.4
2024-09-28,AARD01,6.72
2024-09-28,BIER01,21.75
2024-09-28,BIER02,23.0
2024-09-28,BROOD01,109.0
2024-09-28,BROOD02,21.0
2024-09-28,FRIS01,24.0
2024-09-28,FRIS02,20.0
2024-09-28,FRIS03,2.0
2024-09-28,KOF01,0.248
2024-09-28,VLEES01,21.0
2024-09-28,WIJN01,2.4
2024-09-28,WIJN02,3.15
2024-09-28,WIJN03,1.2
2024-09-28,ZUI01,3.6
2024-09-29,AARD01,4.48
2024-09-29,BIER01,10.25
2024-09-29,BIER02,12.0
2024-09-29,BROOD01,162.0
2024-09-29,BROOD02,12.0
2024-09-29,FRIS01,34.0
2024-09-29,FRIS02,21.0
2024-09-29,FRIS03,4.5
2024-09-29,KOF01,0.42
2024-09-29,VLEES01,12.0
2024-09-29,WIJN01,1.5
2024-09-29,WIJN02,3.45
2024-09-29,WIJN03,1.2
2024-09-29,ZUI01,4.35
2024-09-30,AARD01,4.2
2024-09-30,BIER01,5.0
2024-09-30,BIER02,7.0
2024-09-30,BROOD01,71.0
2024-09-30,BROOD02,14.0
2024-09-30,FRIS01,8.0
2024-09-30,FRIS02,8.0
2024-09-30,FRIS03,3.0
2024-09-30,KOF01,0.172
2024-09-30,VLEES01,14.0
2024-09-30,WIJN01,0.6
2024-09-30,WIJN02,1.05
2024-09-30,WIJN03,0.15
2024-09-30,ZUI01,1.8
2024-10-01,AARD01,5.32
2024-10-01,BIER01,8.5
2024-10-01,BIER02,8.0
2024-10-01,BROOD01,125.0
2024-10-01,BROOD02,16.0
2024-10-01,FRIS01,23.0
2024-10-01,FRIS02,12.0
2024-10-01,FRIS03,3.5
2024-10-01,KOF01,0.248
2024-10-01,VLEES01,16.0
2024-10-01,WIJN01,1.8
2024-10-01,WIJN02,2.55
2024-10-01,WIJN03,0.75
2024-10-01,ZUI01,1.65
2024-10-02,AARD01,8.68
2024-10-02,BIER01,11.25
2024-10-02,BIER02,10.0
2024-10-02,BROOD01,156.0
2024-10-02,BROOD02,21.0
2024-10-02,FRIS01,13.0
2024-10-02,FRIS02,11.0
2024-10-02,FRIS03,3.25
2024-10-02,KOF01,0.202
2024-10-02,VLEES01,21.0
2024-10-02,WIJN01,3.0
2024-10-02,WIJN02,2.55
2024-10-02,WIJN03,1.35
2024-10-02,ZUI01,2.7
2024-10-03,AARD01,6.02
2024-10-03,BIER01,13.0
2024-10-03,BIER02,9.0
2024-10-03,BROOD01,121.0
2024-10-03,BROOD02,13.0
2024-10-03,FRIS01,18.0
2024-10-03,FRIS02,16.0
2024-10-03,FRIS03,6.0
2024-10-03,KOF01,0.308
2024-10-03,VLEES01,13.0
2024-10-03,WIJN01,2.7
2024-10-03,WIJN02,1.5
2024-10-03,WIJN03,0.75
2024-10-03,ZUI01,2.55
2024-10-04,AARD01,11.48
2024-10-04,BIER01,32.0
2024-10-04,BIER02,34.0
2024-10-04,BROOD01,188.0
2024-10-04,BROOD02,30.0
2024-10-04,FRIS01,19.0
2024-10-04,FRIS02,38.0
2024-10-04,FRIS03,5.75
2024-10-04,KOF01,0.42
2024-10-04,VLEES01,30.0
2024-10-04,WIJN01,5.1
2024-10-04,WIJN02,3.45
2024-10-04,WIJN03,1.65
2024-10-04,ZUI01,5.1
2024-10-05,AARD01,12.74
2024-10-05,BIER01,29.5
2024-10-05,BIER02,27.0
2024-10-05,BROOD01,130.0
2024-10-05,BROOD02,35.0
2024-10-05,FRIS01,22.0
2024-10-05,FRIS02,31.0
2024-10-05,FRIS03,3.0
2024-10-05,KOF01,0.322
2024-10-05,VLEES01,35.0
2024-10-05,WIJN01,5.1
2024-10-05,WIJN02,5.25
2024-10-05,WIJN03,3.15
2024-10-05,ZUI01,4.05
2024-10-06,AARD01,8.82
2024-10-06,BIER01,12.0
2024-10-06,BIER02,8.0
2024-10-06,BROOD01,195.0
2024-10-06,BROOD02,25.0
2024-10-06,FRIS01,15.0
2024-10-06,FRIS02,25.0
2024-10-06,FRIS03,4.0
2024-10-06,KOF01,0.442
2024-10-06,VLEES01,25.0
2024-10-06,WIJN01,3.45
2024-10-06,WIJN02,2.7
2024-10-06,WIJN03,0.75
2024-10-06,ZUI01,3.9
2024-10-07,AARD01,6.16
2024-10-07,BIER01,5.25
2024-10-07,BIER02,12.0
2024-10-07,BROOD01,92.0
2024-10-07,BROOD02,17.0
2024-10-07,FRIS01,3.0
2024-10-07,FRIS02,6.0
2024-10-07,FRIS03,2.0
2024-10-07,KOF01,0.09
2024-10-07,VLEES01,17.0
2024-10-07,WIJN01,1.35
2024-10-07,WIJN02,2.25
2024-10-07,WIJN03,0.3
2024-10-07,ZUI01,0.9
2024-10-08,AARD01,5.74
2024-10-08,BIER01,9.75
2024-10-08,BIER02,10.0
2024-10-08,BROOD01,76.0
2024-10-08,BROOD02,15.0
2024-10-08,FRIS01,14.0
2024-10-08,FRIS02,6.0
2024-10-08,FRIS03,3.25
2024-10-08,KOF01,0.202
2024-10-08,VLEES01,15.0
2024-10-08,WIJN01,1.05
2024-10-08,WIJN02,1.8
2024-10-08,WIJN03,0.6
2024-10-08,ZUI01,1.95
2024-10-09,AARD01,8.68
2024-10-09,BIER01,17.75
2024-10-09,BIER02,15.0
2024-10-09,BROOD01,117.0
2024-10-09,BROOD02,31.0
2024-10-09,FRIS01,11.0
2024-10-09,FRIS02,14.0
2024-10-09,FRIS03,5.25
2024-10-09,KOF01,0.352
2024-10-09,VLEES01,31.0
2024-10-09,WIJN01,3.0
2024-10-09,WIJN02,2.7
2024-10-09,WIJN03,1.05
2024-10-09,ZUI01,3.45
2024-10-10,AARD01,7.28
2024-10-10,BIER01,16.0
2024-10-10,BIER02,16.0
2024-10-10,BROOD01,75.0
2024-10-10,BROOD02,19.0
2024-10-10,FRIS01,18.0
2024-10-10,FRIS02,22.0
2024-10-10,FRIS03,4.75
2024-10-10,KOF01,0.352
2024-10-10,VLEES01,19.0
2024-10-10,WIJN01,2.4
2024-10-10,WIJN02,2.1
2024-10-10,WIJN03,0.9
2024-10-10,ZUI01,4.2
2024-10-11,AARD01,11.9
2024-10-11,BIER01,24.75
2024-10-11,BIER02,31.0
2024-10-11,BROOD01,118.0
2024-10-11,BROOD02,29.0
2024-10-11,FRIS01,27.0
2024-10-11,FRIS02,26.0
2024-10-11,FRIS03,5.0
2024-10-11,KOF01,0.345
2024-10-11,VLEES01,29.0
2024-10-11,WIJN01,5.25
2024-10-11,WIJN02,4.8
2024-10-11,WIJN03,1.65
2024-10-11,ZUI01,4.5
2024-10-12,AARD01,8.82
2024-10-12,BIER01,18.5
2024-10-12,BIER02,19.0
2024-10-12,BROOD01,92.0
2024-10-12,BROOD02,23.0
2024-10-12,FRIS01,16.0
2024-10-12,FRIS02,11.0
2024-10-12,FRIS03,2.25
2024-10-12,KOF01,0.195
2024-10-12,VLEES01,23.0
2024-10-12,WIJN01,3.6
2024-10-12,WIJN02,1.95
2024-10-12,WIJN03,0.75
2024-10-12,ZUI01,2.25
2024-10-13,AARD01,7.14
2024-10-13,BIER01,11.75
2024-10-13,BIER02,8.0
2024-10-13,BROOD01,162.0
2024-10-13,BROOD02,19.0
2024-10-13,FRIS01,18.0
2024-10-13,FRIS02,24.0
2024-10-13,FRIS03,4.0
2024-10-13,KOF01,0.337
2024-10-13,VLEES01,19.0
2024-10-13,WIJN01,3.15
2024-10-13,WIJN02,3.3
2024-10-13,WIJN03,0.3
2024-10-13,ZUI01,3.75
2024-10-14,AARD01,5.18
2024-10-14,BIER01,7.25
2024-10-14,BIER02,6.0
2024-10-14,BROOD01,100.0
2024-10-14,BROOD02,8.0
2024-10-14,FRIS01,9.0
2024-10-14,FRIS02,8.0
2024-10-14,FRIS03,4.25
2024-10-14,KOF01,0.202
2024-10-14,VLEES01,8.0
2024-10-14,WIJN01,1.8
2024-10-14,WIJN02,1.5
2024-10-14,WIJN03,0.9
2024-10-14,ZUI01,2.55
2024-10-15,AARD01,5.18
2024-10-15,BIER01,10.75
2024-10-15,BIER02,17.0
2024-10-15,BROOD01,154.0
2024-10-15,BROOD02,10.0
2024-10-15,FRIS01,14.0
2024-10-15,FRIS02,26.0
2024-10-15,FRIS03,2.25
2024-10-15,KOF01,0.352
2024-10-15,VLEES01,10.0
2024-10-15,WIJN01,1.2
2024-10-15,WIJN02,1.35
2024-10-15,WIJN03,1.35
2024-10-15,ZUI01,3.15
2024-10-16,AARD01,5.18
2024-10-16,BIER01,8.25
2024-10-16,BIER02,17.0
2024-10-16,BROOD01,159.0
2024-10-16,BROOD02,16.0
2024-10-16,FRIS01,15.0
2024-10-16,FRIS02,10.0
2024-10-16,FRIS03,4.25
2024-10-16,KOF01,0.292
2024-10-16,VLEES01,16.0
2024-10-16,WIJN01,1.65
2024-10-16,WIJN02,1.95
2024-10-16,WIJN03,0.15
2024-10-16,ZUI01,3.3
2024-10-17,AARD01,5.46
2024-10-17,BIER01,12.25
2024-10-17,BIER02,17.0
2024-10-17,BROOD01,122.0
2024-10-17,BROOD02,9.0
2024-10-17,FRIS01,10.0
2024-10-17,FRIS02,14.0
2024-10-17,FRIS03,4.75
2024-10-17,KOF01,0.33
2024-10-17,VLEES01,9.0
2024-10-17,WIJN01,1.5
2024-10-17,WIJN02,1.35
2024-10-17,WIJN03,0.6
2024-10-17,ZUI01,2.85
2024-10-18,AARD01,10.22
2024-10-18,BIER01,25.25
2024-10-18,BIER02,28.0
2024-10-18,BROOD01,158.0
2024-10-18,BROOD02,24.0
2024-10-18,FRIS01,17.0
2024-10-18,FRIS02,12.0
2024-10-18,FRIS03,4.0
2024-10-18,KOF01,0.255
2024-10-18,VLEES01,24.0
2024-10-18,WIJN01,1.95
2024-10-18,WIJN02,3.45
2024-10-18,WIJN03,1.5
2024-10-18,ZUI01,2.7
2024-10-19,AARD01,12.32
2024-10-19,BIER01,24.25
2024-10-19,BIER02,20.0
2024-10-19,BROOD01,138.0
2024-10-19,BROOD02,28.0
2024-10-19,FRIS01,18.0
2024-10-19,FRIS02,22.0
2024-10-19,FRIS03,5.25
2024-10-19,KOF01,0.337
2024-10-19,VLEES01,28.0
2024-10-19,WIJN01,5.4
2024-10-19,WIJN02,3.9
2024-10-19,WIJN03,2.55
2024-10-19,ZUI01,2.85
2024-10-20,AARD01,3.36
2024-10-20,BIER01,12.5
2024-10-20,BIER02,17.0
2024-10-20,BROOD01,87.0
2024-10-20,BROOD02,4.0
2024-10-20,FRIS01,15.0
2024-10-20,FRIS02,16.0
2024-10-20,FRIS03,3.25
2024-10-20,KOF01,0.308
2024-10-20,VLEES01,4.0
2024-10-20,WIJN01,1.8
2024-10-20,WIJN02,1.5
2024-10-20,WIJN03,1.2
2024-10-20,ZUI01,2.4
2024-10-21,AARD01,3.78
2024-10-21,BIER01,9.0
2024-10-21,BIER02,10.0
2024-10-21,BROOD01,96.0
2024-10-21,BROOD02,11.0
2024-10-21,FRIS01,8.0
2024-10-21,FRIS02,9.0
2024-10-21,FRIS03,1.75
2024-10-21,KOF01,0.135
2024-10-21,VLEES01,11.0
2024-10-21,WIJN01,1.65
2024-10-21,WIJN02,0.75
2024-10-21,WIJN03,1.5
2024-10-21,ZUI01,1.2
2024-10-22,AARD01,6.58
2024-10-22,BIER01,14.5
2024-10-22,BIER02,10.0
2024-10-22,BROOD01,127.0
2024-10-22,BROOD02,18.0
2024-10-22,FRIS01,14.0
2024-10-22,FRIS02,15.0
2024-10-22,FRIS03,1.25
2024-10-22,KOF01,0.218
2024-10-22,VLEES01,18.0
2024-10-22,WIJN01,2.85
2024-10-22,WIJN02,0.15
2024-10-22,WIJN03,0.15
2024-10-22,ZUI01,1.95
2024-10-23,AARD01,6.86
2024-10-23,BIER01,9.25
2024-10-23,BIER02,8.0
2024-10-23,BROOD01,184.0
2024-10-23,BROOD02,14.0
2024-10-23,FRIS01,19.0
2024-10-23,FRIS02,17.0
2024-10-23,FRIS03,3.75
2024-10-23,KOF01,0.465
2024-10-23,VLEES01,14.0
2024-10-23,WIJN01,1.95
2024-10-23,WIJN02,3.75
2024-10-23,WIJN03,0.75
2024-10-23,ZUI01,4.2
2024-10-24,AARD01,8.68
2024-10-24,BIER01,7.25
2024-10-24,BIER02,19.0
2024-10-24,BROOD01,141.0
2024-10-24,BROOD02,19.0
2024-10-24,FRIS01,23.0
2024-10-24,FRIS02,5.0
2024-10-24,FRIS03,2.0
2024-10-24,KOF01,0.21
2024-10-24,VLEES01,19.0
2024-10-24,WIJN01,1.8
2024-10-24,WIJN02,1.8
2024-10-24,WIJN03,0.75
2024-10-24,ZUI01,1.8
2024-10-25,AARD01,7.7
2024-10-25,BIER01,20.25
2024-10-25,BIER02,15.0
2024-10-25,BROOD01,141.0
2024-10-25,BROOD02,16.0
2024-10-25,FRIS01,29.0
2024-10-25,FRIS02,26.0
2024-10-25,FRIS03,6.0
2024-10-25,KOF01,0.292
2024-10-25,VLEES01,16.0
2024-10-25,WIJN01,4.05
2024-10-25,WIJN02,4.05
2024-10-25,WIJN03,0.9
2024-10-25,ZUI01,3.3
2024-10-26,AARD01,10.5
2024-10-26,BIER01,28.75
2024-10-26,BIER02,30.0
2024-10-26,BROOD01,223.0
2024-10-26,BROOD02,22.0
2024-10-26,FRIS01,29.0
2024-10-26,FRIS02,31.0
2024-10-26,FRIS03,6.75
2024-10-26,KOF01,0.502
2024-10-26,VLEES01,22.0
2024-10-26,WIJN01,6.3
2024-10-26,WIJN02,5.85
2024-10-26,WIJN03,2.85
2024-10-26,ZUI01,7.5
2024-10-27,AARD01,4.34
2024-10-27,BIER01,9.0
2024-10-27,BIER02,10.0
2024-10-27,BROOD01,173.0
2024-10-27,BROOD02,10.0
2024-10-27,FRIS01,15.0
2024-10-27,FRIS02,10.0
2024-10-27,FRIS03,2.75
2024-10-27,KOF01,0.262
2024-10-27,VLEES01,10.0
2024-10-27,WIJN01,0.6
2024-10-27,WIJN02,1.65
2024-10-27,WIJN03,0.6
2024-10-27,ZUI01,2.85
2024-10-28,AARD01,3.92
2024-10-28,BIER01,9.0
2024-10-28,BIER02,5.0
2024-10-28,BROOD01,124.0
2024-10-28,BROOD02,13.0
2024-10-28,FRIS01,12.0
2024-10-28,FRIS02,13.0
2024-10-28,FRIS03,1.75
2024-10-28,KOF01,0.292
2024-10-28,VLEES01,13.0
2024-10-28,WIJN01,1.5
2024-10-28,WIJN02,0.45
2024-10-28,WIJN03,1.05
2024-10-28,ZUI01,3.45
2024-10-29,AARD01,3.64
2024-10-29,BIER01,9.5
2024-10-29,BIER02,7.0
2024-10-29,BROOD01,53.0
2024-10-29,BROOD02,10.0
2024-10-29,FRIS01,18.0
2024-10-29,FRIS02,5.0
2024-10-29,FRIS03,1.75
2024-10-29,KOF01,0.15
2024-10-29,VLEES01,10.0
2024-10-29,WIJN01,2.25
2024-10-29,WIJN02,0.75
2024-10-29,WIJN03,0.15
2024-10-29,ZUI01,1.05
2024-10-30,AARD01,10.64
2024-10-30,BIER01,12.0
2024-10-30,BIER02,12.0
2024-10-30,BROOD01,219.0
2024-10-30,BROOD02,27.0
2024-10-30,FRIS01,15.0
2024-10-30,FRIS02,14.0
2024-10-30,FRIS03,6.25
2024-10-30,KOF01,0.345
2024-10-30,VLEES01,27.0
2024-10-30,WIJN01,1.5
2024-10-30,WIJN02,3.15
2024-10-30,WIJN03,1.2
2024-10-30,ZUI01,3.45
2024-10-31,AARD01,9.1
2024-10-31,BIER01,11.5
2024-10-31,BIER02,16.0
2024-10-31,BROOD01,122.0
2024-10-31,BROOD02,28.0
2024-10-31,FRIS01,20.0
2024-10-31,FRIS02,17.0
2024-10-31,FRIS03,5.75
2024-10-31,KOF01,0.33
2024-10-31,VLEES01,28.0
2024-10-31,WIJN01,1.65
2024-10-31,WIJN02,2.55
2024-10-31,WIJN03,0.6
2024-10-31,ZUI01,3.45
2024-11-01,AARD01,9.94
2024-11-01,BIER01,29.5
2024-11-01,BIER02,29.0
2024-11-01,BROOD01,143.0
2024-11-01,BROOD02,21.0
2024-11-01,FRIS01,20.0
2024-11-01,FRIS02,20.0
2024-11-01,FRIS03,5.5
2024-11-01,KOF01,0.3
2024-11-01,VLEES01,21.0
2024-11-01,WIJN01,3.6
2024-11-01,WIJN02,3.45
2024-11-01,WIJN03,1.05
2024-11-01,ZUI01,2.25
2024-11-02,AARD01,8.96
2024-11-02,BIER01,19.25
2024-11-02,BIER02,36.0
2024-11-02,BROOD01,102.0
2024-11-02,BROOD02,26.0
2024-11-02,FRIS01,24.0
2024-11-02,FRIS02,17.0
2024-11-02,FRIS03,3.0
2024-11-02,KOF01,0.368
2024-11-02,VLEES01,26.0
2024-11-02,WIJN01,4.05
2024-11-02,WIJN02,3.45
2024-11-02,WIJN03,2.1
2024-11-02,ZUI01,4.05
2024-11-03,AARD01,5.32
2024-11-03,BIER01,10.5
2024-11-03,BIER02,6.0
2024-11-03,BROOD01,179.0
2024-11-03,BROOD02,7.0
2024-11-03,FRIS01,20.0
2024-11-03,FRIS02,21.0
2024-11-03,FRIS03,3.0
2024-11-03,KOF01,0.368
2024-11-03,VLEES01,7.0
2024-11-03,WIJN01,2.7
2024-11-03,WIJN02,1.65
2024-11-03,WIJN03,0.6
2024-11-03,ZUI01,3.75
2024-11-04,AARD01,6.3
2024-11-04,BIER01,8.75
2024-11-04,BIER02,11.0
2024-11-04,BROOD01,60.0
2024-11-04,BROOD02,19.0
2024-11-04,FRIS01,10.0
2024-11-04,FRIS02,11.0
2024-11-04,FRIS03,1.25
2024-11-04,KOF01,0.135
2024-11-04,VLEES01,19.0
2024-11-04,WIJN01,1.8
2024-11-04,WIJN02,1.05
2024-11-04,WIJN03,0.15
2024-11-04,ZUI01,0.45
2024-11-05,AARD01,2.94
2024-11-05,BIER01,7.0
2024-11-05,BIER02,4.0
2024-11-05,BROOD01,88.0
2024-11-05,BROOD02,2.0
2024-11-05,FRIS01,11.0
2024-11-05,FRIS02,9.0
2024-11-05,FRIS03,2.75
2024-11-05,KOF01,0.195
2024-11-05,VLEES01,2.0
2024-11-05,WIJN01,0.75
2024-11-05,WIJN02,0.9
2024-11-05,WIJN03,0.45
2024-11-05,ZUI01,1.8
2024-11-06,AARD01,7.28
2024-11-06,BIER01,10.5
2024-11-06,BIER02,14.0
2024-11-06,BROOD01,123.0
2024-11-06,BROOD02,13.0
2024-11-06,FRIS01,5.0
2024-11-06,FRIS02,12.0
2024-11-06,FRIS03,2.75
2024-11-06,KOF01,0.248
2024-11-06,VLEES01,13.0
2024-11-06,WIJN01,2.4
2024-11-06,WIJN02,1.8
2024-11-06,WIJN03,0.75
2024-11-06,ZUI01,1.95
2024-11-07,AARD01,7.98
2024-11-07,BIER01,15.25
2024-11-07,BIER02,8.0
2024-11-07,BROOD01,154.0
2024-11-07,BROOD02,23.0
2024-11-07,FRIS01,26.0
2024-11-07,FRIS02,12.0
2024-11-07,FRIS03,3.25
2024-11-07,KOF01,0.33
2024-11-07,VLEES01,23.0
2024-11-07,WIJN01,1.5
2024-11-07,WIJN02,2.7
2024-11-07,WIJN03,1.35
2024-11-07,ZUI01,3.45
2024-11-08,AARD01,8.68
2024-11-08,BIER01,20.5
2024-11-08,BIER02,20.0
2024-11-08,BROOD01,127.0
2024-11-08,BROOD02,14.0
2024-11-08,FRIS01,22.0
2024-11-08,FRIS02,14.0
2024-11-08,FRIS03,3.25
2024-11-08,KOF01,0.202
2024-11-08,VLEES01,14.0
2024-11-08,WIJN01,3.3
2024-11-08,WIJN02,3.6
2024-11-08,WIJN03,0.75
2024-11-08,ZUI01,1.8
2024-11-09,AARD01,9.94
2024-11-09,BIER01,20.75
2024-11-09,BIER02,17.0
2024-11-09,BROOD01,207.0
2024-11-09,BROOD02,29.0
2024-11-09,FRIS01,35.0
2024-11-09,FRIS02,13.0
2024-11-09,FRIS03,4.75
2024-11-09,KOF01,0.285
2024-11-09,VLEES01,29.0
2024-11-09,WIJN01,3.9
2024-11-09,WIJN02,4.2
2024-11-09,WIJN03,1.2
2024-11-09,ZUI01,3.6
2024-11-10,AARD01,7.28
2024-11-10,BIER01,11.0
2024-11-10,BIER02,6.0
2024-11-10,BROOD01,133.0
2024-11-10,BROOD02,19.0
2024-11-10,FRIS01,16.0
2024-11-10,FRIS02,21.0
2024-11-10,FRIS03,3.75
2024-11-10,KOF01,0.308
2024-11-10,VLEES01,19.0
2024-11-10,WIJN01,2.7
2024-11-10,WIJN02,0.75
2024-11-10,WIJN03,0.9
2024-11-10,ZUI01,4.05
2024-11-11,AARD01,7.56
2024-11-11,BIER01,7.75
2024-11-11,BIER02,5.0
2024-11-11,BROOD01,94.0
2024-11-11,BROOD02,11.0
2024-11-11,FRIS01,10.0
2024-11-11,FRIS02,8.0
2024-11-11,FRIS03,1.75
2024-11-11,KOF01,0.232
2024-11-11,VLEES01,11.0
2024-11-11,WIJN01,1.65
2024-11-11,WIJN02,1.95
2024-11-11,WIJN03,0.15
2024-11-11,ZUI01,2.7
2024-11-12,AARD01,6.16
2024-11-12,BIER01,8.0
2024-11-12,BIER02,12.0
2024-11-12,BROOD01,80.0
2024-11-12,BROOD02,22.0
2024-11-12,FRIS01,6.0
2024-11-12,FRIS02,11.0
2024-11-12,FRIS03,1.75
2024-11-12,KOF01,0.3
2024-11-12,VLEES01,22.0
2024-11-12,WIJN01,1.5
2024-11-12,WIJN02,2.4
2024-11-12,WIJN03,0.45
2024-11-12,ZUI01,3.45
2024-11-13,AARD01,4.48
2024-11-13,BIER01,7.75
2024-11-13,BIER02,3.0
2024-11-13,BROOD01,97.0
2024-11-13,BROOD02,7.0
2024-11-13,FRIS01,9.0
2024-11-13,FRIS02,15.0
2024-11-13,FRIS03,1.25
2024-11-13,KOF01,0.18
2024-11-13,VLEES01,7.0
2024-11-13,WIJN01,1.35
2024-11-13,WIJN02,1.65
2024-11-13,ZUI01,1.5
2024-11-14,AARD01,6.44
2024-11-14,BIER01,8.75
2024-11-14,BIER02,4.0
2024-11-14,BROOD01,118.0
2024-11-14,BROOD02,15.0
2024-11-14,FRIS01,8.0
2024-11-14,FRIS02,17.0
2024-11-14,FRIS03,3.25
2024-11-14,KOF01,0.285
2024-11-14,VLEES01,15.0
2024-11-14,WIJN01,1.2
2024-11-14,WIJN02,1.8
2024-11-14,WIJN03,0.9
2024-11-14,ZUI01,3.3
2024-11-15,AARD01,6.02
2024-11-15,BIER01,18.0
2024-11-15,BIER02,11.0
2024-11-15,BROOD01,143.0
2024-11-15,BROOD02,13.0
2024-11-15,FRIS01,16.0
2024-11-15,FRIS02,24.0
2024-11-15,FRIS03,2.25
2024-11-15,KOF01,0.202
2024-11-15,VLEES01,13.0
2024-11-15,WIJN01,1.35
2024-11-15,WIJN02,2.55
2024-11-15,WIJN03,1.2
2024-11-15,ZUI01,2.25
2024-11-16,AARD01,6.16
2024-11-16,BIER01,19.5
2024-11-16,BIER02,18.0
2024-11-16,BROOD01,149.0
2024-11-16,BROOD02,10.0
2024-11-16,FRIS01,13.0
2024-11-16,FRIS02,11.0
2024-11-16,FRIS03,2.0
2024-11-16,KOF01,0.315
2024-11-16,VLEES01,10.0
2024-11-16,WIJN01,4.35
2024-11-16,WIJN02,3.6
2024-11-16,WIJN03,1.65
2024-11-16,ZUI01,2.1
2024-11-17,AARD01,6.16
2024-11-17,BIER01,10.0
2024-11-17,BIER02,9.0
2024-11-17,BROOD01,125.0
2024-11-17,BROOD02,15.0
2024-11-17,FRIS01,10.0
2024-11-17,FRIS02,4.0
2024-11-17,FRIS03,4.0
2024-11-17,KOF01,0.39
2024-11-17,VLEES01,15.0
2024-11-17,WIJN01,3.6
2024-11-17,WIJN02,1.35
2024-11-17,WIJN03,1.05
2024-11-17,ZUI01,3.9
2024-11-18,AARD01,5.74
2024-11-18,BIER01,8.5
2024-11-18,BIER02,1.0
2024-11-18,BROOD01,95.0
2024-11-18,BROOD02,14.0
2024-11-18,FRIS01,9.0
2024-11-18,FRIS02,8.0
2024-11-18,FRIS03,1.25
2024-11-18,KOF01,0.142
2024-11-18,VLEES01,14.0
2024-11-18,WIJN01,1.5
2024-11-18,WIJN02,1.35
2024-11-18,WIJN03,1.35
2024-11-18,ZUI01,0.75
2024-11-19,AARD01,6.72
2024-11-19,BIER01,12.5
2024-11-19,BIER02,5.0
2024-11-19,BROOD01,103.0
2024-11-19,BROOD02,15.0
2024-11-19,FRIS01,8.0
2024-11-19,FRIS02,13.0
2024-11-19,FRIS03,2.75
2024-11-19,KOF01,0.21
2024-11-19,VLEES01,15.0
2024-11-19,WIJN01,1.35
2024-11-19,WIJN02,1.95
2024-11-19,WIJN03,0.45
2024-11-19,ZUI01,1.5
2024-11-20,AARD01,7.84
2024-11-20,BIER01,6.5
2024-11-20,BIER02,11.0
2024-11-20,BROOD01,117.0
2024-11-20,BROOD02,15.0
2024-11-20,FRIS01,17.0
2024-11-20,FRIS02,15.0
2024-11-20,FRIS03,3.0
2024-11-20,KOF01,0.248
2024-11-20,VLEES01,15.0
2024-11-20,WIJN01,2.4
2024-11-20,WIJN02,1.05
2024-11-20,WIJN03,0.75
2024-11-20,ZUI01,3.0
2024-11-21,AARD01,4.48
2024-11-21,BIER01,9.25
2024-11-21,BIER02,6.0
2024-11-21,BROOD01,160.0
2024-11-21,BROOD02,9.0
2024-11-21,FRIS01,11.0
2024-11-21,FRIS02,6.0
2024-11-21,FRIS03,3.5
2024-11-21,KOF01,0.248
2024-11-21,VLEES01,9.0
2024-11-21,WIJN01,2.1
2024-11-21,WIJN02,1.95
2024-11-21,WIJN03,0.15
2024-11-21,ZUI01,1.8
2024-11-22,AARD01,8.12
2024-11-22,BIER01,15.0
2024-11-22,BIER02,15.0
2024-11-22,BROOD01,114.0
2024-11-22,BROOD02,23.0
2024-11-22,FRIS01,24.0
2024-11-22,FRIS02,25.0
2024-11-22,FRIS03,5.75
2024-11-22,KOF01,0.315
2024-11-22,VLEES01,23.0
2024-11-22,WIJN01,2.25
2024-11-22,WIJN02,3.75
2024-11-22,WIJN03,2.55
2024-11-22,ZUI01,3.0
2024-11-23,AARD01,10.22
2024-11-23,BIER01,27.75
2024-11-23,BIER02,11.0
2024-11-23,BROOD01,165.0
2024-11-23,BROOD02,30.0
2024-11-23,FRIS01,13.0
2024-11-23,FRIS02,17.0
2024-11-23,FRIS03,4.5
2024-11-23,KOF01,0.27
2024-11-23,VLEES01,30.0
2024-11-23,WIJN01,5.25
2024-11-23,WIJN02,2.85
2024-11-23,WIJN03,2.55
2024-11-23,ZUI01,2.55
2024-11-24,AARD01,7.28
2024-11-24,BIER01,12.5
2024-11-24,BIER02,7.0
2024-11-24,BROOD01,114.0
2024-11-24,BROOD02,16.0
2024-11-24,FRIS01,9.0
2024-11-24,FRIS02,21.0
2024-11-24,FRIS03,4.0
2024-11-24,KOF01,0.352
2024-11-24,VLEES01,16.0
2024-11-24,WIJN01,3.75
2024-11-24,WIJN02,2.1
2024-11-24,WIJN03,0.9
2024-11-24,ZUI01,3.45
2024-11-25,AARD01,3.36
2024-11-25,BIER01,4.5
2024-11-25,BIER02,8.0
2024-11-25,BROOD01,72.0
2024-11-25,BROOD02,13.0
2024-11-25,FRIS01,8.0
2024-11-25,FRIS02,11.0
2024-11-25,FRIS03,3.75
2024-11-25,KOF01,0.218
2024-11-25,VLEES01,13.0
2024-11-25,WIJN01,1.95
2024-11-25,WIJN02,0.6
2024-11-25,WIJN03,0.45
2024-11-25,ZUI01,1.5
2024-11-26,AARD01,4.76
2024-11-26,BIER01,11.0
2024-11-26,BIER02,5.0
2024-11-26,BROOD01,87.0
2024-11-26,BROOD02,8.0
2024-11-26,FRIS01,12.0
2024-11-26,FRIS02,18.0
2024-11-26,FRIS03,2.25
2024-11-26,KOF01,0.195
2024-11-26,VLEES01,8.0
2024-11-26,WIJN01,1.95
2024-11-26,WIJN02,2.7
2024-11-26,WIJN03,0.75
2024-11-26,ZUI01,1.8
2024-11-27,AARD01,5.18
2024-11-27,BIER01,7.75
2024-11-27,BIER02,5.0
2024-11-27,BROOD01,76.0
2024-11-27,BROOD02,14.0
2024-11-27,FRIS01,9.0
2024-11-27,FRIS02,5.0
2024-11-27,FRIS03,3.25
2024-11-27,KOF01,0.142
2024-11-27,VLEES01,14.0
2024-11-27,WIJN01,0.3
2024-11-27,WIJN02,1.35
2024-11-27,WIJN03,0.9
2024-11-27,ZUI01,1.05
2024-11-28,AARD01,6.86
2024-11-28,BIER01,8.75
2024-11-28,BIER02,8.0
2024-11-28,BROOD01,135.0
2024-11-28,BROOD02,20.0
2024-11-28,FRIS01,14.0
2024-11-28,FRIS02,10.0
2024-11-28,FRIS03,4.0
2024-11-28,KOF01,0.225
2024-11-28,VLEES01,20.0
2024-11-28,WIJN01,1.65
2024-11-28,WIJN02,2.7
2024-11-28,WIJN03,0.75
2024-11-28,ZUI01,2.4
2024-11-29,AARD01,4.2
2024-11-29,BIER01,20.5
2024-11-29,BIER02,10.0
2024-11-29,BROOD01,129.0
2024-11-29,BROOD02,11.0
2024-11-29,FRIS01,16.0
2024-11-29,FRIS02,19.0
2024-11-29,FRIS03,2.5
2024-11-29,KOF01,0.135
2024-11-29,VLEES01,11.0
2024-11-29,WIJN01,1.65
2024-11-29,WIJN02,3.0
2024-11-29,WIJN03,1.5
2024-11-29,ZUI01,1.2
2024-11-30,AARD01,9.38
2024-11-30,BIER01,24.5
2024-11-30,BIER02,28.0
2024-11-30,BROOD01,128.0
2024-11-30,BROOD02,23.0
2024-11-30,FRIS01,21.0
2024-11-30,FRIS02,39.0
2024-11-30,FRIS03,7.0
2024-11-30,KOF01,0.322
2024-11-30,VLEES01,23.0
2024-11-30,WIJN01,3.9
2024-11-30,WIJN02,3.6
2024-11-30,WIJN03,1.65
2024-11-30,ZUI01,3.45
2024-12-01,AARD01,2.66
2024-12-01,BIER01,7.25
2024-12-01,BIER02,4.0
2024-12-01,BROOD01,137.0
2024-12-01,BROOD02,5.0
2024-12-01,FRIS01,12.0
2024-12-01,FRIS02,16.0
2024-12-01,FRIS03,4.25
2024-12-01,KOF01,0.3
2024-12-01,VLEES01,5.0
2024-12-01,WIJN01,2.25
2024-12-01,WIJN02,0.75
2024-12-01,WIJN03,1.05
2024-12-01,ZUI01,3.9
2024-12-02,AARD01,4.62
2024-12-02,BIER01,5.25
2024-12-02,BIER02,4.0
2024-12-02,BROOD01,56.0
2024-12-02,BROOD02,10.0
2024-12-02,FRIS01,11.0
2024-12-02,FRIS02,20.0
2024-12-02,FRIS03,1.0
2024-12-02,KOF01,0.232
2024-12-02,VLEES01,10.0
2024-12-02,WIJN01,1.8
2024-12-02,WIJN02,2.25
2024-12-02,WIJN03,0.75
2024-12-02,ZUI01,2.1
2024-12-03,AARD01,3.78
2024-12-03,BIER01,5.5
2024-12-03,BIER02,4.0
2024-12-03,BROOD01,66.0
2024-12-03,BROOD02,7.0
2024-12-03,FRIS01,17.0
2024-12-03,FRIS02,11.0
2024-12-03,FRIS03,2.5
2024-12-03,KOF01,0.128
2024-12-03,VLEES01,7.0
2024-12-03,WIJN01,1.95
2024-12-03,WIJN02,0.9
2024-12-03,WIJN03,0.15
2024-12-03,ZUI01,1.2
2024-12-04,AARD01,5.32
2024-12-04,BIER01,8.5
2024-12-04,BIER02,5.0
2024-12-04,BROOD01,110.0
2024-12-04,BROOD02,17.0
2024-12-04,FRIS01,8.0
2024-12-04,FRIS02,9.0
2024-12-04,FRIS03,2.5
2024-12-04,KOF01,0.142
2024-12-04,VLEES01,17.0
2024-12-04,WIJN01,1.95
2024-12-04,WIJN02,0.3
2024-12-04,WIJN03,0.3
2024-12-04,ZUI01,1.8
2024-12-05,AARD01,8.82
2024-12-05,BIER01,13.75
2024-12-05,BIER02,15.0
2024-12-05,BROOD01,195.0
2024-12-05,BROOD02,11.0
2024-12-05,FRIS01,14.0
2024-12-05,FRIS02,36.0
2024-12-05,FRIS03,5.5
2024-12-05,KOF01,0.435
2024-12-05,VLEES01,11.0
2024-12-05,WIJN01,3.9
2024-12-05,WIJN02,2.25
2024-12-05,WIJN03,0.75
2024-12-05,ZUI01,4.95
2024-12-06,AARD01,6.58
2024-12-06,BIER01,16.5
2024-12-06,BIER02,16.0
2024-12-06,BROOD01,134.0
2024-12-06,BROOD02,20.0
2024-12-06,FRIS01,24.0
2024-12-06,FRIS02,15.0
2024-12-06,FRIS03,4.25
2024-12-06,KOF01,0.412
2024-12-06,VLEES01,20.0
2024-12-06,WIJN01,3.0
2024-12-06,WIJN02,3.6
2024-12-06,WIJN03,2.1
2024-12-06,ZUI01,4.5
2024-12-07,AARD01,9.8
2024-12-07,BIER01,25.25
2024-12-07,BIER02,15.0
2024-12-07,BROOD01,223.0
2024-12-07,BROOD02,26.0
2024-12-07,FRIS01,30.0
2024-12-07,FRIS02,31.0
2024-12-07,FRIS03,4.75
2024-12-07,KOF01,0.42
2024-12-07,VLEES01,26.0
2024-12-07,WIJN01,5.25
2024-12-07,WIJN02,3.75
2024-12-07,WIJN03,1.95
2024-12-07,ZUI01,3.9
2024-12-08,AARD01,7.0
2024-12-08,BIER01,13.5
2024-12-08,BIER02,12.0
2024-12-08,BROOD01,208.0
2024-12-08,BROOD02,21.0
2024-12-08,FRIS01,15.0
2024-12-08,FRIS02,20.0
2024-12-08,FRIS03,4.75
2024-12-08,KOF01,0.36
2024-12-08,VLEES01,21.0
2024-12-08,WIJN01,2.25
2024-12-08,WIJN02,3.0
2024-12-08,WIJN03,0.15
2024-12-08,ZUI01,2.1
2024-12-09,AARD01,4.34
2024-12-09,BIER01,7.25
2024-12-09,BIER02,5.0
2024-12-09,BROOD01,95.0
2024-12-09,BROOD02,11.0
2024-12-09,FRIS01,5.0
2024-12-09,FRIS02,11.0
2024-12-09,FRIS03,2.25
2024-12-09,KOF01,0.24
2024-12-09,VLEES01,11.0
2024-12-09,WIJN01,1.65
2024-12-09,WIJN02,0.3
2024-12-09,WIJN03,0.45
2024-12-09,ZUI01,2.4
2024-12-10,AARD01,4.48
2024-12-10,BIER01,12.75
2024-12-10,BIER02,9.0
2024-12-10,BROOD01,103.0
2024-12-10,BROOD02,12.0
2024-12-10,FRIS01,7.0
2024-12-10,FRIS02,13.0
2024-12-10,FRIS03,1.5
2024-12-10,KOF01,0.277
2024-12-10,VLEES01,12.0
2024-12-10,WIJN01,1.65
2024-12-10,WIJN02,1.35
2024-12-10,WIJN03,0.75
2024-12-10,ZUI01,2.55
2024-12-11,AARD01,6.72
2024-12-11,BIER01,9.5
2024-12-11,BIER02,13.0
2024-12-11,BROOD01,123.0
2024-12-11,BROOD02,12.0
2024-12-11,FRIS01,15.0
2024-12-11,FRIS02,12.0
2024-12-11,FRIS03,2.5
2024-12-11,KOF01,0.188
2024-12-11,VLEES01,12.0
2024-12-11,WIJN01,2.55
2024-12-11,WIJN02,1.8
2024-12-11,WIJN03,0.6
2024-12-11,ZUI01,2.55
2024-12-12,AARD01,5.32
2024-12-12,BIER01,7.75
2024-12-12,BIER02,8.0
2024-12-12,BROOD01,111.0
2024-12-12,BROOD02,13.0
2024-12-12,FRIS01,24.0
2024-12-12,FRIS02,13.0
2024-12-12,FRIS03,2.75
2024-12-12,KOF01,0.142
2024-12-12,VLEES01,13.0
2024-12-12,WIJN01,1.5
2024-12-12,WIJN02,2.4
2024-12-12,WIJN03,0.6
2024-12-12,ZUI01,1.35
2024-12-13,AARD01,8.82
2024-12-13,BIER01,29.0
2024-12-13,BIER02,23.0
2024-12-13,BROOD01,129.0
2024-12-13,BROOD02,25.0
2024-12-13,FRIS01,23.0
2024-12-13,FRIS02,17.0
2024-12-13,FRIS03,2.5
2024-12-13,KOF01,0.27
2024-12-13,VLEES01,25.0
2024-12-13,WIJN01,2.55
2024-12-13,WIJN02,3.45
2024-12-13,WIJN03,2.25
2024-12-13,ZUI01,1.95
2024-12-14,AARD01,8.4
2024-12-14,BIER01,20.75
2024-12-14,BIER02,30.0
2024-12-14,BROOD01,130.0
2024-12-14,BROOD02,13.0
2024-12-14,FRIS01,28.0
2024-12-14,FRIS02,15.0
2024-12-14,FRIS03,5.25
2024-12-14,KOF01,0.322
2024-12-14,VLEES01,13.0
2024-12-14,WIJN01,4.65
2024-12-14,WIJN02,4.05
2024-12-14,WIJN03,3.75
2024-12-14,ZUI01,2.85
2024-12-15,AARD01,9.38
2024-12-15,BIER01,13.25
2024-12-15,BIER02,11.0
2024-12-15,BROOD01,198.0
2024-12-15,BROOD02,33.0
2024-12-15,FRIS01,18.0
2024-12-15,FRIS02,17.0
2024-12-15,FRIS03,6.75
2024-12-15,KOF01,0.308
2024-12-15,VLEES01,33.0
2024-12-15,WIJN01,1.5
2024-12-15,WIJN02,2.55
2024-12-15,WIJN03,1.05
2024-12-15,ZUI01,2.7
2024-12-16,AARD01,4.06
2024-12-16,BIER01,11.75
2024-12-16,BIER02,18.0
2024-12-16,BROOD01,97.0
2024-12-16,BROOD02,14.0
2024-12-16,FRIS01,4.0
2024-12-16,FRIS02,10.0
2024-12-16,FRIS03,2.5
2024-12-16,KOF01,0.21
2024-12-16,VLEES01,14.0
2024-12-16,WIJN01,1.2
2024-12-16,WIJN02,1.65
2024-12-16,WIJN03,0.45
2024-12-16,ZUI01,2.7
2024-12-17,AARD01,5.04
2024-12-17,BIER01,11.5
2024-12-17,BIER02,6.0
2024-12-17,BROOD01,101.0
2024-12-17,BROOD02,13.0
2024-12-17,FRIS01,8.0
2024-12-17,FRIS02,13.0
2024-12-17,FRIS03,1.75
2024-12-17,KOF01,0.195
2024-12-17,VLEES01,13.0
2024-12-17,WIJN01,1.35
2024-12-17,WIJN02,1.05
2024-12-17,WIJN03,0.15
2024-12-17,ZUI01,1.2
2024-12-18,AARD01,7.14
2024-12-18,BIER01,11.75
2024-12-18,BIER02,12.0
2024-12-18,BROOD01,146.0
2024-12-18,BROOD02,26.0
2024-12-18,FRIS01,12.0
2024-12-18,FRIS02,23.0
2024-12-18,FRIS03,3.0
2024-12-18,KOF01,0.368
2024-12-18,VLEES01,26.0
2024-12-18,WIJN01,1.95
2024-12-18,WIJN02,1.5
2024-12-18,WIJN03,0.6
2024-12-18,ZUI01,5.4
2024-12-19,AARD01,6.44
2024-12-19,BIER01,9.5
2024-12-19,BIER02,13.0
2024-12-19,BROOD01,109.0
2024-12-19,BROOD02,19.0
2024-12-19,FRIS01,24.0
2024-12-19,FRIS02,13.0
2024-12-19,FRIS03,5.0
2024-12-19,KOF01,0.21
2024-12-19,VLEES01,19.0
2024-12-19,WIJN01,1.35
2024-12-19,WIJN02,1.65
2024-12-19,WIJN03,0.75
2024-12-19,ZUI01,1.8
2024-12-20,AARD01,7.28
2024-12-20,BIER01,17.5
2024-12-20,BIER02,14.0
2024-12-20,BROOD01,108.0
2024-12-20,BROOD02,22.0
2024-12-20,FRIS01,23.0
2024-12-20,FRIS02,17.0
2024-12-20,FRIS03,5.25
2024-12-20,KOF01,0.15
2024-12-20,VLEES01,22.0
2024-12-20,WIJN01,2.7
2024-12-20,WIJN02,5.55
2024-12-20,WIJN03,1.5
2024-12-20,ZUI01,1.8
2024-12-21,AARD01,11.34
2024-12-21,BIER01,25.5
2024-12-21,BIER02,17.0
2024-12-21,BROOD01,123.0
2024-12-21,BROOD02,15.0
2024-12-21,FRIS01,24.0
2024-12-21,FRIS02,14.0
2024-12-21,FRIS03,3.0
2024-12-21,KOF01,0.315
2024-12-21,VLEES01,15.0
2024-12-21,WIJN01,4.65
2024-12-21,WIJN02,4.8
2024-12-21,WIJN03,1.65
2024-12-21,ZUI01,1.5
2024-12-22,AARD01,6.3
2024-12-22,BIER01,10.25
2024-12-22,BIER02,15.0
2024-12-22,BROOD01,162.0
2024-12-22,BROOD02,16.0
2024-12-22,FRIS01,14.0
2024-12-22,FRIS02,13.0
2024-12-22,FRIS03,3.25
2024-12-22,KOF01,0.225
2024-12-22,VLEES01,16.0
2024-12-22,WIJN01,2.55
2024-12-22,WIJN02,2.85
2024-12-22,WIJN03,1.5
2024-12-22,ZUI01,2.1
2024-12-23,AARD01,4.48
2024-12-23,BIER01,7.5
2024-12-23,BIER02,6.0
2024-12-23,BROOD01,80.0
2024-12-23,BROOD02,9.0
2024-12-23,FRIS01,10.0
2024-12-23,FRIS02,6.0
2024-12-23,FRIS03,5.25
2024-12-23,KOF01,0.15
2024-12-23,VLEES01,9.0
2024-12-23,WIJN01,0.9
2024-12-23,WIJN02,0.75
2024-12-23,WIJN03,0.15
2024-12-23,ZUI01,1.05
2024-12-25,AARD01,7.28
2024-12-25,BIER01,14.5
2024-12-25,BIER02,9.0
2024-12-25,BROOD01,124.0
2024-12-25,BROOD02,19.0
2024-12-25,FRIS01,25.0
2024-12-25,FRIS02,13.0
2024-12-25,FRIS03,4.0
2024-12-25,KOF01,0.315
2024-12-25,VLEES01,19.0
2024-12-25,WIJN01,2.55
2024-12-25,WIJN02,2.1
2024-12-25,WIJN03,0.6
2024-12-25,ZUI01,3.15
2024-12-26,AARD01,8.12
2024-12-26,BIER01,9.75
2024-12-26,BIER02,12.0
2024-12-26,BROOD01,114.0
2024-12-26,BROOD02,22.0
2024-12-26,FRIS01,12.0
2024-12-26,FRIS02,17.0
2024-12-26,FRIS03,4.5
2024-12-26,KOF01,0.345
2024-12-26,VLEES01,22.0
2024-12-26,WIJN01,3.15
2024-12-26,WIJN02,2.25
2024-12-26,WIJN03,0.6
2024-12-26,ZUI01,3.75
2024-12-27,AARD01,8.12
2024-12-27,BIER01,11.75
2024-12-27,BIER02,19.0
2024-12-27,BROOD01,88.0
2024-12-27,BROOD02,16.0
2024-12-27,FRIS01,13.0
2024-12-27,FRIS02,12.0
2024-12-27,FRIS03,6.75
2024-12-27,KOF01,0.142
2024-12-27,VLEES01,16.0
2024-12-27,WIJN01,3.45
2024-12-27,WIJN02,2.4
2024-12-27,WIJN03,0.45
2024-12-27,ZUI01,1.65
2024-12-28,AARD01,7.7
2024-12-28,BIER01,18.75
2024-12-28,BIER02,19.0
2024-12-28,BROOD01,117.0
2024-12-28,BROOD02,20.0
2024-12-28,FRIS01,15.0
2024-12-28,FRIS02,23.0
2024-12-28,FRIS03,5.25
2024-12-28,KOF01,0.255
2024-12-28,VLEES01,20.0
2024-12-28,WIJN01,3.15
2024-12-28,WIJN02,3.0
2024-12-28,WIJN03,2.1
2024-12-28,ZUI01,2.7
2024-12-29,AARD01,4.9
2024-12-29,BIER01,12.0
2024-12-29,BIER02,9.0
2024-12-29,BROOD01,89.0
2024-12-29,BROOD02,16.0
2024-12-29,FRIS01,24.0
2024-12-29,FRIS02,12.0
2024-12-29,FRIS03,4.25
2024-12-29,KOF01,0.308
2024-12-29,VLEES01,16.0
2024-12-29,WIJN01,3.0
2024-12-29,WIJN02,1.65
2024-12-29,WIJN03,1.2
2024-12-29,ZUI01,3.3
2024-12-30,AARD01,2.66
2024-12-30,BIER01,3.75
2024-12-30,BIER02,2.0
2024-12-30,BROOD01,39.0
2024-12-30,BROOD02,6.0
2024-12-30,FRIS01,3.0
2024-12-30,FRIS02,12.0
2024-12-30,FRIS03,1.25
2024-12-30,KOF01,0.172
2024-12-30,VLEES01,6.0
2024-12-30,WIJN01,0.6
2024-12-30,WIJN02,0.9
2024-12-30,WIJN03,0.9
2024-12-30,ZUI01,1.2
2024-12-31,AARD01,2.24
2024-12-31,BIER01,4.25
2024-12-31,BIER02,4.0
2024-12-31,BROOD01,17.0
2024-12-31,BROOD02,6.0
2024-12-31,FRIS01,7.0
2024-12-31,FRIS02,7.0
2024-12-31,FRIS03,0.75
2024-12-31,KOF01,0.09
2024-12-31,VLEES01,6.0
2024-12-31,WIJN01,1.5
2024-12-31,WIJN02,1.65
2024-12-31,WIJN03,1.35
2024-12-31,ZUI01,0.9
2025-01-02,AARD01,3.5
2025-01-02,BIER01,10.5
2025-01-02,BIER02,5.0
2025-01-02,BROOD01,97.0
2025-01-02,BROOD02,7.0
2025-01-02,FRIS01,19.0
2025-01-02,FRIS02,8.0
2025-01-02,FRIS03,2.25
2025-01-02,KOF01,0.188
2025-01-02,VLEES01,7.0
2025-01-02,WIJN01,1.5
2025-01-02,WIJN02,0.9
2025-01-02,WIJN03,0.3
2025-01-02,ZUI01,1.5
2025-01-03,AARD01,5.46
2025-01-03,BIER01,15.0
2025-01-03,BIER02,8.0
2025-01-03,BROOD01,56.0
2025-01-03,BROOD02,10.0
2025-01-03,FRIS01,9.0
2025-01-03,FRIS02,11.0
2025-01-03,FRIS03,2.75
2025-01-03,KOF01,0.195
2025-01-03,VLEES01,10.0
2025-01-03,WIJN01,1.35
2025-01-03,WIJN02,1.05
2025-01-03,WIJN03,1.95
2025-01-03,ZUI01,1.05
2025-01-04,AARD01,5.74
2025-01-04,BIER01,13.5
2025-01-04,BIER02,6.0
2025-01-04,BROOD01,77.0
2025-01-04,BROOD02,11.0
2025-01-04,FRIS01,14.0
2025-01-04,FRIS02,9.0
2025-01-04,FRIS03,1.0
2025-01-04,KOF01,0.15
2025-01-04,VLEES01,11.0
2025-01-04,WIJN01,3.45
2025-01-04,WIJN02,1.5
2025-01-04,WIJN03,1.35
2025-01-04,ZUI01,1.8
2025-01-05,AARD01,4.06
2025-01-05,BIER01,8.25
2025-01-05,BIER02,13.0
2025-01-05,BROOD01,93.0
2025-01-05,BROOD02,6.0
2025-01-05,FRIS01,14.0
2025-01-05,FRIS02,8.0
2025-01-05,FRIS03,2.25
2025-01-05,KOF01,0.225
2025-01-05,VLEES01,6.0
2025-01-05,WIJN01,0.9
2025-01-05,WIJN02,1.05
2025-01-05,WIJN03,2.7
2025-01-05,ZUI01,1.8
2025-01-06,AARD01,1.96
2025-01-06,BIER01,2.5
2025-01-06,BROOD01,52.0
2025-01-06,BROOD02,6.0
2025-01-06,FRIS01,7.0
2025-01-06,FRIS02,3.0
2025-01-06,FRIS03,1.75
2025-01-06,KOF01,0.112
2025-01-06,VLEES01,6.0
2025-01-06,WIJN01,0.6
2025-01-06,WIJN02,0.75
2025-01-06,WIJN03,0.9
2025-01-06,ZUI01,0.75
2025-01-07,AARD01,4.76
2025-01-07,BIER01,2.5
2025-01-07,BIER02,6.0
2025-01-07,BROOD01,87.0
2025-01-07,BROOD02,14.0
2025-01-07,FRIS01,11.0
2025-01-07,FRIS02,8.0
2025-01-07,FRIS03,1.25
2025-01-07,KOF01,0.128
2025-01-07,VLEES01,14.0
2025-01-07,WIJN01,0.75
2025-01-07,WIJN02,0.6
2025-01-07,WIJN03,0.75
2025-01-07,ZUI01,1.2
2025-01-08,AARD01,2.1
2025-01-08,BIER01,11.0
2025-01-08,BIER02,8.0
2025-01-08,BROOD01,90.0
2025-01-08,BROOD02,4.0
2025-01-08,FRIS01,6.0
2025-01-08,FRIS02,9.0
2025-01-08,FRIS03,2.5
2025-01-08,KOF01,0.218
2025-01-08,VLEES01,4.0
2025-01-08,WIJN01,2.4
2025-01-08,WIJN02,1.65
2025-01-08,WIJN03,0.15
2025-01-08,ZUI01,2.4
2025-01-09,AARD01,5.88
2025-01-09,BIER01,4.25
2025-01-09,BIER02,7.0
2025-01-09,BROOD01,116.0
2025-01-09,BROOD02,16.0
2025-01-09,FRIS01,15.0
2025-01-09,FRIS02,15.0
2025-01-09,FRIS03,4.0
2025-01-09,KOF01,0.09
2025-01-09,VLEES01,16.0
2025-01-09,WIJN01,1.05
2025-01-09,WIJN02,2.7
2025-01-09,WIJN03,0.45
2025-01-09,ZUI01,0.6
2025-01-10,AARD01,7.56
2025-01-10,BIER01,17.0
2025-01-10,BIER02,11.0
2025-01-10,BROOD01,77.0
2025-01-10,BROOD02,10.0
2025-01-10,FRIS01,10.0
2025-01-10,FRIS02,10.0
2025-01-10,FRIS03,2.5
2025-01-10,KOF01,0.165
2025-01-10,VLEES01,10.0
2025-01-10,WIJN01,3.75
2025-01-10,WIJN02,1.5
2025-01-10,WIJN03,1.35
2025-01-10,ZUI01,1.65
2025-01-11,AARD01,9.38
2025-01-11,BIER01,17.25
2025-01-11,BIER02,17.0
2025-01-11,BROOD01,103.0
2025-01-11,BROOD02,25.0
2025-01-11,FRIS01,14.0
2025-01-11,FRIS02,16.0
2025-01-11,FRIS03,4.0
2025-01-11,KOF01,0.232
2025-01-11,VLEES01,25.0
2025-01-11,WIJN01,2.1
2025-01-11,WIJN02,0.75
2025-01-11,WIJN03,1.65
2025-01-11,ZUI01,2.1
2025-01-12,AARD01,5.88
2025-01-12,BIER01,7.5
2025-01-12,BIER02,11.0
2025-01-12,BROOD01,86.0
2025-01-12,BROOD02,13.0
2025-01-12,FRIS01,17.0
2025-01-12,FRIS02,9.0
2025-01-12,FRIS03,2.25
2025-01-12,KOF01,0.142
2025-01-12,VLEES01,13.0
2025-01-12,WIJN01,1.65
2025-01-12,WIJN02,1.35
2025-01-12,WIJN03,0.6
2025-01-12,ZUI01,1.65
2025-01-13,AARD01,4.76
2025-01-13,BIER01,5.75
2025-01-13,BIER02,3.0
2025-01-13,BROOD01,97.0
2025-01-13,BROOD02,10.0
2025-01-13,FRIS01,14.0
2025-01-13,FRIS02,10.0
2025-01-13,FRIS03,1.0
2025-01-13,KOF01,0.098
2025-01-13,VLEES01,10.0
2025-01-13,WIJN01,0.15
2025-01-13,WIJN02,0.45
2025-01-13,WIJN03,0.15
2025-01-13,ZUI01,0.75
2025-01-14,AARD01,3.64
2025-01-14,BIER01,5.25
2025-01-14,BIER02,9.0
2025-01-14,BROOD01,51.0
2025-01-14,BROOD02,12.0
2025-01-14,FRIS01,13.0
2025-01-14,FRIS02,10.0
2025-01-14,FRIS03,2.0
2025-01-14,KOF01,0.112
2025-01-14,VLEES01,12.0
2025-01-14,WIJN01,0.75
2025-01-14,WIJN02,0.75
2025-01-14,WIJN03,0.15
2025-01-14,ZUI01,0.9
2025-01-15,AARD01,6.58
2025-01-15,BIER01,4.75
2025-01-15,BIER02,3.0
2025-01-15,BROOD01,98.0
2025-01-15,BROOD02,11.0
2025-01-15,FRIS01,11.0
2025-01-15,FRIS02,11.0
2025-01-15,FRIS03,2.75
2025-01-15,KOF01,0.218
2025-01-15,VLEES01,11.0
2025-01-15,WIJN01,1.95
2025-01-15,WIJN02,0.75
2025-01-15,WIJN03,0.15
2025-01-15,ZUI01,2.1
2025-01-16,AARD01,4.62
2025-01-16,BIER01,6.0
2025-01-16,BIER02,7.0
2025-01-16,BROOD01,102.0
2025-01-16,BROOD02,13.0
2025-01-16,FRIS01,15.0
2025-01-16,FRIS02,10.0
2025-01-16,FRIS03,2.5
2025-01-16,KOF01,0.112
2025-01-16,VLEES01,13.0
2025-01-16,WIJN01,1.35
2025-01-16,WIJN02,1.65
2025-01-16,WIJN03,1.2
2025-01-16,ZUI01,1.35
2025-01-17,AARD01,4.76
2025-01-17,BIER01,6.75
2025-01-17,BIER02,11.0
2025-01-17,BROOD01,55.0
2025-01-17,BROOD02,13.0
2025-01-17,FRIS01,9.0
2025-01-17,FRIS02,14.0
2025-01-17,FRIS03,2.0
2025-01-17,KOF01,0.188
2025-01-17,VLEES01,13.0
2025-01-17,WIJN01,2.4
2025-01-17,WIJN02,1.2
2025-01-17,WIJN03,0.45
2025-01-17,ZUI01,1.95
2025-01-18,AARD01,4.9
2025-01-18,BIER01,15.75
2025-01-18,BIER02,16.0
2025-01-18,BROOD01,118.0
2025-01-18,BROOD02,6.0
2025-01-18,FRIS01,14.0
2025-01-18,FRIS02,10.0
2025-01-18,FRIS03,2.5
2025-01-18,KOF01,0.255
2025-01-18,VLEES01,6.0
2025-01-18,WIJN01,4.8
2025-01-18,WIJN02,2.1
2025-01-18,WIJN03,0.45
2025-01-18,ZUI01,4.05
2025-01-19,AARD01,3.36
2025-01-19,BIER01,5.75
2025-01-19,BIER02,5.0
2025-01-19,BROOD01,139.0
2025-01-19,BROOD02,12.0
2025-01-19,FRIS01,20.0
2025-01-19,FRIS02,21.0
2025-01-19,FRIS03,2.0
2025-01-19,KOF01,0.202
2025-01-19,VLEES01,12.0
2025-01-19,WIJN01,3.15
2025-01-19,WIJN02,0.75
2025-01-19,WIJN03,0.15
2025-01-19,ZUI01,2.1
2025-01-20,AARD01,3.22
2025-01-20,BIER01,4.0
2025-01-20,BIER02,5.0
2025-01-20,BROOD01,83.0
2025-01-20,BROOD02,5.0
2025-01-20,FRIS01,9.0
2025-01-20,FRIS02,7.0
2025-01-20,FRIS03,0.75
2025-01-20,KOF01,0.112
2025-01-20,VLEES01,5.0
2025-01-20,WIJN01,1.35
2025-01-20,WIJN02,1.05
2025-01-20,WIJN03,0.15
2025-01-20,ZUI01,1.5
2025-01-21,AARD01,1.68
2025-01-21,BIER01,4.0
2025-01-21,BIER02,5.0
2025-01-21,BROOD01,50.0
2025-01-21,BROOD02,3.0
2025-01-21,FRIS01,5.0
2025-01-21,FRIS02,13.0
2025-01-21,FRIS03,1.5
2025-01-21,KOF01,0.112
2025-01-21,VLEES01,3.0
2025-01-21,WIJN01,0.45
2025-01-21,WIJN02,0.15
2025-01-21,WIJN03,0.75
2025-01-21,ZUI01,0.45
2025-01-22,AARD01,4.34
2025-01-22,BIER01,6.25
2025-01-22,BIER02,7.0
2025-01-22,BROOD01,72.0
2025-01-22,BROOD02,15.0
2025-01-22,FRIS01,17.0
2025-01-22,FRIS02,19.0
2025-01-22,FRIS03,1.25
2025-01-22,KOF01,0.188
2025-01-22,VLEES01,15.0
2025-01-22,WIJN01,1.35
2025-01-22,WIJN02,1.95
2025-01-22,WIJN03,0.15
2025-01-22,ZUI01,1.95
2025-01-23,AARD01,3.92
2025-01-23,BIER01,7.75
2025-01-23,BIER02,11.0
2025-01-23,BROOD01,98.0
2025-01-23,BROOD02,8.0
2025-01-23,FRIS01,13.0
2025-01-23,FRIS02,15.0
2025-01-23,FRIS03,1.75
2025-01-23,KOF01,0.18
2025-01-23,VLEES01,8.0
2025-01-23,WIJN01,1.05
2025-01-23,WIJN02,1.65
2025-01-23,WIJN03,0.6
2025-01-23,ZUI01,1.65
2025-01-24,AARD01,5.46
2025-01-24,BIER01,9.5
2025-01-24,BIER02,5.0
2025-01-24,BROOD01,129.0
2025-01-24,BROOD02,16.0
2025-01-24,FRIS01,12.0
2025-01-24,FRIS02,11.0
2025-01-24,FRIS03,2.75
2025-01-24,KOF01,0.262
2025-01-24,VLEES01,16.0
2025-01-24,WIJN01,2.55
2025-01-24,WIJN02,1.2
2025-01-24,WIJN03,0.6
2025-01-24,ZUI01,1.05
2025-01-25,AARD01,4.9
2025-01-25,BIER01,18.0
2025-01-25,BIER02,17.0
2025-01-25,BROOD01,119.0
2025-01-25,BROOD02,9.0
2025-01-25,FRIS01,19.0
2025-01-25,FRIS02,19.0
2025-01-25,FRIS03,2.75
2025-01-25,KOF01,0.262
2025-01-25,VLEES01,9.0
2025-01-25,WIJN01,3.3
2025-01-25,WIJN02,2.25
2025-01-25,WIJN03,1.95
2025-01-25,ZUI01,2.1
2025-01-26,AARD01,2.8
2025-01-26,BIER01,8.75
2025-01-26,BIER02,8.0
2025-01-26,BROOD01,91.0
2025-01-26,BROOD02,8.0
2025-01-26,FRIS01,10.0
2025-01-26,FRIS02,12.0
2025-01-26,FRIS03,2.0
2025-01-26,KOF01,0.21
2025-01-26,VLEES01,8.0
2025-01-26,WIJN01,1.8
2025-01-26,WIJN02,1.35
2025-01-26,ZUI01,2.1
2025-01-27,AARD01,3.22
2025-01-27,BIER01,3.75
2025-01-27,BIER02,2.0
2025-01-27,BROOD01,75.0
2025-01-27,BROOD02,12.0
2025-01-27,FRIS01,10.0
2025-01-27,FRIS02,5.0
2025-01-27,FRIS03,2.75
2025-01-27,KOF01,0.172
2025-01-27,VLEES01,12.0
2025-01-27,WIJN01,0.3
2025-01-27,WIJN02,0.15
2025-01-27,WIJN03,0.75
2025-01-27,ZUI01,2.1
2025-01-28,AARD01,4.9
2025-01-28,BIER01,7.5
2025-01-28,BIER02,11.0
2025-01-28,BROOD01,65.0
2025-01-28,BROOD02,5.0
2025-01-28,FRIS01,6.0
2025-01-28,FRIS02,12.0
2025-01-28,FRIS03,1.0
2025-01-28,KOF01,0.18
2025-01-28,VLEES01,5.0
2025-01-28,WIJN01,0.9
2025-01-28,WIJN02,1.2
2025-01-28,WIJN03,0.6
2025-01-28,ZUI01,1.8
2025-01-29,AARD01,5.04
2025-01-29,BIER01,7.5
2025-01-29,BIER02,3.0
2025-01-29,BROOD01,69.0
2025-01-29,BROOD02,9.0
2025-01-29,FRIS01,16.0
2025-01-29,FRIS02,16.0
2025-01-29,FRIS03,1.5
2025-01-29,KOF01,0.165
2025-01-29,VLEES01,9.0
2025-01-29,WIJN01,2.7
2025-01-29,WIJN02,0.75
2025-01-29,WIJN03,0.3
2025-01-29,ZUI01,1.35
2025-01-30,AARD01,4.06
2025-01-30,BIER01,5.0
2025-01-30,BIER02,2.0
2025-01-30,BROOD01,74.0
2025-01-30,BROOD02,6.0
2025-01-30,FRIS01,8.0
2025-01-30,FRIS02,13.0
2025-01-30,FRIS03,1.75
2025-01-30,KOF01,0.128
2025-01-30,VLEES01,6.0
2025-01-30,WIJN01,0.6
2025-01-30,WIJN02,2.25
2025-01-30,WIJN03,0.3
2025-01-30,ZUI01,1.2
2025-01-31,AARD01,6.86
2025-01-31,BIER01,16.75
2025-01-31,BIER02,14.0
2025-01-31,BROOD01,86.0
2025-01-31,BROOD02,15.0
2025-01-31,FRIS01,19.0
2025-01-31,FRIS02,15.0
2025-01-31,FRIS03,3.75
2025-01-31,KOF01,0.135
2025-01-31,VLEES01,15.0
2025-01-31,WIJN01,2.1
2025-01-31,WIJN02,1.8
2025-01-31,WIJN03,1.5
2025-01-31,ZUI01,0.9
2025-02-01,AARD01,6.86
2025-02-01,BIER01,10.5
2025-02-01,BIER02,15.0
2025-02-01,BROOD01,160.0
2025-02-01,BROOD02,22.0
2025-02-01,FRIS01,11.0
2025-02-01,FRIS02,23.0
2025-02-01,FRIS03,2.0
2025-02-01,KOF01,0.18
2025-02-01,VLEES01,22.0
2025-02-01,WIJN01,3.15
2025-02-01,WIJN02,3.15
2025-02-01,WIJN03,0.45
2025-02-01,ZUI01,1.5
2025-02-02,AARD01,3.64
2025-02-02,BIER01,9.25
2025-02-02,BIER02,9.0
2025-02-02,BROOD01,128.0
2025-02-02,BROOD02,12.0
2025-02-02,FRIS01,18.0
2025-02-02,FRIS02,14.0
2025-02-02,FRIS03,4.75
2025-02-02,KOF01,0.232
2025-02-02,VLEES01,12.0
2025-02-02,WIJN01,2.1
2025-02-02,WIJN02,1.65
2025-02-02,WIJN03,0.15
2025-02-02,ZUI01,2.4
2025-02-03,AARD01,5.88
2025-02-03,BIER01,5.5
2025-02-03,BIER02,6.0
2025-02-03,BROOD01,72.0
2025-02-03,BROOD02,14.0
2025-02-03,FRIS01,8.0
2025-02-03,FRIS02,14.0
2025-02-03,FRIS03,1.0
2025-02-03,KOF01,0.098
2025-02-03,VLEES01,14.0
2025-02-03,WIJN01,1.5
2025-02-03,WIJN02,0.75
2025-02-03,WIJN03,1.35
2025-02-03,ZUI01,1.05
2025-02-04,AARD01,3.78
2025-02-04,BIER01,7.5
2025-02-04,BIER02,6.0
2025-02-04,BROOD01,36.0
2025-02-04,BROOD02,9.0
2025-02-04,FRIS01,8.0
2025-02-04,FRIS02,4.0
2025-02-04,FRIS03,1.25
2025-02-04,KOF01,0.068
2025-02-04,VLEES01,9.0
2025-02-04,WIJN01,2.25
2025-02-04,WIJN02,1.95
2025-02-04,WIJN03,0.9
2025-02-04,ZUI01,1.05
2025-02-05,AARD01,6.58
2025-02-05,BIER01,9.0
2025-02-05,BIER02,9.0
2025-02-05,BROOD01,107.0
2025-02-05,BROOD02,18.0
2025-02-05,FRIS01,15.0
2025-02-05,FRIS02,13.0
2025-02-05,FRIS03,1.25
2025-02-05,KOF01,0.172
2025-02-05,VLEES01,18.0
2025-02-05,WIJN01,2.4
2025-02-05,WIJN02,2.85
2025-02-05,WIJN03,0.9
2025-02-05,ZUI01,1.95
2025-02-06,AARD01,8.54
2025-02-06,BIER01,11.75
2025-02-06,BIER02,7.0
2025-02-06,BROOD01,107.0
2025-02-06,BROOD02,27.0
2025-02-06,FRIS01,10.0
2025-02-06,FRIS02,15.0
2025-02-06,FRIS03,3.5
2025-02-06,KOF01,0.21
2025-02-06,VLEES01,27.0
2025-02-06,WIJN01,2.1
2025-02-06,WIJN02,1.8
2025-02-06,WIJN03,0.6
2025-02-06,ZUI01,2.1
2025-02-07,AARD01,6.72
2025-02-07,BIER01,7.25
2025-02-07,BIER02,16.0
2025-02-07,BROOD01,96.0
2025-02-07,BROOD02,20.0
2025-02-07,FRIS01,17.0
2025-02-07,FRIS02,15.0
2025-02-07,FRIS03,2.25
2025-02-07,KOF01,0.188
2025-02-07,VLEES01,20.0
2025-02-07,WIJN01,2.85
2025-02-07,WIJN02,2.55
2025-02-07,WIJN03,0.9
2025-02-07,ZUI01,1.2
2025-02-08,AARD01,7.28
2025-02-08,BIER01,18.25
2025-02-08,BIER02,27.0
2025-02-08,BROOD01,119.0
2025-02-08,BROOD02,21.0
2025-02-08,FRIS01,17.0
2025-02-08,FRIS02,24.0
2025-02-08,FRIS03,4.25
2025-02-08,KOF01,0.3
2025-02-08,VLEES01,21.0
2025-02-08,WIJN01,3.15
2025-02-08,WIJN02,3.3
2025-02-08,WIJN03,0.9
2025-02-08,ZUI01,3.0
2025-02-09,AARD01,6.58
2025-02-09,BIER01,11.25
2025-02-09,BIER02,9.0
2025-02-09,BROOD01,169.0
2025-02-09,BROOD02,12.0
2025-02-09,FRIS01,14.0
2025-02-09,FRIS02,9.0
2025-02-09,FRIS03,4.25
2025-02-09,KOF01,0.42
2025-02-09,VLEES01,12.0
2025-02-09,WIJN01,1.65
2025-02-09,WIJN02,2.85
2025-02-09,WIJN03,0.45
2025-02-09,ZUI01,4.65
2025-02-10,AARD01,3.64
2025-02-10,BIER01,8.75
2025-02-10,BIER02,4.0
2025-02-10,BROOD01,91.0
2025-02-10,BROOD02,12.0
2025-02-10,FRIS01,3.0
2025-02-10,FRIS02,4.0
2025-02-10,FRIS03,1.75
2025-02-10,KOF01,0.15
2025-02-10,VLEES01,12.0
2025-02-10,WIJN01,1.65
2025-02-10,WIJN02,0.9
2025-02-10,WIJN03,0.3
2025-02-10,ZUI01,2.25
2025-02-11,AARD01,5.32
2025-02-11,BIER01,5.5
2025-02-11,BIER02,8.0
2025-02-11,BROOD01,58.0
2025-02-11,BROOD02,15.0
2025-02-11,FRIS01,7.0
2025-02-11,FRIS02,18.0
2025-02-11,FRIS03,1.75
2025-02-11,KOF01,0.218
2025-02-11,VLEES01,15.0
2025-02-11,WIJN01,1.8
2025-02-11,WIJN02,1.2
2025-02-11,WIJN03,0.9
2025-02-11,ZUI01,1.2
2025-02-12,AARD01,6.58
2025-02-12,BIER01,10.0
2025-02-12,BIER02,5.0
2025-02-12,BROOD01,100.0
2025-02-12,BROOD02,10.0
2025-02-12,FRIS01,14.0
2025-02-12,FRIS02,17.0
2025-02-12,FRIS03,3.75
2025-02-12,KOF01,0.21
2025-02-12,VLEES01,10.0
2025-02-12,WIJN01,0.75
2025-02-12,WIJN02,1.65
2025-02-12,WIJN03,0.6
2025-02-12,ZUI01,2.25
2025-02-13,AARD01,8.96
2025-02-13,BIER01,16.75
2025-02-13,BIER02,4.0
2025-02-13,BROOD01,129.0
2025-02-13,BROOD02,24.0
2025-02-13,FRIS01,15.0
2025-02-13,FRIS02,7.0
2025-02-13,FRIS03,4.5
2025-02-13,KOF01,0.21
2025-02-13,VLEES01,24.0
2025-02-13,WIJN01,1.35
2025-02-13,WIJN02,1.8
2025-02-13,ZUI01,2.4
2025-02-14,AARD01,7.42
2025-02-14,BIER01,14.0
2025-02-14,BIER02,18.0
2025-02-14,BROOD01,110.0
2025-02-14,BROOD02,7.0
2025-02-14,FRIS01,21.0
2025-02-14,FRIS02,18.0
2025-02-14,FRIS03,4.25
2025-02-14,KOF01,0.158
2025-02-14,VLEES01,7.0
2025-02-14,WIJN01,4.35
2025-02-14,WIJN02,4.5
2025-02-14,WIJN03,2.25
2025-02-14,ZUI01,1.95
2025-02-15,AARD01,10.5
2025-02-15,BIER01,27.25
2025-02-15,BIER02,23.0
2025-02-15,BROOD01,105.0
2025-02-15,BROOD02,34.0
2025-02-15,FRIS01,24.0
2025-02-15,FRIS02,21.0
2025-02-15,FRIS03,1.5
2025-02-15,KOF01,0.202
2025-02-15,VLEES01,34.0
2025-02-15,WIJN01,3.9
2025-02-15,WIJN02,4.8
2025-02-15,WIJN03,1.35
2025-02-15,ZUI01,1.8
2025-02-16,AARD01,6.3
2025-02-16,BIER01,11.0
2025-02-16,BIER02,4.0
2025-02-16,BROOD01,128.0
2025-02-16,BROOD02,16.0
2025-02-16,FRIS01,20.0
2025-02-16,FRIS02,20.0
2025-02-16,FRIS03,3.25
2025-02-16,KOF01,0.352
2025-02-16,VLEES01,16.0
2025-02-16,WIJN01,1.95
2025-02-16,WIJN02,1.2
2025-02-16,WIJN03,0.6
2025-02-16,ZUI01,3.15
2025-02-17,AARD01,4.06
2025-02-17,BIER01,6.25
2025-02-17,BIER02,9.0
2025-02-17,BROOD01,64.0
2025-02-17,BROOD02,13.0
2025-02-17,FRIS01,7.0
2025-02-17,FRIS02,7.0
2025-02-17,FRIS03,0.75
2025-02-17,KOF01,0.158
2025-02-17,VLEES01,13.0
2025-02-17,WIJN01,1.2
2025-02-17,WIJN02,0.45
2025-02-17,WIJN03,0.6
2025-02-17,ZUI01,1.95
2025-02-18,AARD01,5.04
2025-02-18,BIER01,2.75
2025-02-18,BIER02,8.0
2025-02-18,BROOD01,75.0
2025-02-18,BROOD02,9.0
2025-02-18,FRIS01,11.0
2025-02-18,FRIS02,5.0
2025-02-18,FRIS03,1.5
2025-02-18,KOF01,0.128
2025-02-18,VLEES01,9.0
2025-02-18,WIJN01,1.95
2025-02-18,WIJN02,0.75
2025-02-18,WIJN03,0.75
2025-02-18,ZUI01,1.2
2025-02-19,AARD01,4.76
2025-02-19,BIER01,6.0
2025-02-19,BIER02,8.0
2025-02-19,BROOD01,127.0
2025-02-19,BROOD02,10.0
2025-02-19,FRIS01,13.0
2025-02-19,FRIS02,5.0
2025-02-19,FRIS03,3.5
2025-02-19,KOF01,0.24
2025-02-19,VLEES01,10.0
2025-02-19,WIJN01,0.9
2025-02-19,WIJN02,0.75
2025-02-19,WIJN03,0.45
2025-02-19,ZUI01,1.35
2025-02-20,AARD01,5.88
2025-02-20,BIER01,10.5
2025-02-20,BIER02,7.0
2025-02-20,BROOD01,109.0
2025-02-20,BROOD02,17.0
2025-02-20,FRIS01,34.0
2025-02-20,FRIS02,17.0
2025-02-20,FRIS03,3.25
2025-02-20,KOF01,0.308
2025-02-20,VLEES01,17.0
2025-02-20,WIJN01,2.85
2025-02-20,WIJN02,0.9
2025-02-20,WIJN03,1.8
2025-02-20,ZUI01,3.0
2025-02-21,AARD01,6.16
2025-02-21,BIER01,20.0
2025-02-21,BIER02,12.0
2025-02-21,BROOD01,111.0
2025-02-21,BROOD02,15.0
2025-02-21,FRIS01,24.0
2025-02-21,FRIS02,21.0
2025-02-21,FRIS03,3.0
2025-02-21,KOF01,0.277
2025-02-21,VLEES01,15.0
2025-02-21,WIJN01,4.05
2025-02-21,WIJN02,2.55
2025-02-21,WIJN03,1.95
2025-02-21,ZUI01,1.8
2025-02-22,AARD01,5.88
2025-02-22,BIER01,18.5
2025-02-22,BIER02,22.0
2025-02-22,BROOD01,147.0
2025-02-22,BROOD02,18.0
2025-02-22,FRIS01,12.0
2025-02-22,FRIS02,10.0
2025-02-22,FRIS03,3.75
2025-02-22,KOF01,0.255
2025-02-22,VLEES01,18.0
2025-02-22,WIJN01,2.55
2025-02-22,WIJN02,2.4
2025-02-22,WIJN03,0.6
2025-02-22,ZUI01,2.25
2025-02-23,AARD01,6.58
2025-02-23,BIER01,14.5
2025-02-23,BIER02,16.0
2025-02-23,BROOD01,187.0
2025-02-23,BROOD02,16.0
2025-02-23,FRIS01,28.0
2025-02-23,FRIS02,20.0
2025-02-23,FRIS03,3.25
2025-02-23,KOF01,0.308
2025-02-23,VLEES01,16.0
2025-02-23,WIJN01,3.15
2025-02-23,WIJN02,2.7
2025-02-23,WIJN03,0.9
2025-02-23,ZUI01,3.3
2025-02-24,AARD01,2.66
2025-02-24,BIER01,3.0
2025-02-24,BIER02,6.0
2025-02-24,BROOD01,74.0
2025-02-24,BROOD02,8.0
2025-02-24,FRIS01,11.0
2025-02-24,FRIS02,6.0
2025-02-24,FRIS03,3.75
2025-02-24,KOF01,0.158
2025-02-24,VLEES01,8.0
2025-02-24,WIJN01,0.15
2025-02-24,WIJN02,0.6
2025-02-24,WIJN03,0.45
2025-02-24,ZUI01,0.9
2025-02-25,AARD01,5.18
2025-02-25,BIER01,8.5
2025-02-25,BIER02,7.0
2025-02-25,BROOD01,124.0
2025-02-25,BROOD02,13.0
2025-02-25,FRIS01,12.0
2025-02-25,FRIS02,6.0
2025-02-25,FRIS03,2.75
2025-02-25,KOF01,0.188
2025-02-25,VLEES01,13.0
2025-02-25,WIJN01,1.65
2025-02-25,WIJN02,1.2
2025-02-25,WIJN03,0.3
2025-02-25,ZUI01,1.5
2025-02-26,AARD01,4.2
2025-02-26,BIER01,7.5
2025-02-26,BIER02,11.0
2025-02-26,BROOD01,97.0
2025-02-26,BROOD02,10.0
2025-02-26,FRIS01,14.0
2025-02-26,FRIS02,13.0
2025-02-26,FRIS03,3.75
2025-02-26,KOF01,0.255
2025-02-26,VLEES01,10.0
2025-02-26,WIJN01,0.75
2025-02-26,WIJN02,1.35
2025-02-26,WIJN03,0.6
2025-02-26,ZUI01,2.85
2025-02-27,AARD01,7.42
2025-02-27,BIER01,9.0
2025-02-27,BIER02,14.0
2025-02-27,BROOD01,149.0
2025-02-27,BROOD02,14.0
2025-02-27,FRIS01,13.0
2025-02-27,FRIS02,16.0
2025-02-27,FRIS03,3.25
2025-02-27,KOF01,0.195
2025-02-27,VLEES01,14.0
2025-02-27,WIJN01,2.4
2025-02-27,WIJN02,1.5
2025-02-27,WIJN03,1.5
2025-02-27,ZUI01,1.65
2025-02-28,AARD01,7.84
2025-02-28,BIER01,18.5
2025-02-28,BIER02,20.0
2025-02-28,BROOD01,100.0
2025-02-28,BROOD02,24.0
2025-02-28,FRIS01,19.0
2025-02-28,FRIS02,12.0
2025-02-28,FRIS03,5.0
2025-02-28,KOF01,0.21
2025-02-28,VLEES01,24.0
2025-02-28,WIJN01,2.4
2025-02-28,WIJN02,3.0
2025-02-28,WIJN03,0.75
2025-02-28,ZUI01,2.55
2025-03-01,AARD01,7.7
2025-03-01,BIER01,28.75
2025-03-01,BIER02,18.0
2025-03-01,BROOD01,135.0
2025-03-01,BROOD02,14.0
2025-03-01,FRIS01,14.0
2025-03-01,FRIS02,22.0
2025-03-01,FRIS03,5.5
2025-03-01,KOF01,0.218
2025-03-01,VLEES01,14.0
2025-03-01,WIJN01,4.35
2025-03-01,WIJN02,3.75
2025-03-01,WIJN03,2.55
2025-03-01,ZUI01,2.4
2025-03-02,AARD01,4.48
2025-03-02,BIER01,13.0
2025-03-02,BIER02,6.0
2025-03-02,BROOD01,145.0
2025-03-02,BROOD02,13.0
2025-03-02,FRIS01,22.0
2025-03-02,FRIS02,9.0
2025-03-02,FRIS03,4.75
2025-03-02,KOF01,0.33
2025-03-02,VLEES01,13.0
2025-03-02,WIJN01,1.05
2025-03-02,WIJN02,1.8
2025-03-02,WIJN03,0.75
2025-03-02,ZUI01,3.9
2025-03-03,AARD01,4.48
2025-03-03,BIER01,8.0
2025-03-03,BIER02,4.0
2025-03-03,BROOD01,73.0
2025-03-03,BROOD02,9.0
2025-03-03,FRIS01,10.0
2025-03-03,FRIS02,7.0
2025-03-03,FRIS03,3.5
2025-03-03,KOF01,0.09
2025-03-03,VLEES01,9.0
2025-03-03,WIJN01,1.65
2025-03-03,WIJN02,1.95
2025-03-03,WIJN03,0.75
2025-03-03,ZUI01,0.45
2025-03-04,AARD01,3.5
2025-03-04,BIER01,7.0
2025-03-04,BIER02,3.0
2025-03-04,BROOD01,71.0
2025-03-04,BROOD02,9.0
2025-03-04,FRIS01,9.0
2025-03-04,FRIS02,13.0
2025-03-04,FRIS03,1.75
2025-03-04,KOF01,0.24
2025-03-04,VLEES01,9.0
2025-03-04,WIJN01,1.95
2025-03-04,WIJN02,1.5
2025-03-04,WIJN03,0.45
2025-03-04,ZUI01,2.7
2025-03-05,AARD01,7.7
2025-03-05,BIER01,6.25
2025-03-05,BIER02,14.0
2025-03-05,BROOD01,128.0
2025-03-05,BROOD02,21.0
2025-03-05,FRIS01,10.0
2025-03-05,FRIS02,21.0
2025-03-05,FRIS03,2.25
2025-03-05,KOF01,0.308
2025-03-05,VLEES01,21.0
2025-03-05,WIJN01,1.05
2025-03-05,WIJN02,2.7
2025-03-05,WIJN03,1.2
2025-03-05,ZUI01,3.15
2025-03-06,AARD01,4.62
2025-03-06,BIER01,12.5
2025-03-06,BIER02,9.0
2025-03-06,BROOD01,74.0
2025-03-06,BROOD02,18.0
2025-03-06,FRIS01,17.0
2025-03-06,FRIS02,13.0
2025-03-06,FRIS03,3.75
2025-03-06,KOF01,0.24
2025-03-06,VLEES01,18.0
2025-03-06,WIJN01,1.2
2025-03-06,WIJN02,1.05
2025-03-06,WIJN03,0.15
2025-03-06,ZUI01,1.95
2025-03-07,AARD01,8.96
2025-03-07,BIER01,14.25
2025-03-07,BIER02,25.0
2025-03-07,BROOD01,162.0
2025-03-07,BROOD02,22.0
2025-03-07,FRIS01,17.0
2025-03-07,FRIS02,22.0
2025-03-07,FRIS03,4.25
2025-03-07,KOF01,0.225
2025-03-07,VLEES01,22.0
2025-03-07,WIJN01,3.45
2025-03-07,WIJN02,2.55
2025-03-07,WIJN03,1.5
2025-03-07,ZUI01,2.55
2025-03-08,AARD01,9.1
2025-03-08,BIER01,21.0
2025-03-08,BIER02,22.0
2025-03-08,BROOD01,147.0
2025-03-08,BROOD02,29.0
2025-03-08,FRIS01,19.0
2025-03-08,FRIS02,25.0
2025-03-08,FRIS03,3.25
2025-03-08,KOF01,0.39
2025-03-08,VLEES01,29.0
2025-03-08,WIJN01,6.75
2025-03-08,WIJN02,3.0
2025-03-08,WIJN03,1.65
2025-03-08,ZUI01,4.05
2025-03-09,AARD01,7.56
2025-03-09,BIER01,12.0
2025-03-09,BIER02,8.0
2025-03-09,BROOD01,127.0
2025-03-09,BROOD02,14.0
2025-03-09,FRIS01,14.0
2025-03-09,FRIS02,13.0
2025-03-09,FRIS03,3.75
2025-03-09,KOF01,0.262
2025-03-09,VLEES01,14.0
2025-03-09,WIJN01,2.25
2025-03-09,WIJN02,1.35
2025-03-09,WIJN03,1.05
2025-03-09,ZUI01,1.95
2025-03-10,AARD01,3.5
2025-03-10,BIER01,5.75
2025-03-10,BIER02,7.0
2025-03-10,BROOD01,66.0
2025-03-10,BROOD02,5.0
2025-03-10,FRIS01,4.0
2025-03-10,FRIS02,7.0
2025-03-10,FRIS03,1.5
2025-03-10,KOF01,0.172
2025-03-10,VLEES01,5.0
2025-03-10,WIJN01,2.25
2025-03-10,WIJN02,1.5
2025-03-10,WIJN03,0.9
2025-03-10,ZUI01,2.4
2025-03-11,AARD01,4.48
2025-03-11,BIER01,8.75
2025-03-11,BIER02,9.0
2025-03-11,BROOD01,115.0
2025-03-11,BROOD02,10.0
2025-03-11,FRIS01,5.0
2025-03-11,FRIS02,11.0
2025-03-11,FRIS03,1.25
2025-03-11,KOF01,0.188
2025-03-11,VLEES01,10.0
2025-03-11,WIJN01,1.95
2025-03-11,WIJN02,1.35
2025-03-11,WIJN03,0.9
2025-03-11,ZUI01,1.65
2025-03-12,AARD01,5.18
2025-03-12,BIER01,8.75
2025-03-12,BIER02,4.0
2025-03-12,BROOD01,98.0
2025-03-12,BROOD02,7.0
2025-03-12,FRIS01,11.0
2025-03-12,FRIS02,5.0
2025-03-12,FRIS03,2.0
2025-03-12,KOF01,0.21
2025-03-12,VLEES01,7.0
2025-03-12,WIJN01,0.75
2025-03-12,WIJN02,2.1
2025-03-12,WIJN03,0.15
2025-03-12,ZUI01,2.1
2025-03-13,AARD01,5.88
2025-03-13,BIER01,9.0
2025-03-13,BIER02,13.0
2025-03-13,BROOD01,78.0
2025-03-13,BROOD02,18.0
2025-03-13,FRIS01,13.0
2025-03-13,FRIS02,13.0
2025-03-13,FRIS03,1.25
2025-03-13,KOF01,0.285
2025-03-13,VLEES01,18.0
2025-03-13,WIJN01,0.75
2025-03-13,WIJN02,0.75
2025-03-13,WIJN03,0.6
2025-03-13,ZUI01,3.75
2025-03-14,AARD01,7.14
2025-03-14,BIER01,16.75
2025-03-14,BIER02,24.0
2025-03-14,BROOD01,88.0
2025-03-14,BROOD02,16.0
2025-03-14,FRIS01,17.0
2025-03-14,FRIS02,13.0
2025-03-14,FRIS03,3.0
2025-03-14,KOF01,0.405
2025-03-14,VLEES01,16.0
2025-03-14,WIJN01,2.25
2025-03-14,WIJN02,4.35
2025-03-14,WIJN03,0.9
2025-03-14,ZUI01,4.35
2025-03-15,AARD01,8.54
2025-03-15,BIER01,15.75
2025-03-15,BIER02,23.0
2025-03-15,BROOD01,115.0
2025-03-15,BROOD02,19.0
2025-03-15,FRIS01,23.0
2025-03-15,FRIS02,20.0
2025-03-15,FRIS03,2.75
2025-03-15,KOF01,0.262
2025-03-15,VLEES01,19.0
2025-03-15,WIJN01,4.05
2025-03-15,WIJN02,2.7
2025-03-15,WIJN03,0.9
2025-03-15,ZUI01,2.55
2025-03-16,AARD01,5.04
2025-03-16,BIER01,14.25
2025-03-16,BIER02,5.0
2025-03-16,BROOD01,182.0
2025-03-16,BROOD02,14.0
2025-03-16,FRIS01,17.0
2025-03-16,FRIS02,17.0
2025-03-16,FRIS03,4.5
2025-03-16,KOF01,0.42
2025-03-16,VLEES01,14.0
2025-03-16,WIJN01,2.55
2025-03-16,WIJN02,1.95
2025-03-16,WIJN03,0.6
2025-03-16,ZUI01,3.45
2025-03-17,AARD01,7.84
2025-03-17,BIER01,6.5
2025-03-17,BIER02,7.0
2025-03-17,BROOD01,39.0
2025-03-17,BROOD02,18.0
2025-03-17,FRIS01,2.0
2025-03-17,FRIS02,18.0
2025-03-17,FRIS03,2.0
2025-03-17,KOF01,0.202
2025-03-17,VLEES01,18.0
2025-03-17,WIJN01,2.85
2025-03-17,WIJN02,1.35
2025-03-17,ZUI01,2.1
2025-03-18,AARD01,3.08
2025-03-18,BIER01,13.0
2025-03-18,BIER02,5.0
2025-03-18,BROOD01,125.0
2025-03-18,BROOD02,10.0
2025-03-18,FRIS01,12.0
2025-03-18,FRIS02,14.0
2025-03-18,FRIS03,2.75
2025-03-18,KOF01,0.248
2025-03-18,VLEES01,10.0
2025-03-18,WIJN01,1.95
2025-03-18,WIJN02,0.6
2025-03-18,WIJN03,0.45
2025-03-18,ZUI01,2.55
2025-03-19,AARD01,4.48
2025-03-19,BIER01,9.0
2025-03-19,BIER02,14.0
2025-03-19,BROOD01,137.0
2025-03-19,BROOD02,16.0
2025-03-19,FRIS01,14.0
2025-03-19,FRIS02,13.0
2025-03-19,FRIS03,3.0
2025-03-19,KOF01,0.352
2025-03-19,VLEES01,16.0
2025-03-19,WIJN01,1.05
2025-03-19,WIJN02,1.35
2025-03-19,WIJN03,0.45
2025-03-19,ZUI01,3.15
2025-03-20,AARD01,9.66
2025-03-20,BIER01,9.0
2025-03-20,BIER02,11.0
2025-03-20,BROOD01,106.0
2025-03-20,BROOD02,30.0
2025-03-20,FRIS01,21.0
2025-03-20,FRIS02,21.0
2025-03-20,FRIS03,6.75
2025-03-20,KOF01,0.218
2025-03-20,VLEES01,30.0
2025-03-20,WIJN01,3.0
2025-03-20,WIJN02,2.7
2025-03-20,WIJN03,0.15
2025-03-20,ZUI01,2.1
2025-03-21,AARD01,5.74
2025-03-21,BIER01,23.25
2025-03-21,BIER02,11.0
2025-03-21,BROOD01,146.0
2025-03-21,BROOD02,11.0
2025-03-21,FRIS01,16.0
2025-03-21,FRIS02,25.0
2025-03-21,FRIS03,2.0
2025-03-21,KOF01,0.24
2025-03-21,VLEES01,11.0
2025-03-21,WIJN01,3.6
2025-03-21,WIJN02,4.8
2025-03-21,WIJN03,2.25
2025-03-21,ZUI01,3.0
2025-03-22,AARD01,10.5
2025-03-22,BIER01,19.0
2025-03-22,BIER02,22.0
2025-03-22,BROOD01,141.0
2025-03-22,BROOD02,30.0
2025-03-22,FRIS01,23.0
2025-03-22,FRIS02,29.0
2025-03-22,FRIS03,3.5
2025-03-22,KOF01,0.277
2025-03-22,VLEES01,30.0
2025-03-22,WIJN01,3.0
2025-03-22,WIJN02,2.85
2025-03-22,WIJN03,1.35
2025-03-22,ZUI01,3.15
2025-03-23,AARD01,5.74
2025-03-23,BIER01,11.25
2025-03-23,BIER02,8.0
2025-03-23,BROOD01,144.0
2025-03-23,BROOD02,12.0
2025-03-23,FRIS01,16.0
2025-03-23,FRIS02,15.0
2025-03-23,FRIS03,3.25
2025-03-23,KOF01,0.3
2025-03-23,VLEES01,12.0
2025-03-23,WIJN01,2.85
2025-03-23,WIJN02,1.95
2025-03-23,WIJN03,2.1
2025-03-23,ZUI01,2.25
2025-03-24,AARD01,5.74
2025-03-24,BIER01,8.5
2025-03-24,BIER02,3.0
2025-03-24,BROOD01,83.0
2025-03-24,BROOD02,14.0
2025-03-24,FRIS01,10.0
2025-03-24,FRIS02,10.0
2025-03-24,FRIS03,0.75
2025-03-24,KOF01,0.232
2025-03-24,VLEES01,14.0
2025-03-24,WIJN01,1.8
2025-03-24,WIJN02,1.05
2025-03-24,WIJN03,0.75
2025-03-24,ZUI01,2.1
2025-03-25,AARD01,6.3
2025-03-25,BIER01,9.5
2025-03-25,BIER02,11.0
2025-03-25,BROOD01,80.0
2025-03-25,BROOD02,9.0
2025-03-25,FRIS01,15.0
2025-03-25,FRIS02,5.0
2025-03-25,FRIS03,3.75
2025-03-25,KOF01,0.195
2025-03-25,VLEES01,9.0
2025-03-25,WIJN01,1.35
2025-03-25,WIJN02,1.95
2025-03-25,WIJN03,0.3
2025-03-25,ZUI01,1.35
2025-03-26,AARD01,6.02
2025-03-26,BIER01,12.75
2025-03-26,BIER02,8.0
2025-03-26,BROOD01,123.0
2025-03-26,BROOD02,16.0
2025-03-26,FRIS01,14.0
2025-03-26,FRIS02,10.0
2025-03-26,FRIS03,6.0
2025-03-26,KOF01,0.218
2025-03-26,VLEES01,16.0
2025-03-26,WIJN01,1.2
2025-03-26,WIJN02,1.8
2025-03-26,WIJN03,1.05
2025-03-26,ZUI01,2.55
2025-03-27,AARD01,5.88
2025-03-27,BIER01,11.0
2025-03-27,BIER02,5.0
2025-03-27,BROOD01,123.0
2025-03-27,BROOD02,17.0
2025-03-27,FRIS01,16.0
2025-03-27,FRIS02,8.0
2025-03-27,FRIS03,1.75
2025-03-27,KOF01,0.202
2025-03-27,VLEES01,17.0
2025-03-27,WIJN01,2.25
2025-03-27,WIJN02,2.1
2025-03-27,WIJN03,0.9
2025-03-27,ZUI01,2.25
2025-03-28,AARD01,8.26
2025-03-28,BIER01,22.75
2025-03-28,BIER02,17.0
2025-03-28,BROOD01,117.0
2025-03-28,BROOD02,14.0
2025-03-28,FRIS01,15.0
2025-03-28,FRIS02,13.0
2025-03-28,FRIS03,3.25
2025-03-28,KOF01,0.232
2025-03-28,VLEES01,14.0
2025-03-28,WIJN01,3.45
2025-03-28,WIJN02,2.4
2025-03-28,WIJN03,1.35
2025-03-28,ZUI01,3.3
2025-03-29,AARD01,8.54
2025-03-29,BIER01,14.75
2025-03-29,BIER02,24.0
2025-03-29,BROOD01,125.0
2025-03-29,BROOD02,19.0
2025-03-29,FRIS01,19.0
2025-03-29,FRIS02,21.0
2025-03-29,FRIS03,4.0
2025-03-29,KOF01,0.345
2025-03-29,VLEES01,19.0
2025-03-29,WIJN01,3.0
2025-03-29,WIJN02,4.2
2025-03-29,WIJN03,2.25
2025-03-29,ZUI01,3.0
2025-03-30,AARD01,8.26
2025-03-30,BIER01,12.75
2025-03-30,BIER02,6.0
2025-03-30,BROOD01,281.0
2025-03-30,BROOD02,20.0
2025-03-30,FRIS01,20.0
2025-03-30,FRIS02,16.0
2025-03-30,FRIS03,4.25
2025-03-30,KOF01,0.285
2025-03-30,VLEES01,20.0
2025-03-30,WIJN01,1.35
2025-03-30,WIJN02,1.8
2025-03-30,WIJN03,0.75
2025-03-30,ZUI01,2.55
2025-03-31,AARD01,4.34
2025-03-31,BIER01,10.75
2025-03-31,BIER02,7.0
2025-03-31,BROOD01,57.0
2025-03-31,BROOD02,8.0
2025-03-31,FRIS01,11.0
2025-03-31,FRIS02,11.0
2025-03-31,FRIS03,3.5
2025-03-31,KOF01,0.202
2025-03-31,VLEES01,8.0
2025-03-31,WIJN01,1.65
2025-03-31,WIJN02,2.4
2025-03-31,WIJN03,0.15
2025-03-31,ZUI01,1.8
2025-04-01,AARD01,4.76
2025-04-01,BIER01,4.75
2025-04-01,BIER02,7.0
2025-04-01,BROOD01,88.0
2025-04-01,BROOD02,12.0
2025-04-01,FRIS01,8.0
2025-04-01,FRIS02,13.0
2025-04-01,FRIS03,2.75
2025-04-01,KOF01,0.18
2025-04-01,VLEES01,12.0
2025-04-01,WIJN01,0.9
2025-04-01,WIJN02,1.65
2025-04-01,WIJN03,0.45
2025-04-01,ZUI01,2.25
2025-04-02,AARD01,6.44
2025-04-02,BIER01,10.25
2025-04-02,BIER02,7.0
2025-04-02,BROOD01,60.0
2025-04-02,BROOD02,14.0
2025-04-02,FRIS01,16.0
2025-04-02,FRIS02,22.0
2025-04-02,FRIS03,2.0
2025-04-02,KOF01,0.24
2025-04-02,VLEES01,14.0
2025-04-02,WIJN01,2.85
2025-04-02,WIJN02,1.8
2025-04-02,WIJN03,1.35
2025-04-02,ZUI01,1.95
2025-04-03,AARD01,7.0
2025-04-03,BIER01,11.75
2025-04-03,BIER02,13.0
2025-04-03,BROOD01,144.0
2025-04-03,BROOD02,20.0
2025-04-03,FRIS01,16.0
2025-04-03,FRIS02,21.0
2025-04-03,FRIS03,4.75
2025-04-03,KOF01,0.27
2025-04-03,VLEES01,20.0
2025-04-03,WIJN01,2.85
2025-04-03,WIJN02,1.65
2025-04-03,WIJN03,1.05
2025-04-03,ZUI01,2.55
2025-04-04,AARD01,8.96
2025-04-04,BIER01,27.0
2025-04-04,BIER02,34.0
2025-04-04,BROOD01,160.0
2025-04-04,BROOD02,18.0
2025-04-04,FRIS01,33.0
2025-04-04,FRIS02,37.0
2025-04-04,FRIS03,7.5
2025-04-04,KOF01,0.322
2025-04-04,VLEES01,18.0
2025-04-04,WIJN01,4.95
2025-04-04,WIJN02,4.8
2025-04-04,WIJN03,1.05
2025-04-04,ZUI01,3.6
2025-04-05,AARD01,14.42
2025-04-05,BIER01,18.5
2025-04-05,BIER02,20.0
2025-04-05,BROOD01,145.0
2025-04-05,BROOD02,23.0
2025-04-05,FRIS01,30.0
2025-04-05,FRIS02,20.0
2025-04-05,FRIS03,4.0
2025-04-05,KOF01,0.292
2025-04-05,VLEES01,23.0
2025-04-05,WIJN01,3.6
2025-04-05,WIJN02,3.15
2025-04-05,WIJN03,1.35
2025-04-05,ZUI01,3.15
2025-04-06,AARD01,4.34
2025-04-06,BIER01,10.25
2025-04-06,BIER02,8.0
2025-04-06,BROOD01,207.0
2025-04-06,BROOD02,11.0
2025-04-06,FRIS01,19.0
2025-04-06,FRIS02,22.0
2025-04-06,FRIS03,2.75
2025-04-06,KOF01,0.308
2025-04-06,VLEES01,11.0
2025-04-06,WIJN01,2.4
2025-04-06,WIJN02,1.2
2025-04-06,WIJN03,1.05
2025-04-06,ZUI01,3.6
2025-04-07,AARD01,1.96
2025-04-07,BIER01,6.75
2025-04-07,BIER02,2.0
2025-04-07,BROOD01,62.0
2025-04-07,BROOD02,6.0
2025-04-07,FRIS01,14.0
2025-04-07,FRIS02,13.0
2025-04-07,FRIS03,2.75
2025-04-07,KOF01,0.135
2025-04-07,VLEES01,6.0
2025-04-07,WIJN01,1.8
2025-04-07,WIJN02,1.5
2025-04-07,WIJN03,0.15
2025-04-07,ZUI01,1.2
2025-04-08,AARD01,4.62
2025-04-08,BIER01,12.5
2025-04-08,BIER02,6.0
2025-04-08,BROOD01,54.0
2025-04-08,BROOD02,11.0
2025-04-08,FRIS01,13.0
2025-04-08,FRIS02,16.0
2025-04-08,FRIS03,2.5
2025-04-08,KOF01,0.12
2025-04-08,VLEES01,11.0
2025-04-08,WIJN01,1.2
2025-04-08,WIJN02,1.35
2025-04-08,WIJN03,0.15
2025-04-08,ZUI01,1.2
2025-04-09,AARD01,5.18
2025-04-09,BIER01,5.75
2025-04-09,BIER02,4.0
2025-04-09,BROOD01,91.0
2025-04-09,BROOD02,11.0
2025-04-09,FRIS01,6.0
2025-04-09,FRIS02,12.0
2025-04-09,FRIS03,2.5
2025-04-09,KOF01,0.225
2025-04-09,VLEES01,11.0
2025-04-09,WIJN01,1.95
2025-04-09,WIJN02,1.65
2025-04-09,WIJN03,0.6
2025-04-09,ZUI01,1.95
2025-04-10,AARD01,5.18
2025-04-10,BIER01,8.75
2025-04-10,BIER02,5.0
2025-04-10,BROOD01,124.0
2025-04-10,BROOD02,14.0
2025-04-10,FRIS01,18.0
2025-04-10,FRIS02,22.0
2025-04-10,FRIS03,5.25
2025-04-10,KOF01,0.195
2025-04-10,VLEES01,14.0
2025-04-10,WIJN01,3.0
2025-04-10,WIJN02,1.95
2025-04-10,WIJN03,1.95
2025-04-10,ZUI01,1.35
2025-04-11,AARD01,7.56
2025-04-11,BIER01,24.0
2025-04-11,BIER02,30.0
2025-04-11,BROOD01,162.0
2025-04-11,BROOD02,17.0
2025-04-11,FRIS01,18.0
2025-04-11,FRIS02,19.0
2025-04-11,FRIS03,4.5
2025-04-11,KOF01,0.345
2025-04-11,VLEES01,17.0
2025-04-11,WIJN01,3.3
2025-04-11,WIJN02,2.85
2025-04-11,WIJN03,2.1
2025-04-11,ZUI01,3.3
2025-04-12,AARD01,7.0
2025-04-12,BIER01,25.25
2025-04-12,BIER02,24.0
2025-04-12,BROOD01,104.0
2025-04-12,BROOD02,11.0
2025-04-12,FRIS01,17.0
2025-04-12,FRIS02,22.0
2025-04-12,FRIS03,1.25
2025-04-12,KOF01,0.3
2025-04-12,VLEES01,11.0
2025-04-12,WIJN01,3.3
2025-04-12,WIJN02,5.4
2025-04-12,WIJN03,2.55
2025-04-12,ZUI01,3.75
2025-04-13,AARD01,6.44
2025-04-13,BIER01,15.25
2025-04-13,BIER02,6.0
2025-04-13,BROOD01,119.0
2025-04-13,BROOD02,13.0
2025-04-13,FRIS01,22.0
2025-04-13,FRIS02,20.0
2025-04-13,FRIS03,2.75
2025-04-13,KOF01,0.188
2025-04-13,VLEES01,13.0
2025-04-13,WIJN01,2.7
2025-04-13,WIJN02,2.7
2025-04-13,ZUI01,1.35
2025-04-14,AARD01,2.66
2025-04-14,BIER01,4.75
2025-04-14,BIER02,4.0
2025-04-14,BROOD01,58.0
2025-04-14,BROOD02,7.0
2025-04-14,FRIS01,11.0
2025-04-14,FRIS02,10.0
2025-04-14,FRIS03,2.5
2025-04-14,KOF01,0.165
2025-04-14,VLEES01,7.0
2025-04-14,WIJN01,0.9
2025-04-14,WIJN02,1.2
2025-04-14,WIJN03,0.15
2025-04-14,ZUI01,1.35
2025-04-15,AARD01,3.64
2025-04-15,BIER01,4.5
2025-04-15,BIER02,3.0
2025-04-15,BROOD01,125.0
2025-04-15,BROOD02,10.0
2025-04-15,FRIS01,7.0
2025-04-15,FRIS02,17.0
2025-04-15,FRIS03,4.0
2025-04-15,KOF01,0.158
2025-04-15,VLEES01,10.0
2025-04-15,WIJN01,2.1
2025-04-15,WIJN02,0.9
2025-04-15,WIJN03,0.6
2025-04-15,ZUI01,2.1
2025-04-16,AARD01,5.88
2025-04-16,BIER01,8.5
2025-04-16,BIER02,14.0
2025-04-16,BROOD01,152.0
2025-04-16,BROOD02,14.0
2025-04-16,FRIS01,23.0
2025-04-16,FRIS02,32.0
2025-04-16,FRIS03,3.5
2025-04-16,KOF01,0.285
2025-04-16,VLEES01,14.0
2025-04-16,WIJN01,1.5
2025-04-16,WIJN02,1.2
2025-04-16,WIJN03,0.75
2025-04-16,ZUI01,3.9
2025-04-17,AARD01,5.04
2025-04-17,BIER01,9.25
2025-04-17,BIER02,10.0
2025-04-17,BROOD01,178.0
2025-04-17,BROOD02,15.0
2025-04-17,FRIS01,10.0
2025-04-17,FRIS02,23.0
2025-04-17,FRIS03,5.25
2025-04-17,KOF01,0.24
2025-04-17,VLEES01,15.0
2025-04-17,WIJN01,1.2
2025-04-17,WIJN02,2.55
2025-04-17,WIJN03,0.15
2025-04-17,ZUI01,2.85
2025-04-18,AARD01,15.68
2025-04-18,BIER01,23.25
2025-04-18,BIER02,36.0
2025-04-18,BROOD01,201.0
2025-04-18,BROOD02,49.0
2025-04-18,FRIS01,19.0
2025-04-18,FRIS02,46.0
2025-04-18,FRIS03,3.75
2025-04-18,KOF01,0.412
2025-04-18,VLEES01,49.0
2025-04-18,WIJN01,4.5
2025-04-18,WIJN02,4.35
2025-04-18,WIJN03,1.95
2025-04-18,ZUI01,3.9
2025-04-19,AARD01,10.5
2025-04-19,BIER01,29.25
2025-04-19,BIER02,20.0
2025-04-19,BROOD01,163.0
2025-04-19,BROOD02,27.0
2025-04-19,FRIS01,24.0
2025-04-19,FRIS02,30.0
2025-04-19,FRIS03,4.5
2025-04-19,KOF01,0.277
2025-04-19,VLEES01,27.0
2025-04-19,WIJN01,5.7
2025-04-19,WIJN02,3.3
2025-04-19,WIJN03,3.15
2025-04-19,ZUI01,2.55
2025-04-20,AARD01,10.5
2025-04-20,BIER01,18.5
2025-04-20,BIER02,21.0
2025-04-20,BROOD01,223.0
2025-04-20,BROOD02,30.0
2025-04-20,FRIS01,25.0
2025-04-20,FRIS02,8.0
2025-04-20,FRIS03,11.0
2025-04-20,KOF01,0.502
2025-04-20,VLEES01,30.0
2025-04-20,WIJN01,2.55
2025-04-20,WIJN02,3.75
2025-04-20,WIJN03,0.45
2025-04-20,ZUI01,3.6
2025-04-21,AARD01,6.86
2025-04-21,BIER01,10.5
2025-04-21,BIER02,14.0
2025-04-21,BROOD01,118.0
2025-04-21,BROOD02,10.0
2025-04-21,FRIS01,12.0
2025-04-21,FRIS02,16.0
2025-04-21,FRIS03,5.5
2025-04-21,KOF01,0.262
2025-04-21,VLEES01,10.0
2025-04-21,WIJN01,1.35
2025-04-21,WIJN02,1.95
2025-04-21,WIJN03,0.6
2025-04-21,ZUI01,1.95
2025-04-22,AARD01,4.62
2025-04-22,BIER01,7.25
2025-04-22,BIER02,10.0
2025-04-22,BROOD01,140.0
2025-04-22,BROOD02,19.0
2025-04-22,FRIS01,17.0
2025-04-22,FRIS02,19.0
2025-04-22,FRIS03,3.0
2025-04-22,KOF01,0.345
2025-04-22,VLEES01,19.0
2025-04-22,WIJN01,1.95
2025-04-22,WIJN02,2.1
2025-04-22,WIJN03,0.6
2025-04-22,ZUI01,3.3
2025-04-23,AARD01,4.9
2025-04-23,BIER01,8.75
2025-04-23,BIER02,2.0
2025-04-23,BROOD01,131.0
2025-04-23,BROOD02,8.0
2025-04-23,FRIS01,5.0
2025-04-23,FRIS02,15.0
2025-04-23,FRIS03,2.25
2025-04-23,KOF01,0.172
2025-04-23,VLEES01,8.0
2025-04-23,WIJN01,1.05
2025-04-23,WIJN02,0.45
2025-04-23,WIJN03,0.6
2025-04-23,ZUI01,2.1
2025-04-24,AARD01,10.08
2025-04-24,BIER01,10.5
2025-04-24,BIER02,10.0
2025-04-24,BROOD01,194.0
2025-04-24,BROOD02,21.0
2025-04-24,FRIS01,26.0
2025-04-24,FRIS02,9.0
2025-04-24,FRIS03,3.5
2025-04-24,KOF01,0.225
2025-04-24,VLEES01,21.0
2025-04-24,WIJN01,1.5
2025-04-24,WIJN02,1.5
2025-04-24,WIJN03,0.9
2025-04-24,ZUI01,2.55
2025-04-25,AARD01,9.52
2025-04-25,BIER01,26.5
2025-04-25,BIER02,29.0
2025-04-25,BROOD01,212.0
2025-04-25,BROOD02,23.0
2025-04-25,FRIS01,25.0
2025-04-25,FRIS02,29.0
2025-04-25,FRIS03,7.75
2025-04-25,KOF01,0.397
2025-04-25,VLEES01,23.0
2025-04-25,WIJN01,4.8
2025-04-25,WIJN02,4.8
2025-04-25,WIJN03,2.1
2025-04-25,ZUI01,4.35
2025-04-26,AARD01,8.82
2025-04-26,BIER01,28.75
2025-04-26,BIER02,19.0
2025-04-26,BROOD01,174.0
2025-04-26,BROOD02,15.0
2025-04-26,FRIS01,35.0
2025-04-26,FRIS02,22.0
2025-04-26,FRIS03,2.5
2025-04-26,KOF01,0.285
2025-04-26,VLEES01,15.0
2025-04-26,WIJN01,4.95
2025-04-26,WIJN02,4.5
2025-04-26,WIJN03,1.35
2025-04-26,ZUI01,2.85
2025-04-27,AARD01,9.52
2025-04-27,BIER01,12.25
2025-04-27,BIER02,6.0
2025-04-27,BROOD01,235.0
2025-04-27,BROOD02,24.0
2025-04-27,FRIS01,22.0
2025-04-27,FRIS02,26.0
2025-04-27,FRIS03,7.0
2025-04-27,KOF01,0.428
2025-04-27,VLEES01,24.0
2025-04-27,WIJN01,2.4
2025-04-27,WIJN02,1.35
2025-04-27,WIJN03,1.2
2025-04-27,ZUI01,3.45
2025-04-28,AARD01,6.58
2025-04-28,BIER01,7.0
2025-04-28,BIER02,11.0
2025-04-28,BROOD01,31.0
2025-04-28,BROOD02,21.0
2025-04-28,FRIS01,10.0
2025-04-28,FRIS02,10.0
2025-04-28,FRIS03,2.0
2025-04-28,KOF01,0.24
2025-04-28,VLEES01,21.0
2025-04-28,WIJN01,1.65
2025-04-28,WIJN02,1.5
2025-04-28,WIJN03,0.45
2025-04-28,ZUI01,2.7
2025-04-29,AARD01,6.58
2025-04-29,BIER01,19.75
2025-04-29,BIER02,12.0
2025-04-29,BROOD01,116.0
2025-04-29,BROOD02,16.0
2025-04-29,FRIS01,12.0
2025-04-29,FRIS02,13.0
2025-04-29,FRIS03,1.25
2025-04-29,KOF01,0.158
2025-04-29,VLEES01,16.0
2025-04-29,WIJN01,1.95
2025-04-29,WIJN02,3.9
2025-04-29,WIJN03,0.3
2025-04-29,ZUI01,1.35
2025-04-30,AARD01,4.48
2025-04-30,BIER01,10.25
2025-04-30,BIER02,4.0
2025-04-30,BROOD01,144.0
2025-04-30,BROOD02,10.0
2025-04-30,FRIS01,4.0
2025-04-30,FRIS02,11.0
2025-04-30,FRIS03,2.5
2025-04-30,KOF01,0.277
2025-04-30,VLEES01,10.0
2025-04-30,WIJN01,1.35
2025-04-30,WIJN02,1.5
2025-04-30,WIJN03,1.05
2025-04-30,ZUI01,2.1
2025-05-01,AARD01,5.88
2025-05-01,BIER01,6.0
2025-05-01,BIER02,5.0
2025-05-01,BROOD01,138.0
2025-05-01,BROOD02,20.0
2025-05-01,FRIS01,12.0
2025-05-01,FRIS02,7.0
2025-05-01,FRIS03,2.0
2025-05-01,KOF01,0.202
2025-05-01,VLEES01,20.0
2025-05-01,WIJN01,2.55
2025-05-01,WIJN02,1.2
2025-05-01,WIJN03,0.75
2025-05-01,ZUI01,2.1
2025-05-02,AARD01,7.7
2025-05-02,BIER01,36.25
2025-05-02,BIER02,32.0
2025-05-02,BROOD01,127.0
2025-05-02,BROOD02,16.0
2025-05-02,FRIS01,27.0
2025-05-02,FRIS02,27.0
2025-05-02,FRIS03,3.75
2025-05-02,KOF01,0.39
2025-05-02,VLEES01,16.0
2025-05-02,WIJN01,3.75
2025-05-02,WIJN02,3.6
2025-05-02,WIJN03,1.8
2025-05-02,ZUI01,3.3
2025-05-03,AARD01,7.98
2025-05-03,BIER01,20.25
2025-05-03,BIER02,14.0
2025-05-03,BROOD01,166.0
2025-05-03,BROOD02,18.0
2025-05-03,FRIS01,25.0
2025-05-03,FRIS02,16.0
2025-05-03,FRIS03,4.25
2025-05-03,KOF01,0.442
2025-05-03,VLEES01,18.0
2025-05-03,WIJN01,3.0
2025-05-03,WIJN02,3.75
2025-05-03,WIJN03,1.8
2025-05-03,ZUI01,4.65
2025-05-04,AARD01,8.82
2025-05-04,BIER01,12.0
2025-05-04,BIER02,10.0
2025-05-04,BROOD01,190.0
2025-05-04,BROOD02,25.0
2025-05-04,FRIS01,24.0
2025-05-04,FRIS02,30.0
2025-05-04,FRIS03,6.25
2025-05-04,KOF01,0.442
2025-05-04,VLEES01,25.0
2025-05-04,WIJN01,3.15
2025-05-04,WIJN02,1.05
2025-05-04,WIJN03,0.75
2025-05-04,ZUI01,5.25
2025-05-05,AARD01,5.74
2025-05-05,BIER01,6.25
2025-05-05,BIER02,7.0
2025-05-05,BROOD01,98.0
2025-05-05,BROOD02,12.0
2025-05-05,FRIS01,17.0
2025-05-05,FRIS02,15.0
2025-05-05,FRIS03,4.0
2025-05-05,KOF01,0.082
2025-05-05,VLEES01,12.0
2025-05-05,WIJN01,2.4
2025-05-05,WIJN02,1.05
2025-05-05,WIJN03,0.9
2025-05-05,ZUI01,1.05
2025-05-06,AARD01,7.98
2025-05-06,BIER01,12.5
2025-05-06,BIER02,15.0
2025-05-06,BROOD01,146.0
2025-05-06,BROOD02,16.0
2025-05-06,FRIS01,17.0
2025-05-06,FRIS02,17.0
2025-05-06,FRIS03,1.25
2025-05-06,KOF01,0.248
2025-05-06,VLEES01,16.0
2025-05-06,WIJN01,2.25
2025-05-06,WIJN02,2.4
2025-05-06,WIJN03,1.05
2025-05-06,ZUI01,2.7
2025-05-07,AARD01,6.72
2025-05-07,BIER01,15.25
2025-05-07,BIER02,13.0
2025-05-07,BROOD01,134.0
2025-05-07,BROOD02,16.0
2025-05-07,FRIS01,27.0
2025-05-07,FRIS02,14.0
2025-05-07,FRIS03,3.0
2025-05-07,KOF01,0.3
2025-05-07,VLEES01,16.0
2025-05-07,WIJN01,2.4
2025-05-07,WIJN02,2.55
2025-05-07,WIJN03,1.2
2025-05-07,ZUI01,2.7
2025-05-08,AARD01,6.3
2025-05-08,BIER01,6.75
2025-05-08,BIER02,5.0
2025-05-08,BROOD01,140.0
2025-05-08,BROOD02,14.0
2025-05-08,FRIS01,18.0
2025-05-08,FRIS02,10.0
2025-05-08,FRIS03,3.25
2025-05-08,KOF01,0.277
2025-05-08,VLEES01,14.0
2025-05-08,WIJN01,3.15
2025-05-08,WIJN02,2.7
2025-05-08,WIJN03,0.15
2025-05-08,ZUI01,2.85
2025-05-09,AARD01,11.2
2025-05-09,BIER01,31.25
2025-05-09,BIER02,25.0
2025-05-09,BROOD01,208.0
2025-05-09,BROOD02,26.0
2025-05-09,FRIS01,30.0
2025-05-09,FRIS02,27.0
2025-05-09,FRIS03,5.25
2025-05-09,KOF01,0.33
2025-05-09,VLEES01,26.0
2025-05-09,WIJN01,6.6
2025-05-09,WIJN02,2.4
2025-05-09,WIJN03,2.4
2025-05-09,ZUI01,3.15
2025-05-10,AARD01,8.68
2025-05-10,BIER01,26.75
2025-05-10,BIER02,21.0
2025-05-10,BROOD01,201.0
2025-05-10,BROOD02,33.0
2025-05-10,FRIS01,27.0
2025-05-10,FRIS02,32.0
2025-05-10,FRIS03,4.75
2025-05-10,KOF01,0.165
2025-05-10,VLEES01,33.0
2025-05-10,WIJN01,3.6
2025-05-10,WIJN02,4.95
2025-05-10,WIJN03,2.1
2025-05-10,ZUI01,1.65
2025-05-11,AARD01,7.0
2025-05-11,BIER01,19.75
2025-05-11,BIER02,12.0
2025-05-11,BROOD01,226.0
2025-05-11,BROOD02,12.0
2025-05-11,FRIS01,20.0
2025-05-11,FRIS02,22.0
2025-05-11,FRIS03,3.0
2025-05-11,KOF01,0.397
2025-05-11,VLEES01,12.0
2025-05-11,WIJN01,2.7
2025-05-11,WIJN02,3.6
2025-05-11,WIJN03,0.45
2025-05-11,ZUI01,2.7
2025-05-12,AARD01,5.6
2025-05-12,BIER01,10.0
2025-05-12,BIER02,10.0
2025-05-12,BROOD01,206.0
2025-05-12,BROOD02,17.0
2025-05-12,FRIS01,25.0
2025-05-12,FRIS02,15.0
2025-05-12,FRIS03,4.0
2025-05-12,KOF01,0.225
2025-05-12,VLEES01,17.0
2025-05-12,WIJN01,0.6
2025-05-12,WIJN02,1.65
2025-05-12,ZUI01,2.7
2025-05-13,AARD01,4.76
2025-05-13,BIER01,12.0
2025-05-13,BIER02,14.0
2025-05-13,BROOD01,145.0
2025-05-13,BROOD02,13.0
2025-05-13,FRIS01,10.0
2025-05-13,FRIS02,24.0
2025-05-13,FRIS03,2.25
2025-05-13,KOF01,0.195
2025-05-13,VLEES01,13.0
2025-05-13,WIJN01,1.95
2025-05-13,WIJN02,2.1
2025-05-13,WIJN03,0.6
2025-05-13,ZUI01,2.25
2025-05-14,AARD01,9.24
2025-05-14,BIER01,16.5
2025-05-14,BIER02,16.0
2025-05-14,BROOD01,172.0
2025-05-14,BROOD02,27.0
2025-05-14,FRIS01,21.0
2025-05-14,FRIS02,15.0
2025-05-14,FRIS03,4.75
2025-05-14,KOF01,0.39
2025-05-14,VLEES01,27.0
2025-05-14,WIJN01,3.0
2025-05-14,WIJN02,2.7
2025-05-14,WIJN03,0.9
2025-05-14,ZUI01,3.15
2025-05-15,AARD01,8.96
2025-05-15,BIER01,10.75
2025-05-15,BIER02,19.0
2025-05-15,BROOD01,137.0
2025-05-15,BROOD02,26.0
2025-05-15,FRIS01,13.0
2025-05-15,FRIS02,13.0
2025-05-15,FRIS03,5.25
2025-05-15,KOF01,0.27
2025-05-15,VLEES01,26.0
2025-05-15,WIJN01,3.15
2025-05-15,WIJN02,3.0
2025-05-15,WIJN03,1.5
2025-05-15,ZUI01,2.85
2025-05-16,AARD01,12.46
2025-05-16,BIER01,34.25
2025-05-16,BIER02,41.0
2025-05-16,BROOD01,198.0
2025-05-16,BROOD02,22.0
2025-05-16,FRIS01,30.0
2025-05-16,FRIS02,18.0
2025-05-16,FRIS03,8.25
2025-05-16,KOF01,0.555
2025-05-16,VLEES01,22.0
2025-05-16,WIJN01,5.1
2025-05-16,WIJN02,4.2
2025-05-16,WIJN03,2.1
2025-05-16,ZUI01,7.2
2025-05-17,AARD01,14.14
2025-05-17,BIER01,27.5
2025-05-17,BIER02,27.0
2025-05-17,BROOD01,226.0
2025-05-17,BROOD02,37.0
2025-05-17,FRIS01,33.0
2025-05-17,FRIS02,40.0
2025-05-17,FRIS03,7.75
2025-05-17,KOF01,0.54
2025-05-17,VLEES01,37.0
2025-05-17,WIJN01,4.65
2025-05-17,WIJN02,3.9
2025-05-17,WIJN03,1.05
2025-05-17,ZUI01,6.3
2025-05-18,AARD01,7.28
2025-05-18,BIER01,11.25
2025-05-18,BIER02,14.0
2025-05-18,BROOD01,148.0
2025-05-18,BROOD02,25.0
2025-05-18,FRIS01,16.0
2025-05-18,FRIS02,22.0
2025-05-18,FRIS03,3.0
2025-05-18,KOF01,0.36
2025-05-18,VLEES01,25.0
2025-05-18,WIJN01,2.4
2025-05-18,WIJN02,1.95
2025-05-18,WIJN03,1.2
2025-05-18,ZUI01,2.85
2025-05-19,AARD01,6.86
2025-05-19,BIER01,8.75
2025-05-19,BIER02,6.0
2025-05-19,BROOD01,89.0
2025-05-19,BROOD02,17.0
2025-05-19,FRIS01,18.0
2025-05-19,FRIS02,18.0
2025-05-19,FRIS03,3.5
2025-05-19,KOF01,0.248
2025-05-19,VLEES01,17.0
2025-05-19,WIJN01,1.65
2025-05-19,WIJN02,2.1
2025-05-19,WIJN03,0.45
2025-05-19,ZUI01,1.65
2025-05-20,AARD01,8.4
2025-05-20,BIER01,13.25
2025-05-20,BIER02,15.0
2025-05-20,BROOD01,151.0
2025-05-20,BROOD02,15.0
2025-05-20,FRIS01,12.0
2025-05-20,FRIS02,13.0
2025-05-20,FRIS03,3.5
2025-05-20,KOF01,0.255
2025-05-20,VLEES01,15.0
2025-05-20,WIJN01,3.3
2025-05-20,WIJN02,2.55
2025-05-20,WIJN03,0.45
2025-05-20,ZUI01,2.25
2025-05-21,AARD01,6.16
2025-05-21,BIER01,10.75
2025-05-21,BIER02,9.0
2025-05-21,BROOD01,118.0
2025-05-21,BROOD02,14.0
2025-05-21,FRIS01,20.0
2025-05-21,FRIS02,12.0
2025-05-21,FRIS03,2.75
2025-05-21,KOF01,0.277
2025-05-21,VLEES01,14.0
2025-05-21,WIJN01,3.3
2025-05-21,WIJN02,2.7
2025-05-21,WIJN03,0.6
2025-05-21,ZUI01,2.25
2025-05-22,AARD01,6.3
2025-05-22,BIER01,11.5
2025-05-22,BIER02,9.0
2025-05-22,BROOD01,122.0
2025-05-22,BROOD02,13.0
2025-05-22,FRIS01,22.0
2025-05-22,FRIS02,15.0
2025-05-22,FRIS03,6.0
2025-05-22,KOF01,0.24
2025-05-22,VLEES01,13.0
2025-05-22,WIJN01,4.95
2025-05-22,WIJN02,2.55
2025-05-22,WIJN03,1.05
2025-05-22,ZUI01,2.4
2025-05-23,AARD01,10.22
2025-05-23,BIER01,32.5
2025-05-23,BIER02,37.0
2025-05-23,BROOD01,172.0
2025-05-23,BROOD02,16.0
2025-05-23,FRIS01,30.0
2025-05-23,FRIS02,22.0
2025-05-23,FRIS03,3.0
2025-05-23,KOF01,0.308
2025-05-23,VLEES01,16.0
2025-05-23,WIJN01,5.85
2025-05-23,WIJN02,3.45
2025-05-23,WIJN03,2.1
2025-05-23,ZUI01,2.25
2025-05-24,AARD01,17.78
2025-05-24,BIER01,31.0
2025-05-24,BIER02,31.0
2025-05-24,BROOD01,228.0
2025-05-24,BROOD02,49.0
2025-05-24,FRIS01,37.0
2025-05-24,FRIS02,49.0
2025-05-24,FRIS03,6.75
2025-05-24,KOF01,0.63
2025-05-24,VLEES01,49.0
2025-05-24,WIJN01,7.5
2025-05-24,WIJN02,6.0
2025-05-24,WIJN03,1.95
2025-05-24,ZUI01,6.15
2025-05-25,AARD01,12.04
2025-05-25,BIER01,18.25
2025-05-25,BIER02,9.0
2025-05-25,BROOD01,220.0
2025-05-25,BROOD02,30.0
2025-05-25,FRIS01,21.0
2025-05-25,FRIS02,21.0
2025-05-25,FRIS03,4.5
2025-05-25,KOF01,0.518
2025-05-25,VLEES01,30.0
2025-05-25,WIJN01,3.15
2025-05-25,WIJN02,2.25
2025-05-25,WIJN03,1.2
2025-05-25,ZUI01,4.5
2025-05-26,AARD01,5.46
2025-05-26,BIER01,15.0
2025-05-26,BIER02,6.0
2025-05-26,BROOD01,108.0
2025-05-26,BROOD02,15.0
2025-05-26,FRIS01,17.0
2025-05-26,FRIS02,12.0
2025-05-26,FRIS03,5.75
2025-05-26,KOF01,0.308
2025-05-26,VLEES01,15.0
2025-05-26,WIJN01,1.5
2025-05-26,WIJN02,2.4
2025-05-26,WIJN03,1.2
2025-05-26,ZUI01,3.0
2025-05-27,AARD01,8.26
2025-05-27,BIER01,20.75
2025-05-27,BIER02,11.0
2025-05-27,BROOD01,102.0
2025-05-27,BROOD02,19.0
2025-05-27,FRIS01,13.0
2025-05-27,FRIS02,9.0
2025-05-27,FRIS03,3.5
2025-05-27,KOF01,0.21
2025-05-27,VLEES01,19.0
2025-05-27,WIJN01,2.1
2025-05-27,WIJN02,1.95
2025-05-27,WIJN03,1.5
2025-05-27,ZUI01,2.7
2025-05-28,AARD01,6.58
2025-05-28,BIER01,16.25
2025-05-28,BIER02,9.0
2025-05-28,BROOD01,157.0
2025-05-28,BROOD02,16.0
2025-05-28,FRIS01,19.0
2025-05-28,FRIS02,24.0
2025-05-28,FRIS03,3.5
2025-05-28,KOF01,0.218
2025-05-28,VLEES01,16.0
2025-05-28,WIJN01,1.35
2025-05-28,WIJN02,3.3
2025-05-28,WIJN03,1.35
2025-05-28,ZUI01,3.0
2025-05-29,AARD01,12.18
2025-05-29,BIER01,24.0
2025-05-29,BIER02,16.0
2025-05-29,BROOD01,244.0
2025-05-29,BROOD02,40.0
2025-05-29,FRIS01,26.0
2025-05-29,FRIS02,24.0
2025-05-29,FRIS03,5.5
2025-05-29,KOF01,0.457
2025-05-29,VLEES01,40.0
2025-05-29,WIJN01,4.65
2025-05-29,WIJN02,4.35
2025-05-29,WIJN03,1.2
2025-05-29,ZUI01,6.3
2025-05-30,AARD01,13.02
2025-05-30,BIER01,39.5
2025-05-30,BIER02,31.0
2025-05-30,BROOD01,232.0
2025-05-30,BROOD02,29.0
2025-05-30,FRIS01,40.0
2025-05-30,FRIS02,43.0
2025-05-30,FRIS03,6.75
2025-05-30,KOF01,0.592
2025-05-30,VLEES01,29.0
2025-05-30,WIJN01,6.75
2025-05-30,WIJN02,4.8
2025-05-30,WIJN03,1.5
2025-05-30,ZUI01,5.85
2025-05-31,AARD01,17.22
2025-05-31,BIER01,28.5
2025-05-31,BIER02,44.0
2025-05-31,BROOD01,259.0
2025-05-31,BROOD02,48.0
2025-05-31,FRIS01,36.0
2025-05-31,FRIS02,38.0
2025-05-31,FRIS03,5.25
2025-05-31,KOF01,0.592
2025-05-31,VLEES01,48.0
2025-05-31,WIJN01,7.2
2025-05-31,WIJN02,5.55
2025-05-31,WIJN03,2.55
2025-05-31,ZUI01,6.75
2025-06-01,AARD01,6.58
2025-06-01,BIER01,12.25
2025-06-01,BIER02,9.0
2025-06-01,BROOD01,154.0
2025-06-01,BROOD02,20.0
2025-06-01,FRIS01,8.0
2025-06-01,FRIS02,21.0
2025-06-01,FRIS03,5.25
2025-06-01,KOF01,0.337
2025-06-01,VLEES01,20.0
2025-06-01,WIJN01,1.95
2025-06-01,WIJN02,1.65
2025-06-01,WIJN03,0.9
2025-06-01,ZUI01,4.35
2025-06-02,AARD01,4.9
2025-06-02,BIER01,8.0
2025-06-02,BIER02,12.0
2025-06-02,BROOD01,128.0
2025-06-02,BROOD02,11.0
2025-06-02,FRIS01,10.0
2025-06-02,FRIS02,15.0
2025-06-02,FRIS03,3.0
2025-06-02,KOF01,0.285
2025-06-02,VLEES01,11.0
2025-06-02,WIJN01,1.5
2025-06-02,WIJN02,0.6
2025-06-02,WIJN03,0.6
2025-06-02,ZUI01,1.65
2025-06-03,AARD01,7.42
2025-06-03,BIER01,8.0
2025-06-03,BIER02,9.0
2025-06-03,BROOD01,182.0
2025-06-03,BROOD02,11.0
2025-06-03,FRIS01,12.0
2025-06-03,FRIS02,22.0
2025-06-03,FRIS03,5.0
2025-06-03,KOF01,0.255
2025-06-03,VLEES01,11.0
2025-06-03,WIJN01,3.3
2025-06-03,WIJN02,2.4
2025-06-03,WIJN03,1.5
2025-06-03,ZUI01,2.55
2025-06-04,AARD01,7.7
2025-06-04,BIER01,13.25
2025-06-04,BIER02,20.0
2025-06-04,BROOD01,103.0
2025-06-04,BROOD02,19.0
2025-06-04,FRIS01,6.0
2025-06-04,FRIS02,9.0
2025-06-04,FRIS03,3.5
2025-06-04,KOF01,0.39
2025-06-04,VLEES01,19.0
2025-06-04,WIJN01,3.6
2025-06-04,WIJN02,1.8
2025-06-04,WIJN03,0.75
2025-06-04,ZUI01,5.1
2025-06-05,AARD01,7.56
2025-06-05,BIER01,11.75
2025-06-05,BIER02,13.0
2025-06-05,BROOD01,144.0
2025-06-05,BROOD02,18.0
2025-06-05,FRIS01,16.0
2025-06-05,FRIS02,21.0
2025-06-05,FRIS03,3.25
2025-06-05,KOF01,0.262
2025-06-05,VLEES01,18.0
2025-06-05,WIJN01,3.15
2025-06-05,WIJN02,3.0
2025-06-05,WIJN03,0.9
2025-06-05,ZUI01,3.15
2025-06-06,AARD01,15.54
2025-06-06,BIER01,46.75
2025-06-06,BIER02,38.0
2025-06-06,BROOD01,242.0
2025-06-06,BROOD02,38.0
2025-06-06,FRIS01,33.0
2025-06-06,FRIS02,31.0
2025-06-06,FRIS03,9.0
2025-06-06,KOF01,0.488
2025-06-06,VLEES01,38.0
2025-06-06,WIJN01,8.7
2025-06-06,WIJN02,5.85
2025-06-06,WIJN03,3.9
2025-06-06,ZUI01,4.8
2025-06-07,AARD01,14.28
2025-06-07,BIER01,26.75
2025-06-07,BIER02,15.0
2025-06-07,BROOD01,171.0
2025-06-07,BROOD02,29.0
2025-06-07,FRIS01,25.0
2025-06-07,FRIS02,27.0
2025-06-07,FRIS03,6.25
2025-06-07,KOF01,0.457
2025-06-07,VLEES01,29.0
2025-06-07,WIJN01,3.0
2025-06-07,WIJN02,5.7
2025-06-07,WIJN03,0.75
2025-06-07,ZUI01,4.35
2025-06-08,AARD01,7.42
2025-06-08,BIER01,19.5
2025-06-08,BIER02,14.0
2025-06-08,BROOD01,255.0
2025-06-08,BROOD02,19.0
2025-06-08,FRIS01,19.0
2025-06-08,FRIS02,25.0
2025-06-08,FRIS03,8.0
2025-06-08,KOF01,0.518
2025-06-08,VLEES01,19.0
2025-06-08,WIJN01,3.15
2025-06-08,WIJN02,3.3
2025-06-08,WIJN03,1.65
2025-06-08,ZUI01,4.5
2025-06-09,AARD01,7.56
2025-06-09,BIER01,9.5
2025-06-09,BIER02,11.0
2025-06-09,BROOD01,106.0
2025-06-09,BROOD02,20.0
2025-06-09,FRIS01,15.0
2025-06-09,FRIS02,9.0
2025-06-09,FRIS03,4.75
2025-06-09,KOF01,0.255
2025-06-09,VLEES01,20.0
2025-06-09,WIJN01,1.5
2025-06-09,WIJN02,2.4
2025-06-09,WIJN03,0.9
2025-06-09,ZUI01,2.55
2025-06-10,AARD01,9.38
2025-06-10,BIER01,14.25
2025-06-10,BIER02,17.0
2025-06-10,BROOD01,171.0
2025-06-10,BROOD02,14.0
2025-06-10,FRIS01,21.0
2025-06-10,FRIS02,15.0
2025-06-10,FRIS03,4.5
2025-06-10,KOF01,0.345
2025-06-10,VLEES01,14.0
2025-06-10,WIJN01,3.9
2025-06-10,WIJN02,1.35
2025-06-10,WIJN03,2.1
2025-06-10,ZUI01,4.05
2025-06-11,AARD01,15.12
2025-06-11,BIER01,21.75
2025-06-11,BIER02,18.0
2025-06-11,BROOD01,262.0
2025-06-11,BROOD02,46.0
2025-06-11,FRIS01,33.0
2025-06-11,FRIS02,35.0
2025-06-11,FRIS03,3.25
2025-06-11,KOF01,0.472
2025-06-11,VLEES01,46.0
2025-06-11,WIJN01,4.05
2025-06-11,WIJN02,3.6
2025-06-11,WIJN03,1.2
2025-06-11,ZUI01,3.9
2025-06-12,AARD01,15.82
2025-06-12,BIER01,28.75
2025-06-12,BIER02,16.0
2025-06-12,BROOD01,254.0
2025-06-12,BROOD02,46.0
2025-06-12,FRIS01,36.0
2025-06-12,FRIS02,29.0
2025-06-12,FRIS03,7.5
2025-06-12,KOF01,0.472
2025-06-12,VLEES01,46.0
2025-06-12,WIJN01,1.95
2025-06-12,WIJN02,4.2
2025-06-12,WIJN03,1.95
2025-06-12,ZUI01,4.35
2025-06-13,AARD01,15.96
2025-06-13,BIER01,32.0
2025-06-13,BIER02,31.0
2025-06-13,BROOD01,237.0
2025-06-13,BROOD02,35.0
2025-06-13,FRIS01,33.0
2025-06-13,FRIS02,46.0
2025-06-13,FRIS03,7.25
2025-06-13,KOF01,0.495
2025-06-13,VLEES01,35.0
2025-06-13,WIJN01,5.1
2025-06-13,WIJN02,6.15
2025-06-13,WIJN03,1.5
2025-06-13,ZUI01,5.1
2025-06-14,AARD01,21.98
2025-06-14,BIER01,42.0
2025-06-14,BIER02,41.0
2025-06-14,BROOD01,241.0
2025-06-14,BROOD02,57.0
2025-06-14,FRIS01,36.0
2025-06-14,FRIS02,42.0
2025-06-14,FRIS03,7.0
2025-06-14,KOF01,0.502
2025-06-14,VLEES01,57.0
2025-06-14,WIJN01,7.2
2025-06-14,WIJN02,9.0
2025-06-14,WIJN03,2.85
2025-06-14,ZUI01,4.65
2025-06-15,AARD01,10.22
2025-06-15,BIER01,17.25
2025-06-15,BIER02,30.0
2025-06-15,BROOD01,285.0
2025-06-15,BROOD02,26.0
2025-06-15,FRIS01,42.0
2025-06-15,FRIS02,35.0
2025-06-15,FRIS03,10.5
2025-06-15,KOF01,0.758
2025-06-15,VLEES01,26.0
2025-06-15,WIJN01,2.55
2025-06-15,WIJN02,2.85
2025-06-15,WIJN03,1.2
2025-06-15,ZUI01,7.05
2025-06-16,AARD01,8.82
2025-06-16,BIER01,8.75
2025-06-16,BIER02,8.0
2025-06-16,BROOD01,156.0
2025-06-16,BROOD02,10.0
2025-06-16,FRIS01,9.0
2025-06-16,FRIS02,12.0
2025-06-16,FRIS03,3.0
2025-06-16,KOF01,0.285
2025-06-16,VLEES01,10.0
2025-06-16,WIJN01,1.5
2025-06-16,WIJN02,1.35
2025-06-16,WIJN03,0.45
2025-06-16,ZUI01,3.3
2025-06-17,AARD01,7.14
2025-06-17,BIER01,13.5
2025-06-17,BIER02,7.0
2025-06-17,BROOD01,112.0
2025-06-17,BROOD02,21.0
2025-06-17,FRIS01,11.0
2025-06-17,FRIS02,15.0
2025-06-17,FRIS03,4.25
2025-06-17,KOF01,0.315
2025-06-17,VLEES01,21.0
2025-06-17,WIJN01,2.4
2025-06-17,WIJN02,2.1
2025-06-17,WIJN03,1.05
2025-06-17,ZUI01,2.85
2025-06-18,AARD01,6.44
2025-06-18,BIER01,11.0
2025-06-18,BIER02,12.0
2025-06-18,BROOD01,177.0
2025-06-18,BROOD02,16.0
2025-06-18,FRIS01,17.0
2025-06-18,FRIS02,15.0
2025-06-18,FRIS03,4.5
2025-06-18,KOF01,0.42
2025-06-18,VLEES01,16.0
2025-06-18,WIJN01,2.55
2025-06-18,WIJN02,1.05
2025-06-18,WIJN03,0.75
2025-06-18,ZUI01,4.65
2025-06-19,AARD01,8.82
2025-06-19,BIER01,11.25
2025-06-19,BIER02,8.0
2025-06-19,BROOD01,164.0
2025-06-19,BROOD02,19.0
2025-06-19,FRIS01,23.0
2025-06-19,FRIS02,11.0
2025-06-19,FRIS03,4.0
2025-06-19,KOF01,0.337
2025-06-19,VLEES01,19.0
2025-06-19,WIJN01,4.05
2025-06-19,WIJN02,2.85
2025-06-19,WIJN03,1.8
2025-06-19,ZUI01,3.15
2025-06-20,AARD01,13.72
2025-06-20,BIER01,45.0
2025-06-20,BIER02,32.0
2025-06-20,BROOD01,266.0
2025-06-20,BROOD02,29.0
2025-06-20,FRIS01,37.0
2025-06-20,FRIS02,43.0
2025-06-20,FRIS03,9.75
2025-06-20,KOF01,0.578
2025-06-20,VLEES01,29.0
2025-06-20,WIJN01,7.2
2025-06-20,WIJN02,6.75
2025-06-20,WIJN03,2.4
2025-06-20,ZUI01,7.2
2025-06-21,AARD01,12.6
2025-06-21,BIER01,36.25
2025-06-21,BIER02,32.0
2025-06-21,BROOD01,202.0
2025-06-21,BROOD02,31.0
2025-06-21,FRIS01,32.0
2025-06-21,FRIS02,25.0
2025-06-21,FRIS03,7.75
2025-06-21,KOF01,0.412
2025-06-21,VLEES01,31.0
2025-06-21,WIJN01,6.9
2025-06-21,WIJN02,3.6
2025-06-21,WIJN03,1.95
2025-06-21,ZUI01,4.95
2025-06-22,AARD01,13.16
2025-06-22,BIER01,20.75
2025-06-22,BIER02,32.0
2025-06-22,BROOD01,265.0
2025-06-22,BROOD02,29.0
2025-06-22,FRIS01,33.0
2025-06-22,FRIS02,25.0
2025-06-22,FRIS03,10.0
2025-06-22,KOF01,0.578
2025-06-22,VLEES01,29.0
2025-06-22,WIJN01,4.05
2025-06-22,WIJN02,3.45
2025-06-22,WIJN03,1.95
2025-06-22,ZUI01,5.85
2025-06-23,AARD01,7.56
2025-06-23,BIER01,14.5
2025-06-23,BIER02,6.0
2025-06-23,BROOD01,167.0
2025-06-23,BROOD02,19.0
2025-06-23,FRIS01,16.0
2025-06-23,FRIS02,12.0
2025-06-23,FRIS03,4.5
2025-06-23,KOF01,0.142
2025-06-23,VLEES01,19.0
2025-06-23,WIJN01,2.55
2025-06-23,WIJN02,2.55
2025-06-23,WIJN03,0.75
2025-06-23,ZUI01,1.05
2025-06-24,AARD01,8.68
2025-06-24,BIER01,12.75
2025-06-24,BIER02,5.0
2025-06-24,BROOD01,179.0
2025-06-24,BROOD02,20.0
2025-06-24,FRIS01,9.0
2025-06-24,FRIS02,23.0
2025-06-24,FRIS03,5.75
2025-06-24,KOF01,0.277
2025-06-24,VLEES01,20.0
2025-06-24,WIJN01,1.65
2025-06-24,WIJN02,1.05
2025-06-24,WIJN03,0.3
2025-06-24,ZUI01,3.3
2025-06-25,AARD01,14.28
2025-06-25,BIER01,19.75
2025-06-25,BIER02,14.0
2025-06-25,BROOD01,216.0
2025-06-25,BROOD02,27.0
2025-06-25,FRIS01,22.0
2025-06-25,FRIS02,29.0
2025-06-25,FRIS03,6.25
2025-06-25,KOF01,0.39
2025-06-25,VLEES01,27.0
2025-06-25,WIJN01,4.35
2025-06-25,WIJN02,3.0
2025-06-25,WIJN03,1.5
2025-06-25,ZUI01,4.2
2025-06-26,AARD01,10.08
2025-06-26,BIER01,20.5
2025-06-26,BIER02,22.0
2025-06-26,BROOD01,243.0
2025-06-26,BROOD02,18.0
2025-06-26,FRIS01,20.0
2025-06-26,FRIS02,37.0
2025-06-26,FRIS03,6.25
2025-06-26,KOF01,0.48
2025-06-26,VLEES01,18.0
2025-06-26,WIJN01,3.0
2025-06-26,WIJN02,3.15
2025-06-26,WIJN03,1.35
2025-06-26,ZUI01,5.85
2025-06-27,AARD01,21.28
2025-06-27,BIER01,46.25
2025-06-27,BIER02,51.0
2025-06-27,BROOD01,247.0
2025-06-27,BROOD02,60.0
2025-06-27,FRIS01,48.0
2025-06-27,FRIS02,47.0
2025-06-27,FRIS03,9.5
2025-06-27,KOF01,0.6
2025-06-27,VLEES01,60.0
2025-06-27,WIJN01,9.9
2025-06-27,WIJN02,4.65
2025-06-27,WIJN03,2.25
2025-06-27,ZUI01,6.6
2025-06-28,AARD01,17.5
2025-06-28,BIER01,43.25
2025-06-28,BIER02,41.0
2025-06-28,BROOD01,226.0
2025-06-28,BROOD02,34.0
2025-06-28,FRIS01,36.0
2025-06-28,FRIS02,41.0
2025-06-28,FRIS03,4.0
2025-06-28,KOF01,0.322
2025-06-28,VLEES01,34.0
2025-06-28,WIJN01,6.3
2025-06-28,WIJN02,4.95
2025-06-28,WIJN03,3.0
2025-06-28,ZUI01,4.35
2025-06-29,AARD01,9.24
2025-06-29,BIER01,14.5
2025-06-29,BIER02,10.0
2025-06-29,BROOD01,266.0
2025-06-29,BROOD02,23.0
2025-06-29,FRIS01,27.0
2025-06-29,FRIS02,34.0
2025-06-29,FRIS03,7.75
2025-06-29,KOF01,0.72
2025-06-29,VLEES01,23.0
2025-06-29,WIJN01,1.5
2025-06-29,WIJN02,1.8
2025-06-29,WIJN03,1.8
2025-06-29,ZUI01,6.75
2025-06-30,AARD01,6.16
2025-06-30,BIER01,14.25
2025-06-30,BIER02,6.0
2025-06-30,BROOD01,112.0
2025-06-30,BROOD02,19.0
2025-06-30,FRIS01,18.0
2025-06-30,FRIS02,12.0
2025-06-30,FRIS03,3.0
2025-06-30,KOF01,0.285
2025-06-30,VLEES01,19.0
2025-06-30,WIJN01,2.4
2025-06-30,WIJN02,1.95
2025-06-30,WIJN03,0.3
2025-06-30,ZUI01,2.4
2025-07-01,AARD01,7.28
2025-07-01,BIER01,16.5
2025-07-01,BIER02,11.0
2025-07-01,BROOD01,124.0
2025-07-01,BROOD02,14.0
2025-07-01,FRIS01,16.0
2025-07-01,FRIS02,13.0
2025-07-01,FRIS03,3.25
2025-07-01,KOF01,0.248
2025-07-01,VLEES01,14.0
2025-07-01,WIJN01,4.2
2025-07-01,WIJN02,2.85
2025-07-01,WIJN03,0.3
2025-07-01,ZUI01,2.1
2025-07-02,AARD01,10.5
2025-07-02,BIER01,15.5
2025-07-02,BIER02,9.0
2025-07-02,BROOD01,119.0
2025-07-02,BROOD02,28.0
2025-07-02,FRIS01,15.0
2025-07-02,FRIS02,20.0
2025-07-02,FRIS03,4.0
2025-07-02,KOF01,0.315
2025-07-02,VLEES01,28.0
2025-07-02,WIJN01,3.9
2025-07-02,WIJN02,3.15
2025-07-02,WIJN03,2.25
2025-07-02,ZUI01,2.85
2025-07-03,AARD01,7.98
2025-07-03,BIER01,15.5
2025-07-03,BIER02,11.0
2025-07-03,BROOD01,187.0
2025-07-03,BROOD02,13.0
2025-07-03,FRIS01,16.0
2025-07-03,FRIS02,20.0
2025-07-03,FRIS03,5.75
2025-07-03,KOF01,0.435
2025-07-03,VLEES01,13.0
2025-07-03,WIJN01,2.85
2025-07-03,WIJN02,1.2
2025-07-03,WIJN03,0.15
2025-07-03,ZUI01,5.25
2025-07-04,AARD01,9.8
2025-07-04,BIER01,29.25
2025-07-04,BIER02,26.0
2025-07-04,BROOD01,221.0
2025-07-04,BROOD02,20.0
2025-07-04,FRIS01,21.0
2025-07-04,FRIS02,25.0
2025-07-04,FRIS03,5.0
2025-07-04,KOF01,0.457
2025-07-04,VLEES01,20.0
2025-07-04,WIJN01,4.5
2025-07-04,WIJN02,5.55
2025-07-04,WIJN03,1.8
2025-07-04,ZUI01,4.5
2025-07-05,AARD01,14.98
2025-07-05,BIER01,36.75
2025-07-05,BIER02,41.0
2025-07-05,BROOD01,266.0
2025-07-05,BROOD02,35.0
2025-07-05,FRIS01,26.0
2025-07-05,FRIS02,22.0
2025-07-05,FRIS03,4.5
2025-07-05,KOF01,0.368
2025-07-05,VLEES01,35.0
2025-07-05,WIJN01,7.95
2025-07-05,WIJN02,6.6
2025-07-05,WIJN03,3.0
2025-07-05,ZUI01,2.85
2025-07-06,AARD01,9.24
2025-07-06,BIER01,16.25
2025-07-06,BIER02,14.0
2025-07-06,BROOD01,199.0
2025-07-06,BROOD02,27.0
2025-07-06,FRIS01,23.0
2025-07-06,FRIS02,30.0
2025-07-06,FRIS03,4.25
2025-07-06,KOF01,0.518
2025-07-06,VLEES01,27.0
2025-07-06,WIJN01,3.75
2025-07-06,WIJN02,2.7
2025-07-06,WIJN03,1.35
2025-07-06,ZUI01,5.4
2025-07-07,AARD01,7.0
2025-07-07,BIER01,11.25
2025-07-07,BIER02,12.0
2025-07-07,BROOD01,71.0
2025-07-07,BROOD02,26.0
2025-07-07,FRIS01,18.0
2025-07-07,FRIS02,10.0
2025-07-07,FRIS03,3.75
2025-07-07,KOF01,0.27
2025-07-07,VLEES01,26.0
2025-07-07,WIJN01,2.1
2025-07-07,WIJN02,1.95
2025-07-07,WIJN03,0.3
2025-07-07,ZUI01,3.15
2025-07-08,AARD01,7.84
2025-07-08,BIER01,14.25
2025-07-08,BIER02,5.0
2025-07-08,BROOD01,205.0
2025-07-08,BROOD02,20.0
2025-07-08,FRIS01,20.0
2025-07-08,FRIS02,18.0
2025-07-08,FRIS03,4.25
2025-07-08,KOF01,0.345
2025-07-08,VLEES01,20.0
2025-07-08,WIJN01,2.55
2025-07-08,WIJN02,2.55
2025-07-08,WIJN03,1.2
2025-07-08,ZUI01,3.75
2025-07-09,AARD01,11.34
2025-07-09,BIER01,18.25
2025-07-09,BIER02,12.0
2025-07-09,BROOD01,224.0
2025-07-09,BROOD02,25.0
2025-07-09,FRIS01,18.0
2025-07-09,FRIS02,33.0
2025-07-09,FRIS03,4.5
2025-07-09,KOF01,0.382
2025-07-09,VLEES01,25.0
2025-07-09,WIJN01,2.85
2025-07-09,WIJN02,2.4
2025-07-09,WIJN03,1.65
2025-07-09,ZUI01,3.9
2025-07-10,AARD01,13.44
2025-07-10,BIER01,21.25
2025-07-10,BIER02,11.0
2025-07-10,BROOD01,270.0
2025-07-10,BROOD02,28.0
2025-07-10,FRIS01,27.0
2025-07-10,FRIS02,26.0
2025-07-10,FRIS03,8.0
2025-07-10,KOF01,0.48
2025-07-10,VLEES01,28.0
2025-07-10,WIJN01,5.1
2025-07-10,WIJN02,2.55
2025-07-10,WIJN03,1.5
2025-07-10,ZUI01,4.8
2025-07-11,AARD01,19.46
2025-07-11,BIER01,57.0
2025-07-11,BIER02,52.0
2025-07-11,BROOD01,203.0
2025-07-11,BROOD02,37.0
2025-07-11,FRIS01,56.0
2025-07-11,FRIS02,42.0
2025-07-11,FRIS03,8.5
2025-07-11,KOF01,0.48
2025-07-11,VLEES01,37.0
2025-07-11,WIJN01,9.0
2025-07-11,WIJN02,7.2
2025-07-11,WIJN03,2.4
2025-07-11,ZUI01,5.1
2025-07-12,AARD01,18.34
2025-07-12,BIER01,56.25
2025-07-12,BIER02,57.0
2025-07-12,BROOD01,304.0
2025-07-12,BROOD02,49.0
2025-07-12,FRIS01,45.0
2025-07-12,FRIS02,48.0
2025-07-12,FRIS03,9.75
2025-07-12,KOF01,0.69
2025-07-12,VLEES01,49.0
2025-07-12,WIJN01,6.3
2025-07-12,WIJN02,8.85
2025-07-12,WIJN03,4.8
2025-07-12,ZUI01,8.55
2025-07-13,AARD01,13.02
2025-07-13,BIER01,24.5
2025-07-13,BIER02,10.0
2025-07-13,BROOD01,350.0
2025-07-13,BROOD02,28.0
2025-07-13,FRIS01,38.0
2025-07-13,FRIS02,38.0
2025-07-13,FRIS03,9.25
2025-07-13,KOF01,0.735
2025-07-13,VLEES01,28.0
2025-07-13,WIJN01,3.75
2025-07-13,WIJN02,2.85
2025-07-13,WIJN03,1.95
2025-07-13,ZUI01,6.45
2025-07-14,AARD01,6.02
2025-07-14,BIER01,10.5
2025-07-14,BIER02,10.0
2025-07-14,BROOD01,114.0
2025-07-14,BROOD02,19.0
2025-07-14,FRIS01,20.0
2025-07-14,FRIS02,16.0
2025-07-14,FRIS03,6.5
2025-07-14,KOF01,0.165
2025-07-14,VLEES01,19.0
2025-07-14,WIJN01,1.95
2025-07-14,WIJN02,1.8
2025-07-14,WIJN03,0.6
2025-07-14,ZUI01,1.05
2025-07-15,AARD01,9.1
2025-07-15,BIER01,16.0
2025-07-15,BIER02,10.0
2025-07-15,BROOD01,164.0
2025-07-15,BROOD02,21.0
2025-07-15,FRIS01,27.0
2025-07-15,FRIS02,27.0
2025-07-15,FRIS03,5.75
2025-07-15,KOF01,0.435
2025-07-15,VLEES01,21.0
2025-07-15,WIJN01,2.7
2025-07-15,WIJN02,3.6
2025-07-15,WIJN03,1.65
2025-07-15,ZUI01,5.55
2025-07-16,AARD01,11.76
2025-07-16,BIER01,16.75
2025-07-16,BIER02,13.0
2025-07-16,BROOD01,120.0
2025-07-16,BROOD02,27.0
2025-07-16,FRIS01,17.0
2025-07-16,FRIS02,28.0
2025-07-16,FRIS03,3.25
2025-07-16,KOF01,0.3
2025-07-16,VLEES01,27.0
2025-07-16,WIJN01,2.25
2025-07-16,WIJN02,2.55
2025-07-16,WIJN03,1.65
2025-07-16,ZUI01,2.55
2025-07-17,AARD01,10.92
2025-07-17,BIER01,21.5
2025-07-17,BIER02,20.0
2025-07-17,BROOD01,224.0
2025-07-17,BROOD02,31.0
2025-07-17,FRIS01,22.0
2025-07-17,FRIS02,41.0
2025-07-17,FRIS03,7.5
2025-07-17,KOF01,0.36
2025-07-17,VLEES01,31.0
2025-07-17,WIJN01,2.1
2025-07-17,WIJN02,3.15
2025-07-17,WIJN03,1.35
2025-07-17,ZUI01,2.25
2025-07-18,AARD01,19.04
2025-07-18,BIER01,38.5
2025-07-18,BIER02,40.0
2025-07-18,BROOD01,246.0
2025-07-18,BROOD02,50.0
2025-07-18,FRIS01,46.0
2025-07-18,FRIS02,41.0
2025-07-18,FRIS03,7.0
2025-07-18,KOF01,0.488
2025-07-18,VLEES01,50.0
2025-07-18,WIJN01,7.05
2025-07-18,WIJN02,7.35
2025-07-18,WIJN03,3.75
2025-07-18,ZUI01,4.8
2025-07-19,AARD01,17.64
2025-07-19,BIER01,45.75
2025-07-19,BIER02,36.0
2025-07-19,BROOD01,227.0
2025-07-19,BROOD02,52.0
2025-07-19,FRIS01,50.0
2025-07-19,FRIS02,46.0
2025-07-19,FRIS03,5.5
2025-07-19,KOF01,0.668
2025-07-19,VLEES01,52.0
2025-07-19,WIJN01,5.25
2025-07-19,WIJN02,5.1
2025-07-19,WIJN03,2.1
2025-07-19,ZUI01,5.55
2025-07-20,AARD01,8.4
2025-07-20,BIER01,21.75
2025-07-20,BIER02,16.0
2025-07-20,BROOD01,188.0
2025-07-20,BROOD02,26.0
2025-07-20,FRIS01,24.0
2025-07-20,FRIS02,26.0
2025-07-20,FRIS03,4.0
2025-07-20,KOF01,0.368
2025-07-20,VLEES01,26.0
2025-07-20,WIJN01,2.7
2025-07-20,WIJN02,1.95
2025-07-20,WIJN03,1.2
2025-07-20,ZUI01,4.2
2025-07-21,AARD01,5.04
2025-07-21,BIER01,6.5
2025-07-21,BIER02,11.0
2025-07-21,BROOD01,151.0
2025-07-21,BROOD02,13.0
2025-07-21,FRIS01,19.0
2025-07-21,FRIS02,14.0
2025-07-21,FRIS03,3.25
2025-07-21,KOF01,0.225
2025-07-21,VLEES01,13.0
2025-07-21,WIJN01,1.95
2025-07-21,WIJN02,1.8
2025-07-21,WIJN03,0.45
2025-07-21,ZUI01,2.4
2025-07-22,AARD01,10.5
2025-07-22,BIER01,16.5
2025-07-22,BIER02,17.0
2025-07-22,BROOD01,238.0
2025-07-22,BROOD02,29.0
2025-07-22,FRIS01,20.0
2025-07-22,FRIS02,26.0
2025-07-22,FRIS03,4.75
2025-07-22,KOF01,0.3
2025-07-22,VLEES01,29.0
2025-07-22,WIJN01,4.05
2025-07-22,WIJN02,2.85
2025-07-22,WIJN03,1.05
2025-07-22,ZUI01,2.85
2025-07-23,AARD01,11.76
2025-07-23,BIER01,16.25
2025-07-23,BIER02,7.0
2025-07-23,BROOD01,196.0
2025-07-23,BROOD02,25.0
2025-07-23,FRIS01,34.0
2025-07-23,FRIS02,24.0
2025-07-23,FRIS03,6.0
2025-07-23,KOF01,0.592
2025-07-23,VLEES01,25.0
2025-07-23,WIJN01,3.9
2025-07-23,WIJN02,2.7
2025-07-23,WIJN03,1.2
2025-07-23,ZUI01,5.55
2025-07-24,AARD01,13.16
2025-07-24,BIER01,13.75
2025-07-24,BIER02,16.0
2025-07-24,BROOD01,187.0
2025-07-24,BROOD02,35.0
2025-07-24,FRIS01,21.0
2025-07-24,FRIS02,29.0
2025-07-24,FRIS03,6.75
2025-07-24,KOF01,0.42
2025-07-24,VLEES01,35.0
2025-07-24,WIJN01,4.95
2025-07-24,WIJN02,3.3
2025-07-24,WIJN03,1.35
2025-07-24,ZUI01,3.45
2025-07-25,AARD01,18.34
2025-07-25,BIER01,46.0
2025-07-25,BIER02,37.0
2025-07-25,BROOD01,331.0
2025-07-25,BROOD02,54.0
2025-07-25,FRIS01,67.0
2025-07-25,FRIS02,59.0
2025-07-25,FRIS03,6.75
2025-07-25,KOF01,0.795
2025-07-25,VLEES01,54.0
2025-07-25,WIJN01,7.05
2025-07-25,WIJN02,10.65
2025-07-25,WIJN03,3.15
2025-07-25,ZUI01,8.25
2025-07-26,AARD01,16.66
2025-07-26,BIER01,53.0
2025-07-26,BIER02,35.0
2025-07-26,BROOD01,147.0
2025-07-26,BROOD02,37.0
2025-07-26,FRIS01,40.0
2025-07-26,FRIS02,39.0
2025-07-26,FRIS03,7.25
2025-07-26,KOF01,0.48
2025-07-26,VLEES01,37.0
2025-07-26,WIJN01,5.25
2025-07-26,WIJN02,8.25
2025-07-26,WIJN03,2.85
2025-07-26,ZUI01,4.95
2025-07-27,AARD01,17.08
2025-07-27,BIER01,22.5
2025-07-27,BIER02,23.0
2025-07-27,BROOD01,345.0
2025-07-27,BROOD02,48.0
2025-07-27,FRIS01,37.0
2025-07-27,FRIS02,40.0
2025-07-27,FRIS03,9.25
2025-07-27,KOF01,0.878
2025-07-27,VLEES01,48.0
2025-07-27,WIJN01,7.2
2025-07-27,WIJN02,3.6
2025-07-27,WIJN03,2.85
2025-07-27,ZUI01,10.5
2025-07-28,AARD01,7.84
2025-07-28,BIER01,14.75
2025-07-28,BIER02,6.0
2025-07-28,BROOD01,140.0
2025-07-28,BROOD02,18.0
2025-07-28,FRIS01,12.0
2025-07-28,FRIS02,13.0
2025-07-28,FRIS03,3.25
2025-07-28,KOF01,0.195
2025-07-28,VLEES01,18.0
2025-07-28,WIJN01,2.85
2025-07-28,WIJN02,2.4
2025-07-28,WIJN03,0.6
2025-07-28,ZUI01,2.1
2025-07-29,AARD01,7.14
2025-07-29,BIER01,16.25
2025-07-29,BIER02,17.0
2025-07-29,BROOD01,200.0
2025-07-29,BROOD02,29.0
2025-07-29,FRIS01,13.0
2025-07-29,FRIS02,12.0
2025-07-29,FRIS03,3.75
2025-07-29,KOF01,0.262
2025-07-29,VLEES01,29.0
2025-07-29,WIJN01,3.75
2025-07-29,WIJN02,1.5
2025-07-29,WIJN03,0.45
2025-07-29,ZUI01,2.7
2025-07-30,AARD01,7.98
2025-07-30,BIER01,16.25
2025-07-30,BIER02,18.0
2025-07-30,BROOD01,250.0
2025-07-30,BROOD02,23.0
2025-07-30,FRIS01,21.0
2025-07-30,FRIS02,26.0
2025-07-30,FRIS03,8.0
2025-07-30,KOF01,0.532
2025-07-30,VLEES01,23.0
2025-07-30,WIJN01,3.15
2025-07-30,WIJN02,2.1
2025-07-30,WIJN03,1.95
2025-07-30,ZUI01,4.95
2025-07-31,AARD01,18.62
2025-07-31,BIER01,22.75
2025-07-31,BIER02,14.0
2025-07-31,BROOD01,224.0
2025-07-31,BROOD02,43.0
2025-07-31,FRIS01,29.0
2025-07-31,FRIS02,42.0
2025-07-31,FRIS03,5.75
2025-07-31,KOF01,0.555
2025-07-31,VLEES01,43.0
2025-07-31,WIJN01,4.05
2025-07-31,WIJN02,4.2
2025-07-31,WIJN03,1.2
2025-07-31,ZUI01,5.4
2025-08-01,AARD01,13.72
2025-08-01,BIER01,42.5
2025-08-01,BIER02,46.0
2025-08-01,BROOD01,306.0
2025-08-01,BROOD02,30.0
2025-08-01,FRIS01,42.0
2025-08-01,FRIS02,36.0
2025-08-01,FRIS03,8.0
2025-08-01,KOF01,0.652
2025-08-01,VLEES01,30.0
2025-08-01,WIJN01,6.6
2025-08-01,WIJN02,7.05
2025-08-01,WIJN03,3.75
2025-08-01,ZUI01,6.0
2025-08-02,AARD01,10.92
2025-08-02,BIER01,41.25
2025-08-02,BIER02,38.0
2025-08-02,BROOD01,238.0
2025-08-02,BROOD02,32.0
2025-08-02,FRIS01,40.0
2025-08-02,FRIS02,38.0
2025-08-02,FRIS03,10.25
2025-08-02,KOF01,0.39
2025-08-02,VLEES01,32.0
2025-08-02,WIJN01,7.65
2025-08-02,WIJN02,4.5
2025-08-02,WIJN03,1.65
2025-08-02,ZUI01,4.2
2025-08-03,AARD01,10.78
2025-08-03,BIER01,24.25
2025-08-03,BIER02,16.0
2025-08-03,BROOD01,270.0
2025-08-03,BROOD02,29.0
2025-08-03,FRIS01,23.0
2025-08-03,FRIS02,27.0
2025-08-03,FRIS03,7.75
2025-08-03,KOF01,0.6
2025-08-03,VLEES01,29.0
2025-08-03,WIJN01,3.45
2025-08-03,WIJN02,5.25
2025-08-03,WIJN03,0.45
2025-08-03,ZUI01,4.95
2025-08-04,AARD01,8.4
2025-08-04,BIER01,16.5
2025-08-04,BIER02,12.0
2025-08-04,BROOD01,144.0
2025-08-04,BROOD02,19.0
2025-08-04,FRIS01,18.0
2025-08-04,FRIS02,13.0
2025-08-04,FRIS03,3.75
2025-08-04,KOF01,0.285
2025-08-04,VLEES01,19.0
2025-08-04,WIJN01,2.25
2025-08-04,WIJN02,2.7
2025-08-04,WIJN03,0.6
2025-08-04,ZUI01,3.0
2025-08-05,AARD01,9.8
2025-08-05,BIER01,13.75
2025-08-05,BIER02,16.0
2025-08-05,BROOD01,149.0
2025-08-05,BROOD02,28.0
2025-08-05,FRIS01,29.0
2025-08-05,FRIS02,21.0
2025-08-05,FRIS03,3.75
2025-08-05,KOF01,0.345
2025-08-05,VLEES01,28.0
2025-08-05,WIJN01,2.7
2025-08-05,WIJN02,1.95
2025-08-05,WIJN03,1.05
2025-08-05,ZUI01,3.9
2025-08-06,AARD01,6.72
2025-08-06,BIER01,14.75
2025-08-06,BIER02,7.0
2025-08-06,BROOD01,170.0
2025-08-06,BROOD02,15.0
2025-08-06,FRIS01,15.0
2025-08-06,FRIS02,16.0
2025-08-06,FRIS03,3.25
2025-08-06,KOF01,0.337
2025-08-06,VLEES01,15.0
2025-08-06,WIJN01,1.95
2025-08-06,WIJN02,1.65
2025-08-06,WIJN03,0.15
2025-08-06,ZUI01,3.6
2025-08-07,AARD01,9.24
2025-08-07,BIER01,22.5
2025-08-07,BIER02,20.0
2025-08-07,BROOD01,200.0
2025-08-07,BROOD02,23.0
2025-08-07,FRIS01,16.0
2025-08-07,FRIS02,25.0
2025-08-07,FRIS03,6.5
2025-08-07,KOF01,0.412
2025-08-07,VLEES01,23.0
2025-08-07,WIJN01,2.7
2025-08-07,WIJN02,2.4
2025-08-07,WIJN03,0.9
2025-08-07,ZUI01,4.35
2025-08-08,AARD01,14.28
2025-08-08,BIER01,54.5
2025-08-08,BIER02,44.0
2025-08-08,BROOD01,276.0
2025-08-08,BROOD02,37.0
2025-08-08,FRIS01,28.0
2025-08-08,FRIS02,45.0
2025-08-08,FRIS03,9.0
2025-08-08,KOF01,0.578
2025-08-08,VLEES01,37.0
2025-08-08,WIJN01,8.55
2025-08-08,WIJN02,6.15
2025-08-08,WIJN03,5.1
2025-08-08,ZUI01,6.0
2025-08-09,AARD01,17.36
2025-08-09,BIER01,39.5
2025-08-09,BIER02,41.0
2025-08-09,BROOD01,214.0
2025-08-09,BROOD02,45.0
2025-08-09,FRIS01,43.0
2025-08-09,FRIS02,37.0
2025-08-09,FRIS03,7.0
2025-08-09,KOF01,0.48
2025-08-09,VLEES01,45.0
2025-08-09,WIJN01,7.5
2025-08-09,WIJN02,5.55
2025-08-09,WIJN03,2.7
2025-08-09,ZUI01,3.6
2025-08-10,AARD01,11.62
2025-08-10,BIER01,17.25
2025-08-10,BIER02,24.0
2025-08-10,BROOD01,260.0
2025-08-10,BROOD02,36.0
2025-08-10,FRIS01,32.0
2025-08-10,FRIS02,20.0
2025-08-10,FRIS03,7.0
2025-08-10,KOF01,0.54
2025-08-10,VLEES01,36.0
2025-08-10,WIJN01,3.75
2025-08-10,WIJN02,1.8
2025-08-10,WIJN03,2.25
2025-08-10,ZUI01,4.8
2025-08-11,AARD01,4.9
2025-08-11,BIER01,9.5
2025-08-11,BIER02,8.0
2025-08-11,BROOD01,130.0
2025-08-11,BROOD02,16.0
2025-08-11,FRIS01,15.0
2025-08-11,FRIS02,9.0
2025-08-11,FRIS03,1.75
2025-08-11,KOF01,0.21
2025-08-11,VLEES01,16.0
2025-08-11,WIJN01,1.95
2025-08-11,WIJN02,1.8
2025-08-11,WIJN03,1.35
2025-08-11,ZUI01,1.95
2025-08-12,AARD01,7.14
2025-08-12,BIER01,19.25
2025-08-12,BIER02,9.0
2025-08-12,BROOD01,183.0
2025-08-12,BROOD02,16.0
2025-08-12,FRIS01,20.0
2025-08-12,FRIS02,27.0
2025-08-12,FRIS03,3.25
2025-08-12,KOF01,0.255
2025-08-12,VLEES01,16.0
2025-08-12,WIJN01,3.3
2025-08-12,WIJN02,2.4
2025-08-12,WIJN03,1.35
2025-08-12,ZUI01,3.0
2025-08-13,AARD01,10.78
2025-08-13,BIER01,14.25
2025-08-13,BIER02,14.0
2025-08-13,BROOD01,149.0
2025-08-13,BROOD02,25.0
2025-08-13,FRIS01,22.0
2025-08-13,FRIS02,21.0
2025-08-13,FRIS03,5.0
2025-08-13,KOF01,0.24
2025-08-13,VLEES01,25.0
2025-08-13,WIJN01,4.5
2025-08-13,WIJN02,2.4
2025-08-13,WIJN03,0.9
2025-08-13,ZUI01,2.7
2025-08-14,AARD01,10.36
2025-08-14,BIER01,19.5
2025-08-14,BIER02,20.0
2025-08-14,BROOD01,190.0
2025-08-14,BROOD02,26.0
2025-08-14,FRIS01,27.0
2025-08-14,FRIS02,18.0
2025-08-14,FRIS03,5.75
2025-08-14,KOF01,0.42
2025-08-14,VLEES01,26.0
2025-08-14,WIJN01,3.0
2025-08-14,WIJN02,2.1
2025-08-14,WIJN03,1.2
2025-08-14,ZUI01,3.75
2025-08-15,AARD01,10.08
2025-08-15,BIER01,23.0
2025-08-15,BIER02,23.0
2025-08-15,BROOD01,153.0
2025-08-15,BROOD02,25.0
2025-08-15,FRIS01,35.0
2025-08-15,FRIS02,17.0
2025-08-15,FRIS03,4.75
2025-08-15,KOF01,0.457
2025-08-15,VLEES01,25.0
2025-08-15,WIJN01,6.3
2025-08-15,WIJN02,2.85
2025-08-15,WIJN03,3.6
2025-08-15,ZUI01,4.35
2025-08-16,AARD01,17.22
2025-08-16,BIER01,29.25
2025-08-16,BIER02,32.0
2025-08-16,BROOD01,188.0
2025-08-16,BROOD02,47.0
2025-08-16,FRIS01,51.0
2025-08-16,FRIS02,36.0
2025-08-16,FRIS03,4.75
2025-08-16,KOF01,0.48
2025-08-16,VLEES01,47.0
2025-08-16,WIJN01,7.5
2025-08-16,WIJN02,5.55
2025-08-16,WIJN03,3.15
2025-08-16,ZUI01,5.25
2025-08-17,AARD01,9.94
2025-08-17,BIER01,15.0
2025-08-17,BIER02,19.0
2025-08-17,BROOD01,214.0
2025-08-17,BROOD02,27.0
2025-08-17,FRIS01,15.0
2025-08-17,FRIS02,11.0
2025-08-17,FRIS03,2.5
2025-08-17,KOF01,0.308
2025-08-17,VLEES01,27.0
2025-08-17,WIJN01,3.6
2025-08-17,WIJN02,2.1
2025-08-17,WIJN03,0.9
2025-08-17,ZUI01,3.3
2025-08-18,AARD01,7.0
2025-08-18,BIER01,12.75
2025-08-18,BIER02,3.0
2025-08-18,BROOD01,132.0
2025-08-18,BROOD02,20.0
2025-08-18,FRIS01,13.0
2025-08-18,FRIS02,21.0
2025-08-18,FRIS03,3.75
2025-08-18,KOF01,0.277
2025-08-18,VLEES01,20.0
2025-08-18,WIJN01,1.8
2025-08-18,WIJN02,1.2
2025-08-18,WIJN03,1.2
2025-08-18,ZUI01,2.1
2025-08-19,AARD01,6.3
2025-08-19,BIER01,15.75
2025-08-19,BIER02,9.0
2025-08-19,BROOD01,123.0
2025-08-19,BROOD02,13.0
2025-08-19,FRIS01,17.0
2025-08-19,FRIS02,26.0
2025-08-19,FRIS03,2.25
2025-08-19,KOF01,0.262
2025-08-19,VLEES01,13.0
2025-08-19,WIJN01,1.65
2025-08-19,WIJN02,1.35
2025-08-19,WIJN03,0.15
2025-08-19,ZUI01,2.7
2025-08-20,AARD01,7.0
2025-08-20,BIER01,18.5
2025-08-20,BIER02,11.0
2025-08-20,BROOD01,159.0
2025-08-20,BROOD02,10.0
2025-08-20,FRIS01,22.0
2025-08-20,FRIS02,18.0
2025-08-20,FRIS03,3.25
2025-08-20,KOF01,0.285
2025-08-20,VLEES01,10.0
2025-08-20,WIJN01,3.3
2025-08-20,WIJN02,2.1
2025-08-20,WIJN03,0.6
2025-08-20,ZUI01,2.25
2025-08-21,AARD01,6.86
2025-08-21,BIER01,10.25
2025-08-21,BIER02,16.0
2025-08-21,BROOD01,150.0
2025-08-21,BROOD02,13.0
2025-08-21,FRIS01,20.0
2025-08-21,FRIS02,24.0
2025-08-21,FRIS03,4.25
2025-08-21,KOF01,0.457
2025-08-21,VLEES01,13.0
2025-08-21,WIJN01,2.4
2025-08-21,WIJN02,2.25
2025-08-21,WIJN03,1.65
2025-08-21,ZUI01,4.65
2025-08-22,AARD01,19.18
2025-08-22,BIER01,36.0
2025-08-22,BIER02,22.0
2025-08-22,BROOD01,223.0
2025-08-22,BROOD02,50.0
2025-08-22,FRIS01,45.0
2025-08-22,FRIS02,38.0
2025-08-22,FRIS03,5.25
2025-08-22,KOF01,0.457
2025-08-22,VLEES01,50.0
2025-08-22,WIJN01,6.15
2025-08-22,WIJN02,4.5
2025-08-22,WIJN03,2.85
2025-08-22,ZUI01,3.6
2025-08-23,AARD01,10.64
2025-08-23,BIER01,21.25
2025-08-23,BIER02,26.0
2025-08-23,BROOD01,150.0
2025-08-23,BROOD02,31.0
2025-08-23,FRIS01,25.0
2025-08-23,FRIS02,25.0
2025-08-23,FRIS03,1.75
2025-08-23,KOF01,0.352
2025-08-23,VLEES01,31.0
2025-08-23,WIJN01,5.4
2025-08-23,WIJN02,6.3
2025-08-23,WIJN03,1.95
2025-08-23,ZUI01,3.0
2025-08-24,AARD01,5.46
2025-08-24,BIER01,13.25
2025-08-24,BIER02,13.0
2025-08-24,BROOD01,212.0
2025-08-24,BROOD02,10.0
2025-08-24,FRIS01,25.0
2025-08-24,FRIS02,25.0
2025-08-24,FRIS03,8.0
2025-08-24,KOF01,0.45
2025-08-24,VLEES01,10.0
2025-08-24,WIJN01,2.4
2025-08-24,WIJN02,3.6
2025-08-24,WIJN03,1.8
2025-08-24,ZUI01,5.1
2025-08-25,AARD01,3.92
2025-08-25,BIER01,13.0
2025-08-25,BIER02,5.0
2025-08-25,BROOD01,115.0
2025-08-25,BROOD02,11.0
2025-08-25,FRIS01,6.0
2025-08-25,FRIS02,20.0
2025-08-25,FRIS03,5.0
2025-08-25,KOF01,0.21
2025-08-25,VLEES01,11.0
2025-08-25,WIJN01,1.5
2025-08-25,WIJN02,2.55
2025-08-25,WIJN03,0.15
2025-08-25,ZUI01,2.7
2025-08-26,AARD01,9.38
2025-08-26,BIER01,13.25
2025-08-26,BIER02,12.0
2025-08-26,BROOD01,141.0
2025-08-26,BROOD02,24.0
2025-08-26,FRIS01,13.0
2025-08-26,FRIS02,24.0
2025-08-26,FRIS03,4.0
2025-08-26,KOF01,0.285
2025-08-26,VLEES01,24.0
2025-08-26,WIJN01,3.6
2025-08-26,WIJN02,3.0
2025-08-26,WIJN03,0.45
2025-08-26,ZUI01,2.1
2025-08-27,AARD01,8.82
2025-08-27,BIER01,18.5
2025-08-27,BIER02,22.0
2025-08-27,BROOD01,181.0
2025-08-27,BROOD02,22.0
2025-08-27,FRIS01,22.0
2025-08-27,FRIS02,22.0
2025-08-27,FRIS03,7.25
2025-08-27,KOF01,0.405
2025-08-27,VLEES01,22.0
2025-08-27,WIJN01,3.6
2025-08-27,WIJN02,3.75
2025-08-27,WIJN03,2.25
2025-08-27,ZUI01,3.9
2025-08-28,AARD01,10.92
2025-08-28,BIER01,16.75
2025-08-28,BIER02,22.0
2025-08-28,BROOD01,173.0
2025-08-28,BROOD02,31.0
2025-08-28,FRIS01,28.0
2025-08-28,FRIS02,16.0
2025-08-28,FRIS03,6.5
2025-08-28,KOF01,0.225
2025-08-28,VLEES01,31.0
2025-08-28,WIJN01,3.6
2025-08-28,WIJN02,3.6
2025-08-28,WIJN03,2.85
2025-08-28,ZUI01,2.25
2025-08-29,AARD01,15.82
2025-08-29,BIER01,33.5
2025-08-29,BIER02,37.0
2025-08-29,BROOD01,258.0
2025-08-29,BROOD02,43.0
2025-08-29,FRIS01,39.0
2025-08-29,FRIS02,43.0
2025-08-29,FRIS03,7.5
2025-08-29,KOF01,0.435
2025-08-29,VLEES01,43.0
2025-08-29,WIJN01,7.05
2025-08-29,WIJN02,4.95
2025-08-29,WIJN03,2.25
2025-08-29,ZUI01,3.45
2025-08-30,AARD01,13.02
2025-08-30,BIER01,29.25
2025-08-30,BIER02,33.0
2025-08-30,BROOD01,142.0
2025-08-30,BROOD02,28.0
2025-08-30,FRIS01,19.0
2025-08-30,FRIS02,27.0
2025-08-30,FRIS03,6.25
2025-08-30,KOF01,0.262
2025-08-30,VLEES01,28.0
2025-08-30,WIJN01,6.0
2025-08-30,WIJN02,5.25
2025-08-30,WIJN03,3.0
2025-08-30,ZUI01,1.95
2025-08-31,AARD01,8.68
2025-08-31,BIER01,20.75
2025-08-31,BIER02,18.0
2025-08-31,BROOD01,230.0
2025-08-31,BROOD02,14.0
2025-08-31,FRIS01,28.0
2025-08-31,FRIS02,25.0
2025-08-31,FRIS03,5.75
2025-08-31,KOF01,0.465
2025-08-31,VLEES01,14.0
2025-08-31,WIJN01,3.3
2025-08-31,WIJN02,1.8
2025-08-31,WIJN03,1.05
2025-08-31,ZUI01,4.65
2025-09-01,AARD01,6.44
2025-09-01,BIER01,10.75
2025-09-01,BIER02,4.0
2025-09-01,BROOD01,105.0
2025-09-01,BROOD02,18.0
2025-09-01,FRIS01,17.0
2025-09-01,FRIS02,10.0
2025-09-01,FRIS03,4.5
2025-09-01,KOF01,0.195
2025-09-01,VLEES01,18.0
2025-09-01,WIJN01,1.65
2025-09-01,WIJN02,2.1
2025-09-01,WIJN03,0.45
2025-09-01,ZUI01,1.8
2025-09-02,AARD01,9.52
2025-09-02,BIER01,18.25
2025-09-02,BIER02,16.0
2025-09-02,BROOD01,134.0
2025-09-02,BROOD02,28.0
2025-09-02,FRIS01,8.0
2025-09-02,FRIS02,9.0
2025-09-02,FRIS03,2.25
2025-09-02,KOF01,0.225
2025-09-02,VLEES01,28.0
2025-09-02,WIJN01,2.85
2025-09-02,WIJN02,2.55
2025-09-02,WIJN03,0.75
2025-09-02,ZUI01,2.55
2025-09-03,AARD01,7.28
2025-09-03,BIER01,6.5
2025-09-03,BIER02,4.0
2025-09-03,BROOD01,142.0
2025-09-03,BROOD02,23.0
2025-09-03,FRIS01,13.0
2025-09-03,FRIS02,16.0
2025-09-03,FRIS03,3.75
2025-09-03,KOF01,0.308
2025-09-03,VLEES01,23.0
2025-09-03,WIJN01,1.65
2025-09-03,WIJN02,1.95
2025-09-03,WIJN03,0.9
2025-09-03,ZUI01,3.15
2025-09-04,AARD01,7.7
2025-09-04,BIER01,15.5
2025-09-04,BIER02,6.0
2025-09-04,BROOD01,158.0
2025-09-04,BROOD02,20.0
2025-09-04,FRIS01,13.0
2025-09-04,FRIS02,22.0
2025-09-04,FRIS03,6.0
2025-09-04,KOF01,0.36
2025-09-04,VLEES01,20.0
2025-09-04,WIJN01,2.1
2025-09-04,WIJN02,1.65
2025-09-04,WIJN03,1.05
2025-09-04,ZUI01,3.3
2025-09-05,AARD01,18.48
2025-09-05,BIER01,39.25
2025-09-05,BIER02,26.0
2025-09-05,BROOD01,202.0
2025-09-05,BROOD02,51.0
2025-09-05,FRIS01,35.0
2025-09-05,FRIS02,42.0
2025-09-05,FRIS03,7.0
2025-09-05,KOF01,0.532
2025-09-05,VLEES01,51.0
2025-09-05,WIJN01,4.65
2025-09-05,WIJN02,4.2
2025-09-05,WIJN03,3.3
2025-09-05,ZUI01,6.45
2025-09-06,AARD01,9.66
2025-09-06,BIER01,27.75
2025-09-06,BIER02,34.0
2025-09-06,BROOD01,175.0
2025-09-06,BROOD02,23.0
2025-09-06,FRIS01,19.0
2025-09-06,FRIS02,24.0
2025-09-06,FRIS03,7.25
2025-09-06,KOF01,0.397
2025-09-06,VLEES01,23.0
2025-09-06,WIJN01,5.85
2025-09-06,WIJN02,3.6
2025-09-06,WIJN03,2.85
2025-09-06,ZUI01,3.6
2025-09-07,AARD01,8.54
2025-09-07,BIER01,15.75
2025-09-07,BIER02,23.0
2025-09-07,BROOD01,222.0
2025-09-07,BROOD02,14.0
2025-09-07,FRIS01,29.0
2025-09-07,FRIS02,24.0
2025-09-07,FRIS03,5.5
2025-09-07,KOF01,0.457
2025-09-07,VLEES01,14.0
2025-09-07,WIJN01,3.6
2025-09-07,WIJN02,2.25
2025-09-07,WIJN03,0.6
2025-09-07,ZUI01,4.65
2025-09-08,AARD01,5.32
2025-09-08,BIER01,8.0
2025-09-08,BIER02,10.0
2025-09-08,BROOD01,127.0
2025-09-08,BROOD02,15.0
2025-09-08,FRIS01,10.0
2025-09-08,FRIS02,19.0
2025-09-08,FRIS03,3.25
2025-09-08,KOF01,0.24
2025-09-08,VLEES01,15.0
2025-09-08,WIJN01,2.7
2025-09-08,WIJN02,1.8
2025-09-08,WIJN03,0.45
2025-09-08,ZUI01,2.25
2025-09-09,AARD01,5.32
2025-09-09,BIER01,14.5
2025-09-09,BIER02,9.0
2025-09-09,BROOD01,176.0
2025-09-09,BROOD02,14.0
2025-09-09,FRIS01,28.0
2025-09-09,FRIS02,16.0
2025-09-09,FRIS03,5.0
2025-09-09,KOF01,0.262
2025-09-09,VLEES01,14.0
2025-09-09,WIJN01,2.1
2025-09-09,WIJN02,2.1
2025-09-09,WIJN03,0.45
2025-09-09,ZUI01,2.1
2025-09-10,AARD01,9.52
2025-09-10,BIER01,10.75
2025-09-10,BIER02,6.0
2025-09-10,BROOD01,140.0
2025-09-10,BROOD02,23.0
2025-09-10,FRIS01,17.0
2025-09-10,FRIS02,13.0
2025-09-10,FRIS03,3.25
2025-09-10,KOF01,0.285
2025-09-10,VLEES01,23.0
2025-09-10,WIJN01,1.65
2025-09-10,WIJN02,1.65
2025-09-10,WIJN03,0.45
2025-09-10,ZUI01,3.9
2025-09-11,AARD01,6.72
2025-09-11,BIER01,13.25
2025-09-11,BIER02,20.0
2025-09-11,BROOD01,124.0
2025-09-11,BROOD02,16.0
2025-09-11,FRIS01,19.0
2025-09-11,FRIS02,18.0
2025-09-11,FRIS03,2.5
2025-09-11,KOF01,0.188
2025-09-11,VLEES01,16.0
2025-09-11,WIJN01,1.8
2025-09-11,WIJN02,2.55
2025-09-11,WIJN03,0.6
2025-09-11,ZUI01,0.9
2025-09-12,AARD01,11.2
2025-09-12,BIER01,29.75
2025-09-12,BIER02,21.0
2025-09-12,BROOD01,214.0
2025-09-12,BROOD02,30.0
2025-09-12,FRIS01,22.0
2025-09-12,FRIS02,26.0
2025-09-12,FRIS03,2.0
2025-09-12,KOF01,0.397
2025-09-12,VLEES01,30.0
2025-09-12,WIJN01,6.75
2025-09-12,WIJN02,6.0
2025-09-12,WIJN03,2.25
2025-09-12,ZUI01,3.3
2025-09-13,AARD01,14.7
2025-09-13,BIER01,22.5
2025-09-13,BIER02,31.0
2025-09-13,BROOD01,229.0
2025-09-13,BROOD02,28.0
2025-09-13,FRIS01,29.0
2025-09-13,FRIS02,28.0
2025-09-13,FRIS03,5.5
2025-09-13,KOF01,0.337
2025-09-13,VLEES01,28.0
2025-09-13,WIJN01,6.9
2025-09-13,WIJN02,1.8
2025-09-13,WIJN03,2.4
2025-09-13,ZUI01,3.6
2025-09-14,AARD01,8.4
2025-09-14,BIER01,11.5
2025-09-14,BIER02,17.0
2025-09-14,BROOD01,263.0
2025-09-14,BROOD02,24.0
2025-09-14,FRIS01,20.0
2025-09-14,FRIS02,20.0
2025-09-14,FRIS03,7.75
2025-09-14,KOF01,0.615
2025-09-14,VLEES01,24.0
2025-09-14,WIJN01,1.5
2025-09-14,WIJN02,1.65
2025-09-14,WIJN03,0.75
2025-09-14,ZUI01,7.2
2025-09-15,AARD01,5.6
2025-09-15,BIER01,8.25
2025-09-15,BIER02,8.0
2025-09-15,BROOD01,135.0
2025-09-15,BROOD02,13.0
2025-09-15,FRIS01,18.0
2025-09-15,FRIS02,8.0
2025-09-15,FRIS03,3.0
2025-09-15,KOF01,0.262
2025-09-15,VLEES01,13.0
2025-09-15,WIJN01,1.95
2025-09-15,WIJN02,1.65
2025-09-15,WIJN03,0.3
2025-09-15,ZUI01,2.25
2025-09-16,AARD01,5.32
2025-09-16,BIER01,13.25
2025-09-16,BIER02,10.0
2025-09-16,BROOD01,159.0
2025-09-16,BROOD02,15.0
2025-09-16,FRIS01,10.0
2025-09-16,FRIS02,17.0
2025-09-16,FRIS03,3.0
2025-09-16,KOF01,0.255
2025-09-16,VLEES01,15.0
2025-09-16,WIJN01,2.25
2025-09-16,WIJN02,1.5
2025-09-16,WIJN03,1.35
2025-09-16,ZUI01,2.4
2025-09-17,AARD01,10.36
2025-09-17,BIER01,14.75
2025-09-17,BIER02,15.0
2025-09-17,BROOD01,152.0
2025-09-17,BROOD02,24.0
2025-09-17,FRIS01,14.0
2025-09-17,FRIS02,27.0
2025-09-17,FRIS03,4.0
2025-09-17,KOF01,0.397
2025-09-17,VLEES01,24.0
2025-09-17,WIJN01,2.1
2025-09-17,WIJN02,2.25
2025-09-17,WIJN03,0.75
2025-09-17,ZUI01,4.5
2025-09-18,AARD01,6.86
2025-09-18,BIER01,8.75
2025-09-18,BIER02,6.0
2025-09-18,BROOD01,156.0
2025-09-18,BROOD02,14.0
2025-09-18,FRIS01,21.0
2025-09-18,FRIS02,19.0
2025-09-18,FRIS03,4.75
2025-09-18,KOF01,0.315
2025-09-18,VLEES01,14.0
2025-09-18,WIJN01,1.05
2025-09-18,WIJN02,1.35
2025-09-18,WIJN03,0.3
2025-09-18,ZUI01,3.45
2025-09-19,AARD01,14.84
2025-09-19,BIER01,29.5
2025-09-19,BIER02,30.0
2025-09-19,BROOD01,219.0
2025-09-19,BROOD02,46.0
2025-09-19,FRIS01,40.0
2025-09-19,FRIS02,38.0
2025-09-19,FRIS03,7.5
2025-09-19,KOF01,0.405
2025-09-19,VLEES01,46.0
2025-09-19,WIJN01,8.4
2025-09-19,WIJN02,6.75
2025-09-19,WIJN03,2.85
2025-09-19,ZUI01,4.2
2025-09-20,AARD01,10.78
2025-09-20,BIER01,24.5
2025-09-20,BIER02,27.0
2025-09-20,BROOD01,194.0
2025-09-20,BROOD02,21.0
2025-09-20,FRIS01,23.0
2025-09-20,FRIS02,26.0
2025-09-20,FRIS03,6.25
2025-09-20,KOF01,0.428
2025-09-20,VLEES01,21.0
2025-09-20,WIJN01,3.6
2025-09-20,WIJN02,3.9
2025-09-20,WIJN03,1.65
2025-09-20,ZUI01,3.45
2025-09-21,AARD01,6.44
2025-09-21,BIER01,14.5
2025-09-21,BIER02,12.0
2025-09-21,BROOD01,173.0
2025-09-21,BROOD02,14.0
2025-09-21,FRIS01,28.0
2025-09-21,FRIS02,14.0
2025-09-21,FRIS03,5.75
2025-09-21,KOF01,0.465
2025-09-21,VLEES01,14.0
2025-09-21,WIJN01,3.0
2025-09-21,WIJN02,2.4
2025-09-21,WIJN03,0.9
2025-09-21,ZUI01,4.5
2025-09-22,AARD01,6.02
2025-09-22,BIER01,7.0
2025-09-22,BIER02,5.0
2025-09-22,BROOD01,112.0
2025-09-22,BROOD02,16.0
2025-09-22,FRIS01,12.0
2025-09-22,FRIS02,12.0
2025-09-22,FRIS03,2.0
2025-09-22,KOF01,0.27
2025-09-22,VLEES01,16.0
2025-09-22,WIJN01,1.35
2025-09-22,WIJN02,1.95
2025-09-22,WIJN03,0.9
2025-09-22,ZUI01,2.4
2025-09-23,AARD01,6.02
2025-09-23,BIER01,9.25
2025-09-23,BIER02,12.0
2025-09-23,BROOD01,106.0
2025-09-23,BROOD02,21.0
2025-09-23,FRIS01,22.0
2025-09-23,FRIS02,16.0
2025-09-23,FRIS03,2.25
2025-09-23,KOF01,0.285
2025-09-23,VLEES01,21.0
2025-09-23,WIJN01,1.2
2025-09-23,WIJN02,1.95
2025-09-23,WIJN03,0.9
2025-09-23,ZUI01,2.55
2025-09-24,AARD01,4.62
2025-09-24,BIER01,10.75
2025-09-24,BIER02,10.0
2025-09-24,BROOD01,106.0
2025-09-24,BROOD02,15.0
2025-09-24,FRIS01,16.0
2025-09-24,FRIS02,22.0
2025-09-24,FRIS03,3.75
2025-09-24,KOF01,0.24
2025-09-24,VLEES01,15.0
2025-09-24,WIJN01,2.7
2025-09-24,WIJN02,2.1
2025-09-24,WIJN03,0.75
2025-09-24,ZUI01,2.1
2025-09-25,AARD01,6.02
2025-09-25,BIER01,20.25
2025-09-25,BIER02,12.0
2025-09-25,BROOD01,121.0
2025-09-25,BROOD02,10.0
2025-09-25,FRIS01,15.0
2025-09-25,FRIS02,19.0
2025-09-25,FRIS03,4.25
2025-09-25,KOF01,0.292
2025-09-25,VLEES01,10.0
2025-09-25,WIJN01,2.55
2025-09-25,WIJN02,1.8
2025-09-25,WIJN03,0.9
2025-09-25,ZUI01,1.8
2025-09-26,AARD01,12.46
2025-09-26,BIER01,21.25
2025-09-26,BIER02,16.0
2025-09-26,BROOD01,226.0
2025-09-26,BROOD02,37.0
2025-09-26,FRIS01,28.0
2025-09-26,FRIS02,30.0
2025-09-26,FRIS03,7.0
2025-09-26,KOF01,0.442
2025-09-26,VLEES01,37.0
2025-09-26,WIJN01,3.9
2025-09-26,WIJN02,4.2
2025-09-26,WIJN03,2.1
2025-09-26,ZUI01,3.9
2025-09-27,AARD01,9.24
2025-09-27,BIER01,23.0
2025-09-27,BIER02,26.0
2025-09-27,BROOD01,198.0
2025-09-27,BROOD02,23.0
2025-09-27,FRIS01,29.0
2025-09-27,FRIS02,31.0
2025-09-27,FRIS03,5.0
2025-09-27,KOF01,0.3
2025-09-27,VLEES01,23.0
2025-09-27,WIJN01,5.85
2025-09-27,WIJN02,3.45
2025-09-27,WIJN03,1.5
2025-09-27,ZUI01,2.25
2025-09-28,AARD01,10.78
2025-09-28,BIER01,12.5
2025-09-28,BIER02,12.0
2025-09-28,BROOD01,248.0
2025-09-28,BROOD02,27.0
2025-09-28,FRIS01,24.0
2025-09-28,FRIS02,29.0
2025-09-28,FRIS03,5.5
2025-09-28,KOF01,0.472
2025-09-28,VLEES01,27.0
2025-09-28,WIJN01,5.1
2025-09-28,WIJN02,3.9
2025-09-28,WIJN03,1.8
2025-09-28,ZUI01,3.6
2025-09-29,AARD01,4.34
2025-09-29,BIER01,10.0
2025-09-29,BIER02,8.0
2025-09-29,BROOD01,111.0
2025-09-29,BROOD02,7.0
2025-09-29,FRIS01,16.0
2025-09-29,FRIS02,6.0
2025-09-29,FRIS03,2.75
2025-09-29,KOF01,0.18
2025-09-29,VLEES01,7.0
2025-09-29,WIJN01,2.85
2025-09-29,WIJN02,2.55
2025-09-29,WIJN03,1.35
2025-09-29,ZUI01,2.25
2025-09-30,AARD01,3.5
2025-09-30,BIER01,11.25
2025-09-30,BIER02,2.0
2025-09-30,BROOD01,146.0
2025-09-30,BROOD02,9.0
2025-09-30,FRIS01,11.0
2025-09-30,FRIS02,10.0
2025-09-30,FRIS03,2.75
2025-09-30,KOF01,0.218
2025-09-30,VLEES01,9.0
2025-09-30,WIJN01,1.05
2025-09-30,WIJN02,1.2
2025-09-30,WIJN03,0.15
2025-09-30,ZUI01,2.1
2025-10-01,AARD01,7.98
2025-10-01,BIER01,14.5
2025-10-01,BIER02,14.0
2025-10-01,BROOD01,133.0
2025-10-01,BROOD02,20.0
2025-10-01,FRIS01,26.0
2025-10-01,FRIS02,12.0
2025-10-01,FRIS03,3.25
2025-10-01,KOF01,0.262
2025-10-01,VLEES01,20.0
2025-10-01,WIJN01,2.85
2025-10-01,WIJN02,1.65
2025-10-01,WIJN03,1.2
2025-10-01,ZUI01,3.45
2025-10-02,AARD01,7.7
2025-10-02,BIER01,13.25
2025-10-02,BIER02,20.0
2025-10-02,BROOD01,78.0
2025-10-02,BROOD02,20.0
2025-10-02,FRIS01,11.0
2025-10-02,FRIS02,14.0
2025-10-02,FRIS03,8.5
2025-10-02,KOF01,0.202
2025-10-02,VLEES01,20.0
2025-10-02,WIJN01,1.65
2025-10-02,WIJN02,1.8
2025-10-02,WIJN03,0.9
2025-10-02,ZUI01,1.5
2025-10-03,AARD01,8.12
2025-10-03,BIER01,24.5
2025-10-03,BIER02,17.0
2025-10-03,BROOD01,71.0
2025-10-03,BROOD02,22.0
2025-10-03,FRIS01,9.0
2025-10-03,FRIS02,21.0
2025-10-03,FRIS03,2.5
2025-10-03,KOF01,0.195
2025-10-03,VLEES01,22.0
2025-10-03,WIJN01,3.3
2025-10-03,WIJN02,1.8
2025-10-03,WIJN03,0.9
2025-10-03,ZUI01,2.4
2025-10-04,AARD01,7.84
2025-10-04,BIER01,27.75
2025-10-04,BIER02,23.0
2025-10-04,BROOD01,172.0
2025-10-04,BROOD02,25.0
2025-10-04,FRIS01,25.0
2025-10-04,FRIS02,14.0
2025-10-04,FRIS03,2.5
2025-10-04,KOF01,0.292
2025-10-04,VLEES01,25.0
2025-10-04,WIJN01,5.55
2025-10-04,WIJN02,3.3
2025-10-04,WIJN03,1.95
2025-10-04,ZUI01,3.3
2025-10-05,AARD01,7.56
2025-10-05,BIER01,17.0
2025-10-05,BIER02,12.0
2025-10-05,BROOD01,209.0
2025-10-05,BROOD02,16.0
2025-10-05,FRIS01,17.0
2025-10-05,FRIS02,12.0
2025-10-05,FRIS03,6.75
2025-10-05,KOF01,0.45
2025-10-05,VLEES01,16.0
2025-10-05,WIJN01,1.95
2025-10-05,WIJN02,2.25
2025-10-05,WIJN03,1.2
2025-10-05,ZUI01,4.05
2025-10-06,AARD01,3.5
2025-10-06,BIER01,6.75
2025-10-06,BIER02,4.0
2025-10-06,BROOD01,60.0
2025-10-06,BROOD02,7.0
2025-10-06,FRIS01,18.0
2025-10-06,FRIS02,15.0
2025-10-06,FRIS03,0.75
2025-10-06,KOF01,0.225
2025-10-06,VLEES01,7.0
2025-10-06,WIJN01,1.95
2025-10-06,WIJN02,0.45
2025-10-06,WIJN03,0.6
2025-10-06,ZUI01,1.8
2025-10-07,AARD01,4.48
2025-10-07,BIER01,7.25
2025-10-07,BIER02,7.0
2025-10-07,BROOD01,110.0
2025-10-07,BROOD02,10.0
2025-10-07,FRIS01,12.0
2025-10-07,FRIS02,12.0
2025-10-07,FRIS03,2.5
2025-10-07,KOF01,0.15
2025-10-07,VLEES01,10.0
2025-10-07,WIJN01,0.6
2025-10-07,WIJN02,1.2
2025-10-07,WIJN03,0.9
2025-10-07,ZUI01,1.05
2025-10-08,AARD01,6.58
2025-10-08,BIER01,20.5
2025-10-08,BIER02,17.0
2025-10-08,BROOD01,152.0
2025-10-08,BROOD02,15.0
2025-10-08,FRIS01,15.0
2025-10-08,FRIS02,15.0
2025-10-08,FRIS03,4.0
2025-10-08,KOF01,0.315
2025-10-08,VLEES01,15.0
2025-10-08,WIJN01,2.55
2025-10-08,WIJN02,1.5
2025-10-08,WIJN03,1.65
2025-10-08,ZUI01,3.3
2025-10-09,AARD01,6.44
2025-10-09,BIER01,9.75
2025-10-09,BIER02,6.0
2025-10-09,BROOD01,123.0
2025-10-09,BROOD02,18.0
2025-10-09,FRIS01,10.0
2025-10-09,FRIS02,15.0
2025-10-09,FRIS03,4.5
2025-10-09,KOF01,0.232
2025-10-09,VLEES01,18.0
2025-10-09,WIJN01,0.6
2025-10-09,WIJN02,2.25
2025-10-09,WIJN03,0.3
2025-10-09,ZUI01,2.55
2025-10-10,AARD01,7.84
2025-10-10,BIER01,13.75
2025-10-10,BIER02,16.0
2025-10-10,BROOD01,131.0
2025-10-10,BROOD02,18.0
2025-10-10,FRIS01,18.0
2025-10-10,FRIS02,26.0
2025-10-10,FRIS03,5.75
2025-10-10,KOF01,0.352
2025-10-10,VLEES01,18.0
2025-10-10,WIJN01,2.55
2025-10-10,WIJN02,2.25
2025-10-10,WIJN03,0.9
2025-10-10,ZUI01,4.2
2025-10-11,AARD01,15.26
2025-10-11,BIER01,40.5
2025-10-11,BIER02,39.0
2025-10-11,BROOD01,192.0
2025-10-11,BROOD02,34.0
2025-10-11,FRIS01,31.0
2025-10-11,FRIS02,33.0
2025-10-11,FRIS03,7.75
2025-10-11,KOF01,0.585
2025-10-11,VLEES01,34.0
2025-10-11,WIJN01,6.75
2025-10-11,WIJN02,4.5
2025-10-11,WIJN03,2.7
2025-10-11,ZUI01,5.25
2025-10-12,AARD01,7.56
2025-10-12,BIER01,12.75
2025-10-12,BIER02,15.0
2025-10-12,BROOD01,246.0
2025-10-12,BROOD02,16.0
2025-10-12,FRIS01,19.0
2025-10-12,FRIS02,24.0
2025-10-12,FRIS03,5.5
2025-10-12,KOF01,0.405
2025-10-12,VLEES01,16.0
2025-10-12,WIJN01,4.05
2025-10-12,WIJN02,2.7
2025-10-12,WIJN03,0.75
2025-10-12,ZUI01,4.8
2025-10-13,AARD01,2.94
2025-10-13,BIER01,7.75
2025-10-13,BIER02,6.0
2025-10-13,BROOD01,77.0
2025-10-13,BROOD02,8.0
2025-10-13,FRIS01,17.0
2025-10-13,FRIS02,6.0
2025-10-13,FRIS03,3.5
2025-10-13,KOF01,0.172
2025-10-13,VLEES01,8.0
2025-10-13,WIJN01,1.05
2025-10-13,WIJN02,2.1
2025-10-13,WIJN03,0.75
2025-10-13,ZUI01,1.8
2025-10-14,AARD01,8.68
2025-10-14,BIER01,8.25
2025-10-14,BIER02,9.0
2025-10-14,BROOD01,132.0
2025-10-14,BROOD02,15.0
2025-10-14,FRIS01,7.0
2025-10-14,FRIS02,5.0
2025-10-14,FRIS03,3.25
2025-10-14,KOF01,0.165
2025-10-14,VLEES01,15.0
2025-10-14,WIJN01,2.1
2025-10-14,WIJN02,3.45
2025-10-14,WIJN03,0.75
2025-10-14,ZUI01,1.95
2025-10-15,AARD01,6.72
2025-10-15,BIER01,11.5
2025-10-15,BIER02,15.0
2025-10-15,BROOD01,101.0
2025-10-15,BROOD02,18.0
2025-10-15,FRIS01,9.0
2025-10-15,FRIS02,12.0
2025-10-15,FRIS03,1.25
2025-10-15,KOF01,0.225
2025-10-15,VLEES01,18.0
2025-10-15,WIJN01,0.75
2025-10-15,WIJN02,2.25
2025-10-15,WIJN03,0.15
2025-10-15,ZUI01,0.9
2025-10-16,AARD01,7.7
2025-10-16,BIER01,17.0
2025-10-16,BIER02,13.0
2025-10-16,BROOD01,179.0
2025-10-16,BROOD02,19.0
2025-10-16,FRIS01,23.0
2025-10-16,FRIS02,17.0
2025-10-16,FRIS03,5.75
2025-10-16,KOF01,0.375
2025-10-16,VLEES01,19.0
2025-10-16,WIJN01,3.3
2025-10-16,WIJN02,2.7
2025-10-16,WIJN03,1.05
2025-10-16,ZUI01,4.35
2025-10-17,AARD01,9.1
2025-10-17,BIER01,22.25
2025-10-17,BIER02,23.0
2025-10-17,BROOD01,150.0
2025-10-17,BROOD02,24.0
2025-10-17,FRIS01,23.0
2025-10-17,FRIS02,18.0
2025-10-17,FRIS03,3.0
2025-10-17,KOF01,0.172
2025-10-17,VLEES01,24.0
2025-10-17,WIJN01,3.75
2025-10-17,WIJN02,2.85
2025-10-17,WIJN03,1.8
2025-10-17,ZUI01,1.5
2025-10-18,AARD01,7.28
2025-10-18,BIER01,24.25
2025-10-18,BIER02,15.0
2025-10-18,BROOD01,156.0
2025-10-18,BROOD02,18.0
2025-10-18,FRIS01,27.0
2025-10-18,FRIS02,35.0
2025-10-18,FRIS03,7.25
2025-10-18,KOF01,0.308
2025-10-18,VLEES01,18.0
2025-10-18,WIJN01,7.2
2025-10-18,WIJN02,2.55
2025-10-18,WIJN03,0.9
2025-10-18,ZUI01,2.1
2025-10-19,AARD01,7.0
2025-10-19,BIER01,19.75
2025-10-19,BIER02,11.0
2025-10-19,BROOD01,184.0
2025-10-19,BROOD02,23.0
2025-10-19,FRIS01,20.0
2025-10-19,FRIS02,24.0
2025-10-19,FRIS03,5.25
2025-10-19,KOF01,0.322
2025-10-19,VLEES01,23.0
2025-10-19,WIJN01,4.2
2025-10-19,WIJN02,2.85
2025-10-19,WIJN03,0.75
2025-10-19,ZUI01,3.45
2025-10-20,AARD01,2.38
2025-10-20,BIER01,9.0
2025-10-20,BIER02,12.0
2025-10-20,BROOD01,98.0
2025-10-20,BROOD02,5.0
2025-10-20,FRIS01,11.0
2025-10-20,FRIS02,7.0
2025-10-20,FRIS03,2.0
2025-10-20,KOF01,0.158
2025-10-20,VLEES01,5.0
2025-10-20,WIJN01,1.65
2025-10-20,WIJN02,0.45
2025-10-20,WIJN03,0.75
2025-10-20,ZUI01,1.65
2025-10-21,AARD01,7.28
2025-10-21,BIER01,13.0
2025-10-21,BIER02,9.0
2025-10-21,BROOD01,110.0
2025-10-21,BROOD02,18.0
2025-10-21,FRIS01,5.0
2025-10-21,FRIS02,16.0
2025-10-21,FRIS03,3.0
2025-10-21,KOF01,0.292
2025-10-21,VLEES01,18.0
2025-10-21,WIJN01,4.2
2025-10-21,WIJN02,1.95
2025-10-21,WIJN03,0.9
2025-10-21,ZUI01,2.7
2025-10-22,AARD01,5.04
2025-10-22,BIER01,9.0
2025-10-22,BIER02,8.0
2025-10-22,BROOD01,135.0
2025-10-22,BROOD02,8.0
2025-10-22,FRIS01,9.0
2025-10-22,FRIS02,14.0
2025-10-22,FRIS03,3.5
2025-10-22,KOF01,0.218
2025-10-22,VLEES01,8.0
2025-10-22,WIJN01,1.2
2025-10-22,WIJN02,1.65
2025-10-22,WIJN03,0.75
2025-10-22,ZUI01,2.7
2025-10-23,AARD01,7.7
2025-10-23,BIER01,10.5
2025-10-23,BIER02,16.0
2025-10-23,BROOD01,141.0
2025-10-23,BROOD02,15.0
2025-10-23,FRIS01,15.0
2025-10-23,FRIS02,16.0
2025-10-23,FRIS03,6.0
2025-10-23,KOF01,0.172
2025-10-23,VLEES01,15.0
2025-10-23,WIJN01,1.8
2025-10-23,WIJN02,0.9
2025-10-23,WIJN03,0.3
2025-10-23,ZUI01,1.5
2025-10-24,AARD01,7.7
2025-10-24,BIER01,27.0
2025-10-24,BIER02,15.0
2025-10-24,BROOD01,129.0
2025-10-24,BROOD02,17.0
2025-10-24,FRIS01,20.0
2025-10-24,FRIS02,15.0
2025-10-24,FRIS03,6.25
2025-10-24,KOF01,0.368
2025-10-24,VLEES01,17.0
2025-10-24,WIJN01,3.75
2025-10-24,WIJN02,3.0
2025-10-24,WIJN03,1.35
2025-10-24,ZUI01,2.85
2025-10-25,AARD01,10.08
2025-10-25,BIER01,27.5
2025-10-25,BIER02,27.0
2025-10-25,BROOD01,110.0
2025-10-25,BROOD02,20.0
2025-10-25,FRIS01,31.0
2025-10-25,FRIS02,23.0
2025-10-25,FRIS03,5.0
2025-10-25,KOF01,0.277
2025-10-25,VLEES01,20.0
2025-10-25,WIJN01,4.2
2025-10-25,WIJN02,3.9
2025-10-25,WIJN03,2.4
2025-10-25,ZUI01,1.95
2025-10-26,AARD01,4.76
2025-10-26,BIER01,11.5
2025-10-26,BIER02,10.0
2025-10-26,BROOD01,137.0
2025-10-26,BROOD02,10.0
2025-10-26,FRIS01,14.0
2025-10-26,FRIS02,21.0
2025-10-26,FRIS03,5.75
2025-10-26,KOF01,0.45
2025-10-26,VLEES01,10.0
2025-10-26,WIJN01,1.65
2025-10-26,WIJN02,3.3
2025-10-26,WIJN03,0.75
2025-10-26,ZUI01,3.6
2025-10-27,AARD01,5.46
2025-10-27,BIER01,9.75
2025-10-27,BIER02,6.0
2025-10-27,BROOD01,93.0
2025-10-27,BROOD02,10.0
2025-10-27,FRIS01,11.0
2025-10-27,FRIS02,13.0
2025-10-27,FRIS03,2.0
2025-10-27,KOF01,0.225
2025-10-27,VLEES01,10.0
2025-10-27,WIJN01,1.35
2025-10-27,WIJN02,0.9
2025-10-27,WIJN03,0.6
2025-10-27,ZUI01,2.55
2025-10-28,AARD01,6.86
2025-10-28,BIER01,12.75
2025-10-28,BIER02,20.0
2025-10-28,BROOD01,141.0
2025-10-28,BROOD02,12.0
2025-10-28,FRIS01,11.0
2025-10-28,FRIS02,16.0
2025-10-28,FRIS03,3.5
2025-10-28,KOF01,0.277
2025-10-28,VLEES01,12.0
2025-10-28,WIJN01,1.8
2025-10-28,WIJN02,2.55
2025-10-28,WIJN03,0.6
2025-10-28,ZUI01,3.75
2025-10-29,AARD01,6.44
2025-10-29,BIER01,12.5
2025-10-29,BIER02,6.0
2025-10-29,BROOD01,105.0
2025-10-29,BROOD02,15.0
2025-10-29,FRIS01,10.0
2025-10-29,FRIS02,13.0
2025-10-29,FRIS03,3.0
2025-10-29,KOF01,0.128
2025-10-29,VLEES01,15.0
2025-10-29,WIJN01,2.55
2025-10-29,WIJN02,1.65
2025-10-29,WIJN03,0.15
2025-10-29,ZUI01,1.5
2025-10-30,AARD01,12.46
2025-10-30,BIER01,23.75
2025-10-30,BIER02,7.0
2025-10-30,BROOD01,161.0
2025-10-30,BROOD02,37.0
2025-10-30,FRIS01,14.0
2025-10-30,FRIS02,12.0
2025-10-30,FRIS03,2.5
2025-10-30,KOF01,0.368
2025-10-30,VLEES01,37.0
2025-10-30,WIJN01,3.75
2025-10-30,WIJN02,1.65
2025-10-30,WIJN03,1.05
2025-10-30,ZUI01,3.75
2025-10-31,AARD01,14.28
2025-10-31,BIER01,27.75
2025-10-31,BIER02,32.0
2025-10-31,BROOD01,240.0
2025-10-31,BROOD02,33.0
2025-10-31,FRIS01,23.0
2025-10-31,FRIS02,23.0
2025-10-31,FRIS03,7.0
2025-10-31,KOF01,0.495
2025-10-31,VLEES01,33.0
2025-10-31,WIJN01,5.85
2025-10-31,WIJN02,4.95
2025-10-31,WIJN03,1.2
2025-10-31,ZUI01,4.8
2025-11-01,AARD01,11.2
2025-11-01,BIER01,24.75
2025-11-01,BIER02,20.0
2025-11-01,BROOD01,158.0
2025-11-01,BROOD02,32.0
2025-11-01,FRIS01,17.0
2025-11-01,FRIS02,19.0
2025-11-01,FRIS03,6.5
2025-11-01,KOF01,0.308
2025-11-01,VLEES01,32.0
2025-11-01,WIJN01,3.0
2025-11-01,WIJN02,3.6
2025-11-01,WIJN03,2.1
2025-11-01,ZUI01,1.95
2025-11-02,AARD01,5.18
2025-11-02,BIER01,9.5
2025-11-02,BIER02,5.0
2025-11-02,BROOD01,169.0
2025-11-02,BROOD02,14.0
2025-11-02,FRIS01,16.0
2025-11-02,FRIS02,19.0
2025-11-02,FRIS03,3.25
2025-11-02,KOF01,0.412
2025-11-02,VLEES01,14.0
2025-11-02,WIJN01,2.1
2025-11-02,WIJN02,1.35
2025-11-02,WIJN03,1.65
2025-11-02,ZUI01,3.9
2025-11-03,AARD01,4.48
2025-11-03,BIER01,6.0
2025-11-03,BIER02,6.0
2025-11-03,BROOD01,98.0
2025-11-03,BROOD02,15.0
2025-11-03,FRIS01,4.0
2025-11-03,FRIS02,10.0
2025-11-03,FRIS03,2.25
2025-11-03,KOF01,0.18
2025-11-03,VLEES01,15.0
2025-11-03,WIJN01,1.95
2025-11-03,WIJN02,0.75
2025-11-03,WIJN03,0.45
2025-11-03,ZUI01,2.4
2025-11-04,AARD01,4.76
2025-11-04,BIER01,6.75
2025-11-04,BIER02,3.0
2025-11-04,BROOD01,61.0
2025-11-04,BROOD02,12.0
2025-11-04,FRIS01,5.0
2025-11-04,FRIS02,10.0
2025-11-04,FRIS03,3.0
2025-11-04,KOF01,0.112
2025-11-04,VLEES01,12.0
2025-11-04,WIJN01,1.2
2025-11-04,WIJN02,1.05
2025-11-04,WIJN03,0.3
2025-11-04,ZUI01,0.45
2025-11-05,AARD01,4.48
2025-11-05,BIER01,10.75
2025-11-05,BIER02,5.0
2025-11-05,BROOD01,77.0
2025-11-05,BROOD02,7.0
2025-11-05,FRIS01,11.0
2025-11-05,FRIS02,14.0
2025-11-05,FRIS03,3.0
2025-11-05,KOF01,0.225
2025-11-05,VLEES01,7.0
2025-11-05,WIJN01,1.35
2025-11-05,WIJN02,1.05
2025-11-05,WIJN03,0.9
2025-11-05,ZUI01,2.85
2025-11-06,AARD01,6.72
2025-11-06,BIER01,12.25
2025-11-06,BIER02,5.0
2025-11-06,BROOD01,120.0
2025-11-06,BROOD02,12.0
2025-11-06,FRIS01,14.0
2025-11-06,FRIS02,19.0
2025-11-06,FRIS03,2.5
2025-11-06,KOF01,0.225
2025-11-06,VLEES01,12.0
2025-11-06,WIJN01,1.5
2025-11-06,WIJN02,2.85
2025-11-06,WIJN03,1.2
2025-11-06,ZUI01,1.65
2025-11-07,AARD01,5.74
2025-11-07,BIER01,24.25
2025-11-07,BIER02,24.0
2025-11-07,BROOD01,88.0
2025-11-07,BROOD02,16.0
2025-11-07,FRIS01,16.0
2025-11-07,FRIS02,14.0
2025-11-07,FRIS03,2.25
2025-11-07,KOF01,0.188
2025-11-07,VLEES01,16.0
2025-11-07,WIJN01,3.6
2025-11-07,WIJN02,3.15
2025-11-07,WIJN03,1.05
2025-11-07,ZUI01,1.5
2025-11-08,AARD01,9.1
2025-11-08,BIER01,25.5
2025-11-08,BIER02,37.0
2025-11-08,BROOD01,138.0
2025-11-08,BROOD02,17.0
2025-11-08,FRIS01,17.0
2025-11-08,FRIS02,25.0
2025-11-08,FRIS03,5.0
2025-11-08,KOF01,0.42
2025-11-08,VLEES01,17.0
2025-11-08,WIJN01,4.5
2025-11-08,WIJN02,3.75
2025-11-08,WIJN03,1.5
2025-11-08,ZUI01,5.55
2025-11-09,AARD01,4.9
2025-11-09,BIER01,8.5
2025-11-09,BIER02,5.0
2025-11-09,BROOD01,161.0
2025-11-09,BROOD02,12.0
2025-11-09,FRIS01,16.0
2025-11-09,FRIS02,10.0
2025-11-09,FRIS03,5.25
2025-11-09,KOF01,0.292
2025-11-09,VLEES01,12.0
2025-11-09,WIJN01,0.75
2025-11-09,WIJN02,2.1
2025-11-09,WIJN03,0.6
2025-11-09,ZUI01,2.85
2025-11-10,AARD01,3.22
2025-11-10,BIER01,6.75
2025-11-10,BIER02,12.0
2025-11-10,BROOD01,140.0
2025-11-10,BROOD02,7.0
2025-11-10,FRIS01,10.0
2025-11-10,FRIS02,14.0
2025-11-10,FRIS03,3.5
2025-11-10,KOF01,0.24
2025-11-10,VLEES01,7.0
2025-11-10,WIJN01,1.8
2025-11-10,WIJN02,1.5
2025-11-10,WIJN03,0.45
2025-11-10,ZUI01,2.55
2025-11-11,AARD01,8.68
2025-11-11,BIER01,8.75
2025-11-11,BIER02,11.0
2025-11-11,BROOD01,170.0
2025-11-11,BROOD02,19.0
2025-11-11,FRIS01,20.0
2025-11-11,FRIS02,6.0
2025-11-11,FRIS03,4.0
2025-11-11,KOF01,0.165
2025-11-11,VLEES01,19.0
2025-11-11,WIJN01,1.8
2025-11-11,WIJN02,1.5
2025-11-11,WIJN03,1.05
2025-11-11,ZUI01,1.95
2025-11-12,AARD01,5.18
2025-11-12,BIER01,9.5
2025-11-12,BIER02,6.0
2025-11-12,BROOD01,131.0
2025-11-12,BROOD02,11.0
2025-11-12,FRIS01,21.0
2025-11-12,FRIS02,22.0
2025-11-12,FRIS03,3.5
2025-11-12,KOF01,0.39
2025-11-12,VLEES01,11.0
2025-11-12,WIJN01,1.5
2025-11-12,WIJN02,1.65
2025-11-12,WIJN03,0.75
2025-11-12,ZUI01,4.35
2025-11-13,AARD01,6.72
2025-11-13,BIER01,5.5
2025-11-13,BIER02,8.0
2025-11-13,BROOD01,107.0
2025-11-13,BROOD02,17.0
2025-11-13,FRIS01,7.0
2025-11-13,FRIS02,16.0
2025-11-13,FRIS03,2.75
2025-11-13,KOF01,0.21
2025-11-13,VLEES01,17.0
2025-11-13,WIJN01,1.2
2025-11-13,WIJN02,1.5
2025-11-13,WIJN03,0.9
2025-11-13,ZUI01,2.25
2025-11-14,AARD01,5.88
2025-11-14,BIER01,22.5
2025-11-14,BIER02,24.0
2025-11-14,BROOD01,132.0
2025-11-14,BROOD02,14.0
2025-11-14,FRIS01,34.0
2025-11-14,FRIS02,14.0
2025-11-14,FRIS03,2.25
2025-11-14,KOF01,0.337
2025-11-14,VLEES01,14.0
2025-11-14,WIJN01,4.95
2025-11-14,WIJN02,3.0
2025-11-14,WIJN03,0.9
2025-11-14,ZUI01,3.3
2025-11-15,AARD01,12.18
2025-11-15,BIER01,27.75
2025-11-15,BIER02,24.0
2025-11-15,BROOD01,147.0
2025-11-15,BROOD02,44.0
2025-11-15,FRIS01,30.0
2025-11-15,FRIS02,31.0
2025-11-15,FRIS03,5.0
2025-11-15,KOF01,0.518
2025-11-15,VLEES01,44.0
2025-11-15,WIJN01,4.95
2025-11-15,WIJN02,5.4
2025-11-15,WIJN03,2.1
2025-11-15,ZUI01,5.4
2025-11-16,AARD01,6.02
2025-11-16,BIER01,16.5
2025-11-16,BIER02,8.0
2025-11-16,BROOD01,187.0
2025-11-16,BROOD02,14.0
2025-11-16,FRIS01,18.0
2025-11-16,FRIS02,22.0
2025-11-16,FRIS03,4.5
2025-11-16,KOF01,0.442
2025-11-16,VLEES01,14.0
2025-11-16,WIJN01,0.75
2025-11-16,WIJN02,2.4
2025-11-16,WIJN03,0.45
2025-11-16,ZUI01,4.95
2025-11-17,AARD01,5.32
2025-11-17,BIER01,4.0
2025-11-17,BIER02,10.0
2025-11-17,BROOD01,66.0
2025-11-17,BROOD02,12.0
2025-11-17,FRIS01,9.0
2025-11-17,FRIS02,6.0
2025-11-17,FRIS03,2.25
2025-11-17,KOF01,0.105
2025-11-17,VLEES01,12.0
2025-11-17,WIJN01,1.2
2025-11-17,WIJN02,0.45
2025-11-17,WIJN03,0.45
2025-11-17,ZUI01,0.9
2025-11-18,AARD01,4.9
2025-11-18,BIER01,6.75
2025-11-18,BIER02,9.0
2025-11-18,BROOD01,100.0
2025-11-18,BROOD02,19.0
2025-11-18,FRIS01,10.0
2025-11-18,FRIS02,12.0
2025-11-18,FRIS03,2.25
2025-11-18,KOF01,0.24
2025-11-18,VLEES01,19.0
2025-11-18,WIJN01,1.5
2025-11-18,WIJN02,0.9
2025-11-18,WIJN03,0.3
2025-11-18,ZUI01,2.4
2025-11-19,AARD01,6.16
2025-11-19,BIER01,5.5
2025-11-19,BIER02,7.0
2025-11-19,BROOD01,159.0
2025-11-19,BROOD02,16.0
2025-11-19,FRIS01,14.0
2025-11-19,FRIS02,16.0
2025-11-19,FRIS03,5.25
2025-11-19,KOF01,0.225
2025-11-19,VLEES01,16.0
2025-11-19,WIJN01,1.95
2025-11-19,WIJN02,1.65
2025-11-19,WIJN03,0.45
2025-11-19,ZUI01,3.45
2025-11-20,AARD01,3.92
2025-11-20,BIER01,8.0
2025-11-20,BIER02,10.0
2025-11-20,BROOD01,114.0
2025-11-20,BROOD02,10.0
2025-11-20,FRIS01,22.0
2025-11-20,FRIS02,16.0
2025-11-20,FRIS03,2.75
2025-11-20,KOF01,0.082
2025-11-20,VLEES01,10.0
2025-11-20,WIJN01,1.65
2025-11-20,WIJN02,1.5
2025-11-20,WIJN03,0.45
2025-11-20,ZUI01,0.45
2025-11-21,AARD01,9.52
2025-11-21,BIER01,25.75
2025-11-21,BIER02,19.0
2025-11-21,BROOD01,143.0
2025-11-21,BROOD02,21.0
2025-11-21,FRIS01,22.0
2025-11-21,FRIS02,17.0
2025-11-21,FRIS03,5.5
2025-11-21,KOF01,0.3
2025-11-21,VLEES01,21.0
2025-11-21,WIJN01,3.0
2025-11-21,WIJN02,3.75
2025-11-21,WIJN03,1.65
2025-11-21,ZUI01,3.3
2025-11-22,AARD01,7.42
2025-11-22,BIER01,13.0
2025-11-22,BIER02,9.0
2025-11-22,BROOD01,116.0
2025-11-22,BROOD02,17.0
2025-11-22,FRIS01,15.0
2025-11-22,FRIS02,20.0
2025-11-22,FRIS03,5.0
2025-11-22,KOF01,0.218
2025-11-22,VLEES01,17.0
2025-11-22,WIJN01,2.1
2025-11-22,WIJN02,3.0
2025-11-22,WIJN03,1.2
2025-11-22,ZUI01,2.55
2025-11-23,AARD01,6.16
2025-11-23,BIER01,8.75
2025-11-23,BIER02,4.0
2025-11-23,BROOD01,126.0
2025-11-23,BROOD02,18.0
2025-11-23,FRIS01,17.0
2025-11-23,FRIS02,10.0
2025-11-23,FRIS03,3.5
2025-11-23,KOF01,0.45
2025-11-23,VLEES01,18.0
2025-11-23,WIJN01,3.0
2025-11-23,WIJN02,1.5
2025-11-23,WIJN03,0.15
2025-11-23,ZUI01,5.55
2025-11-24,AARD01,7.42
2025-11-24,BIER01,11.25
2025-11-24,BIER02,4.0
2025-11-24,BROOD01,96.0
2025-11-24,BROOD02,18.0
2025-11-24,FRIS01,7.0
2025-11-24,FRIS02,20.0
2025-11-24,FRIS03,2.0
2025-11-24,KOF01,0.128
2025-11-24,VLEES01,18.0
2025-11-24,WIJN01,1.2
2025-11-24,WIJN02,1.65
2025-11-24,WIJN03,0.3
2025-11-24,ZUI01,0.9
2025-11-25,AARD01,3.78
2025-11-25,BIER01,7.75
2025-11-25,BIER02,6.0
2025-11-25,BROOD01,121.0
2025-11-25,BROOD02,10.0
2025-11-25,FRIS01,10.0
2025-11-25,FRIS02,6.0
2025-11-25,FRIS03,2.75
2025-11-25,KOF01,0.195
2025-11-25,VLEES01,10.0
2025-11-25,WIJN01,1.35
2025-11-25,WIJN02,0.6
2025-11-25,WIJN03,0.15
2025-11-25,ZUI01,1.95
2025-11-26,AARD01,4.06
2025-11-26,BIER01,9.75
2025-11-26,BIER02,1.0
2025-11-26,BROOD01,134.0
2025-11-26,BROOD02,13.0
2025-11-26,FRIS01,16.0
2025-11-26,FRIS02,11.0
2025-11-26,FRIS03,2.75
2025-11-26,KOF01,0.18
2025-11-26,VLEES01,13.0
2025-11-26,WIJN01,1.35
2025-11-26,WIJN02,0.6
2025-11-26,WIJN03,0.6
2025-11-26,ZUI01,1.05
2025-11-27,AARD01,7.0
2025-11-27,BIER01,9.5
2025-11-27,BIER02,15.0
2025-11-27,BROOD01,133.0
2025-11-27,BROOD02,15.0
2025-11-27,FRIS01,13.0
2025-11-27,FRIS02,13.0
2025-11-27,FRIS03,5.25
2025-11-27,KOF01,0.218
2025-11-27,VLEES01,15.0
2025-11-27,WIJN01,2.1
2025-11-27,WIJN02,1.2
2025-11-27,WIJN03,0.9
2025-11-27,ZUI01,2.25
2025-11-28,AARD01,9.66
2025-11-28,BIER01,12.25
2025-11-28,BIER02,23.0
2025-11-28,BROOD01,127.0
2025-11-28,BROOD02,27.0
2025-11-28,FRIS01,25.0
2025-11-28,FRIS02,21.0
2025-11-28,FRIS03,2.75
2025-11-28,KOF01,0.225
2025-11-28,VLEES01,27.0
2025-11-28,WIJN01,4.8
2025-11-28,WIJN02,2.85
2025-11-28,WIJN03,1.05
2025-11-28,ZUI01,1.65
2025-11-29,AARD01,9.38
2025-11-29,BIER01,26.0
2025-11-29,BIER02,26.0
2025-11-29,BROOD01,200.0
2025-11-29,BROOD02,22.0
2025-11-29,FRIS01,26.0
2025-11-29,FRIS02,22.0
2025-11-29,FRIS03,5.25
2025-11-29,KOF01,0.51
2025-11-29,VLEES01,22.0
2025-11-29,WIJN01,5.25
2025-11-29,WIJN02,4.65
2025-11-29,WIJN03,1.65
2025-11-29,ZUI01,4.2
2025-11-30,AARD01,3.22
2025-11-30,BIER01,5.5
2025-11-30,BIER02,12.0
2025-11-30,BROOD01,127.0
2025-11-30,BROOD02,14.0
2025-11-30,FRIS01,15.0
2025-11-30,FRIS02,8.0
2025-11-30,FRIS03,3.0
2025-11-30,KOF01,0.277
2025-11-30,VLEES01,14.0
2025-11-30,WIJN01,0.6
2025-11-30,WIJN02,1.05
2025-11-30,WIJN03,0.9
2025-11-30,ZUI01,3.9
2025-12-01,AARD01,4.9
2025-12-01,BIER01,9.75
2025-12-01,BIER02,6.0
2025-12-01,BROOD01,51.0
2025-12-01,BROOD02,13.0
2025-12-01,FRIS01,8.0
2025-12-01,FRIS02,9.0
2025-12-01,FRIS03,1.25
2025-12-01,KOF01,0.15
2025-12-01,VLEES01,13.0
2025-12-01,WIJN01,0.75
2025-12-01,WIJN02,2.1
2025-12-01,WIJN03,1.2
2025-12-01,ZUI01,1.65
2025-12-02,AARD01,4.2
2025-12-02,BIER01,12.0
2025-12-02,BIER02,8.0
2025-12-02,BROOD01,89.0
2025-12-02,BROOD02,8.0
2025-12-02,FRIS01,17.0
2025-12-02,FRIS02,11.0
2025-12-02,FRIS03,1.75
2025-12-02,KOF01,0.262
2025-12-02,VLEES01,8.0
2025-12-02,WIJN01,1.05
2025-12-02,WIJN02,2.1
2025-12-02,WIJN03,0.9
2025-12-02,ZUI01,2.25
2025-12-03,AARD01,3.5
2025-12-03,BIER01,3.5
2025-12-03,BIER02,7.0
2025-12-03,BROOD01,64.0
2025-12-03,BROOD02,9.0
2025-12-03,FRIS01,8.0
2025-12-03,FRIS02,14.0
2025-12-03,FRIS03,2.25
2025-12-03,KOF01,0.18
2025-12-03,VLEES01,9.0
2025-12-03,WIJN01,2.25
2025-12-03,WIJN02,1.95
2025-12-03,WIJN03,1.05
2025-12-03,ZUI01,1.8
2025-12-04,AARD01,3.08
2025-12-04,BIER01,12.0
2025-12-04,BIER02,2.0
2025-12-04,BROOD01,96.0
2025-12-04,BROOD02,5.0
2025-12-04,FRIS01,9.0
2025-12-04,FRIS02,10.0
2025-12-04,FRIS03,4.0
2025-12-04,KOF01,0.158
2025-12-04,VLEES01,5.0
2025-12-04,WIJN01,1.65
2025-12-04,WIJN02,1.5
2025-12-04,WIJN03,0.9
2025-12-04,ZUI01,1.8
2025-12-05,AARD01,12.88
2025-12-05,BIER01,22.0
2025-12-05,BIER02,27.0
2025-12-05,BROOD01,190.0
2025-12-05,BROOD02,25.0
2025-12-05,FRIS01,35.0
2025-12-05,FRIS02,25.0
2025-12-05,FRIS03,3.75
2025-12-05,KOF01,0.352
2025-12-05,VLEES01,25.0
2025-12-05,WIJN01,6.3
2025-12-05,WIJN02,4.65
2025-12-05,WIJN03,2.55
2025-12-05,ZUI01,2.85
2025-12-06,AARD01,7.98
2025-12-06,BIER01,25.75
2025-12-06,BIER02,18.0
2025-12-06,BROOD01,171.0
2025-12-06,BROOD02,20.0
2025-12-06,FRIS01,7.0
2025-12-06,FRIS02,18.0
2025-12-06,FRIS03,2.75
2025-12-06,KOF01,0.262
2025-12-06,VLEES01,20.0
2025-12-06,WIJN01,5.55
2025-12-06,WIJN02,4.2
2025-12-06,WIJN03,1.95
2025-12-06,ZUI01,1.8
2025-12-07,AARD01,7.42
2025-12-07,BIER01,13.25
2025-12-07,BIER02,13.0
2025-12-07,BROOD01,205.0
2025-12-07,BROOD02,16.0
2025-12-07,FRIS01,21.0
2025-12-07,FRIS02,9.0
2025-12-07,FRIS03,3.0
2025-12-07,KOF01,0.345
2025-12-07,VLEES01,16.0
2025-12-07,WIJN01,2.4
2025-12-07,WIJN02,1.05
2025-12-07,WIJN03,0.9
2025-12-07,ZUI01,4.2
2025-12-08,AARD01,6.02
2025-12-08,BIER01,11.5
2025-12-08,BIER02,8.0
2025-12-08,BROOD01,85.0
2025-12-08,BROOD02,15.0
2025-12-08,FRIS01,15.0
2025-12-08,FRIS02,15.0
2025-12-08,FRIS03,2.5
2025-12-08,KOF01,0.21
2025-12-08,VLEES01,15.0
2025-12-08,WIJN01,1.8
2025-12-08,WIJN02,1.5
2025-12-08,WIJN03,0.45
2025-12-08,ZUI01,1.8
2025-12-09,AARD01,7.14
2025-12-09,BIER01,4.0
2025-12-09,BIER02,7.0
2025-12-09,BROOD01,147.0
2025-12-09,BROOD02,17.0
2025-12-09,FRIS01,8.0
2025-12-09,FRIS02,23.0
2025-12-09,FRIS03,1.25
2025-12-09,KOF01,0.255
2025-12-09,VLEES01,17.0
2025-12-09,WIJN01,2.55
2025-12-09,WIJN02,1.8
2025-12-09,WIJN03,0.45
2025-12-09,ZUI01,2.55
2025-12-10,AARD01,8.82
2025-12-10,BIER01,15.5
2025-12-10,BIER02,10.0
2025-12-10,BROOD01,167.0
2025-12-10,BROOD02,21.0
2025-12-10,FRIS01,21.0
2025-12-10,FRIS02,23.0
2025-12-10,FRIS03,2.0
2025-12-10,KOF01,0.202
2025-12-10,VLEES01,21.0
2025-12-10,WIJN01,1.2
2025-12-10,WIJN02,1.8
2025-12-10,WIJN03,0.45
2025-12-10,ZUI01,2.1
2025-12-11,AARD01,7.84
2025-12-11,BIER01,12.5
2025-12-11,BIER02,9.0
2025-12-11,BROOD01,91.0
2025-12-11,BROOD02,18.0
2025-12-11,FRIS01,15.0
2025-12-11,FRIS02,18.0
2025-12-11,FRIS03,4.0
2025-12-11,KOF01,0.195
2025-12-11,VLEES01,18.0
2025-12-11,WIJN01,1.95
2025-12-11,WIJN02,1.95
2025-12-11,WIJN03,0.3
2025-12-11,ZUI01,2.4
2025-12-12,AARD01,10.5
2025-12-12,BIER01,23.75
2025-12-12,BIER02,29.0
2025-12-12,BROOD01,110.0
2025-12-12,BROOD02,28.0
2025-12-12,FRIS01,25.0
2025-12-12,FRIS02,20.0
2025-12-12,FRIS03,3.75
2025-12-12,KOF01,0.405
2025-12-12,VLEES01,28.0
2025-12-12,WIJN01,4.2
2025-12-12,WIJN02,5.25
2025-12-12,WIJN03,2.1
2025-12-12,ZUI01,3.15
2025-12-13,AARD01,12.88
2025-12-13,BIER01,23.25
2025-12-13,BIER02,30.0
2025-12-13,BROOD01,200.0
2025-12-13,BROOD02,28.0
2025-12-13,FRIS01,31.0
2025-12-13,FRIS02,21.0
2025-12-13,FRIS03,3.75
2025-12-13,KOF01,0.375
2025-12-13,VLEES01,28.0
2025-12-13,WIJN01,4.2
2025-12-13,WIJN02,3.45
2025-12-13,WIJN03,1.8
2025-12-13,ZUI01,3.75
2025-12-14,AARD01,8.26
2025-12-14,BIER01,16.25
2025-12-14,BIER02,4.0
2025-12-14,BROOD01,137.0
2025-12-14,BROOD02,21.0
2025-12-14,FRIS01,12.0
2025-12-14,FRIS02,19.0
2025-12-14,FRIS03,5.0
2025-12-14,KOF01,0.315
2025-12-14,VLEES01,21.0
2025-12-14,WIJN01,1.5
2025-12-14,WIJN02,2.85
2025-12-14,WIJN03,0.75
2025-12-14,ZUI01,3.45
2025-12-15,AARD01,3.22
2025-12-15,BIER01,5.75
2025-12-15,BIER02,2.0
2025-12-15,BROOD01,55.0
2025-12-15,BROOD02,9.0
2025-12-15,FRIS01,11.0
2025-12-15,FRIS02,11.0
2025-12-15,FRIS03,1.25
2025-12-15,KOF01,0.21
2025-12-15,VLEES01,9.0
2025-12-15,WIJN01,2.55
2025-12-15,WIJN02,0.75
2025-12-15,WIJN03,0.9
2025-12-15,ZUI01,1.35
2025-12-16,AARD01,5.6
2025-12-16,BIER01,7.5
2025-12-16,BIER02,11.0
2025-12-16,BROOD01,51.0
2025-12-16,BROOD02,20.0
2025-12-16,FRIS01,10.0
2025-12-16,FRIS02,15.0
2025-12-16,FRIS03,3.25
2025-12-16,KOF01,0.195
2025-12-16,VLEES01,20.0
2025-12-16,WIJN01,0.9
2025-12-16,WIJN02,3.6
2025-12-16,WIJN03,0.45
2025-12-16,ZUI01,2.4
2025-12-17,AARD01,7.84
2025-12-17,BIER01,11.0
2025-12-17,BIER02,3.0
2025-12-17,BROOD01,119.0
2025-12-17,BROOD02,15.0
2025-12-17,FRIS01,10.0
2025-12-17,FRIS02,16.0
2025-12-17,FRIS03,5.0
2025-12-17,KOF01,0.277
2025-12-17,VLEES01,15.0
2025-12-17,WIJN01,1.35
2025-12-17,WIJN02,1.5
2025-12-17,WIJN03,0.3
2025-12-17,ZUI01,2.55
2025-12-18,AARD01,8.54
2025-12-18,BIER01,11.5
2025-12-18,BIER02,10.0
2025-12-18,BROOD01,82.0
2025-12-18,BROOD02,14.0
2025-12-18,FRIS01,15.0
2025-12-18,FRIS02,8.0
2025-12-18,FRIS03,2.75
2025-12-18,KOF01,0.112
2025-12-18,VLEES01,14.0
2025-12-18,WIJN01,2.85
2025-12-18,WIJN02,1.8
2025-12-18,WIJN03,1.05
2025-12-18,ZUI01,0.6
2025-12-19,AARD01,11.06
2025-12-19,BIER01,30.25
2025-12-19,BIER02,31.0
2025-12-19,BROOD01,177.0
2025-12-19,BROOD02,33.0
2025-12-19,FRIS01,38.0
2025-12-19,FRIS02,30.0
2025-12-19,FRIS03,3.5
2025-12-19,KOF01,0.33
2025-12-19,VLEES01,33.0
2025-12-19,WIJN01,4.35
2025-12-19,WIJN02,3.0
2025-12-19,WIJN03,1.95
2025-12-19,ZUI01,4.2
2025-12-20,AARD01,5.74
2025-12-20,BIER01,28.25
2025-12-20,BIER02,21.0
2025-12-20,BROOD01,104.0
2025-12-20,BROOD02,6.0
2025-12-20,FRIS01,18.0
2025-12-20,FRIS02,19.0
2025-12-20,FRIS03,3.25
2025-12-20,KOF01,0.21
2025-12-20,VLEES01,6.0
2025-12-20,WIJN01,3.9
2025-12-20,WIJN02,3.75
2025-12-20,WIJN03,0.9
2025-12-20,ZUI01,2.85
2025-12-21,AARD01,8.4
2025-12-21,BIER01,12.5
2025-12-21,BIER02,15.0
2025-12-21,BROOD01,224.0
2025-12-21,BROOD02,27.0
2025-12-21,FRIS01,25.0
2025-12-21,FRIS02,29.0
2025-12-21,FRIS03,6.25
2025-12-21,KOF01,0.39
2025-12-21,VLEES01,27.0
2025-12-21,WIJN01,3.45
2025-12-21,WIJN02,1.65
2025-12-21,WIJN03,0.75
2025-12-21,ZUI01,3.45
2025-12-22,AARD01,1.82
2025-12-22,BIER01,4.25
2025-12-22,BIER02,3.0
2025-12-22,BROOD01,90.0
2025-12-22,BROOD02,4.0
2025-12-22,FRIS01,13.0
2025-12-22,FRIS02,6.0
2025-12-22,FRIS03,3.75
2025-12-22,KOF01,0.218
2025-12-22,VLEES01,4.0
2025-12-22,WIJN01,1.5
2025-12-22,WIJN02,1.8
2025-12-22,WIJN03,0.15
2025-12-22,ZUI01,1.2
2025-12-23,AARD01,4.76
2025-12-23,BIER01,15.5
2025-12-23,BIER02,12.0
2025-12-23,BROOD01,96.0
2025-12-23,BROOD02,14.0
2025-12-23,FRIS01,10.0
2025-12-23,FRIS02,16.0
2025-12-23,FRIS03,1.5
2025-12-23,KOF01,0.188
2025-12-23,VLEES01,14.0
2025-12-23,WIJN01,2.55
2025-12-23,WIJN02,2.55
2025-12-23,WIJN03,0.45
2025-12-23,ZUI01,1.95
2025-12-25,AARD01,8.68
2025-12-25,BIER01,8.5
2025-12-25,BIER02,12.0
2025-12-25,BROOD01,168.0
2025-12-25,BROOD02,18.0
2025-12-25,FRIS01,19.0
2025-12-25,FRIS02,15.0
2025-12-25,FRIS03,3.25
2025-12-25,KOF01,0.472
2025-12-25,VLEES01,18.0
2025-12-25,WIJN01,2.85
2025-12-25,WIJN02,3.0
2025-12-25,WIJN03,0.9
2025-12-25,ZUI01,5.25
2025-12-26,AARD01,7.84
2025-12-26,BIER01,20.75
2025-12-26,BIER02,25.0
2025-12-26,BROOD01,154.0
2025-12-26,BROOD02,18.0
2025-12-26,FRIS01,26.0
2025-12-26,FRIS02,20.0
2025-12-26,FRIS03,4.75
2025-12-26,KOF01,0.262
2025-12-26,VLEES01,18.0
2025-12-26,WIJN01,3.0
2025-12-26,WIJN02,3.75
2025-12-26,WIJN03,1.65
2025-12-26,ZUI01,2.7
2025-12-27,AARD01,6.16
2025-12-27,BIER01,23.5
2025-12-27,BIER02,20.0
2025-12-27,BROOD01,135.0
2025-12-27,BROOD02,9.0
2025-12-27,FRIS01,35.0
2025-12-27,FRIS02,26.0
2025-12-27,FRIS03,3.25
2025-12-27,KOF01,0.112
2025-12-27,VLEES01,9.0
2025-12-27,WIJN01,4.05
2025-12-27,WIJN02,2.7
2025-12-27,WIJN03,1.65
2025-12-27,ZUI01,0.6
2025-12-28,AARD01,2.38
2025-12-28,BIER01,9.5
2025-12-28,BIER02,6.0
2025-12-28,BROOD01,129.0
2025-12-28,BROOD02,6.0
2025-12-28,FRIS01,13.0
2025-12-28,FRIS02,11.0
2025-12-28,FRIS03,2.0
2025-12-28,KOF01,0.195
2025-12-28,VLEES01,6.0
2025-12-28,WIJN01,1.65
2025-12-28,WIJN02,2.85
2025-12-28,WIJN03,1.05
2025-12-28,ZUI01,1.8
2025-12-29,AARD01,5.32
2025-12-29,BIER01,6.5
2025-12-29,BIER02,2.0
2025-12-29,BROOD01,66.0
2025-12-29,BROOD02,16.0
2025-12-29,FRIS01,9.0
2025-12-29,FRIS02,8.0
2025-12-29,FRIS03,4.25
2025-12-29,KOF01,0.15
2025-12-29,VLEES01,16.0
2025-12-29,WIJN01,1.35
2025-12-29,WIJN02,1.05
2025-12-29,WIJN03,1.5
2025-12-29,ZUI01,0.75
2025-12-30,AARD01,4.34
2025-12-30,BIER01,4.25
2025-12-30,BIER02,10.0
2025-12-30,BROOD01,95.0
2025-12-30,BROOD02,9.0
2025-12-30,FRIS01,10.0
2025-12-30,FRIS02,12.0
2025-12-30,FRIS03,2.5
2025-12-30,KOF01,0.202
2025-12-30,VLEES01,9.0
2025-12-30,WIJN01,1.5
2025-12-30,WIJN02,0.6
2025-12-30,WIJN03,0.75
2025-12-30,ZUI01,1.5
2025-12-31,AARD01,4.34
2025-12-31,BIER01,4.25
2025-12-31,BIER02,3.0
2025-12-31,BROOD01,86.0
2025-12-31,BROOD02,16.0
2025-12-31,FRIS01,9.0
2025-12-31,FRIS02,2.0
2025-12-31,FRIS03,2.5
2025-12-31,KOF01,0.09
2025-12-31,VLEES01,16.0
2025-12-31,WIJN01,1.05
2025-12-31,WIJN02,1.5
2025-12-31,ZUI01,1.2
2026-01-02,AARD01,7.42
2026-01-02,BIER01,15.75
2026-01-02,BIER02,15.0
2026-01-02,BROOD01,136.0
2026-01-02,BROOD02,13.0
2026-01-02,FRIS01,18.0
2026-01-02,FRIS02,10.0
2026-01-02,FRIS03,4.0
2026-01-02,KOF01,0.225
2026-01-02,VLEES01,13.0
2026-01-02,WIJN01,4.95
2026-01-02,WIJN02,3.15
2026-01-02,WIJN03,1.8
2026-01-02,ZUI01,2.55
2026-01-03,AARD01,9.94
2026-01-03,BIER01,15.75
2026-01-03,BIER02,16.0
2026-01-03,BROOD01,93.0
2026-01-03,BROOD02,25.0
2026-01-03,FRIS01,9.0
2026-01-03,FRIS02,23.0
2026-01-03,FRIS03,2.0
2026-01-03,KOF01,0.172
2026-01-03,VLEES01,25.0
2026-01-03,WIJN01,4.65
2026-01-03,WIJN02,2.85
2026-01-03,WIJN03,1.65
2026-01-03,ZUI01,2.1
2026-01-04,AARD01,4.34
2026-01-04,BIER01,12.75
2026-01-04,BIER02,11.0
2026-01-04,BROOD01,149.0
2026-01-04,BROOD02,8.0
2026-01-04,FRIS01,8.0
2026-01-04,FRIS02,22.0
2026-01-04,FRIS03,4.5
2026-01-04,KOF01,0.232
2026-01-04,VLEES01,8.0
2026-01-04,WIJN01,1.95
2026-01-04,WIJN02,1.35
2026-01-04,WIJN03,0.9
2026-01-04,ZUI01,1.65
2026-01-05,AARD01,2.24
2026-01-05,BIER01,4.0
2026-01-05,BIER02,3.0
2026-01-05,BROOD01,57.0
2026-01-05,BROOD02,4.0
2026-01-05,FRIS01,10.0
2026-01-05,FRIS02,8.0
2026-01-05,FRIS03,0.75
2026-01-05,KOF01,0.21
2026-01-05,VLEES01,4.0
2026-01-05,WIJN01,0.75
2026-01-05,WIJN02,1.2
2026-01-05,WIJN03,0.9
2026-01-05,ZUI01,2.85
2026-01-06,AARD01,2.66
2026-01-06,BIER01,8.0
2026-01-06,BIER02,6.0
2026-01-06,BROOD01,42.0
2026-01-06,BROOD02,6.0
2026-01-06,FRIS01,8.0
2026-01-06,FRIS02,8.0
2026-01-06,FRIS03,1.0
2026-01-06,KOF01,0.098
2026-01-06,VLEES01,6.0
2026-01-06,WIJN01,1.2
2026-01-06,WIJN02,0.6
2026-01-06,WIJN03,0.3
2026-01-06,ZUI01,0.45
2026-01-07,AARD01,5.04
2026-01-07,BIER01,11.0
2026-01-07,BIER02,6.0
2026-01-07,BROOD01,55.0
2026-01-07,BROOD02,10.0
2026-01-07,FRIS01,11.0
2026-01-07,FRIS02,11.0
2026-01-07,FRIS03,1.75
2026-01-07,KOF01,0.12
2026-01-07,VLEES01,10.0
2026-01-07,WIJN01,0.75
2026-01-07,WIJN02,1.05
2026-01-07,WIJN03,0.45
2026-01-07,ZUI01,1.35
2026-01-08,AARD01,5.46
2026-01-08,BIER01,7.5
2026-01-08,BIER02,11.0
2026-01-08,BROOD01,178.0
2026-01-08,BROOD02,14.0
2026-01-08,FRIS01,11.0
2026-01-08,FRIS02,10.0
2026-01-08,FRIS03,2.75
2026-01-08,KOF01,0.202
2026-01-08,VLEES01,14.0
2026-01-08,WIJN01,1.95
2026-01-08,WIJN02,0.9
2026-01-08,WIJN03,0.45
2026-01-08,ZUI01,2.1
2026-01-09,AARD01,4.62
2026-01-09,BIER01,19.0
2026-01-09,BIER02,19.0
2026-01-09,BROOD01,61.0
2026-01-09,BROOD02,12.0
2026-01-09,FRIS01,9.0
2026-01-09,FRIS02,14.0
2026-01-09,FRIS03,1.25
2026-01-09,KOF01,0.135
2026-01-09,VLEES01,12.0
2026-01-09,WIJN01,2.4
2026-01-09,WIJN02,0.9
2026-01-09,WIJN03,0.75
2026-01-09,ZUI01,0.9
2026-01-10,AARD01,8.12
2026-01-10,BIER01,12.0
2026-01-10,BIER02,8.0
2026-01-10,BROOD01,90.0
2026-01-10,BROOD02,21.0
2026-01-10,FRIS01,21.0
2026-01-10,FRIS02,12.0
2026-01-10,FRIS03,3.0
2026-01-10,KOF01,0.248
2026-01-10,VLEES01,21.0
2026-01-10,WIJN01,2.7
2026-01-10,WIJN02,2.7
2026-01-10,WIJN03,0.75
2026-01-10,ZUI01,2.25
2026-01-11,AARD01,7.98
2026-01-11,BIER01,9.75
2026-01-11,BIER02,9.0
2026-01-11,BROOD01,113.0
2026-01-11,BROOD02,16.0
2026-01-11,FRIS01,20.0
2026-01-11,FRIS02,14.0
2026-01-11,FRIS03,4.5
2026-01-11,KOF01,0.412
2026-01-11,VLEES01,16.0
2026-01-11,WIJN01,0.75
2026-01-11,WIJN02,1.65
2026-01-11,WIJN03,1.35
2026-01-11,ZUI01,4.2
2026-01-12,AARD01,1.54
2026-01-12,BIER01,5.0
2026-01-12,BIER02,1.0
2026-01-12,BROOD01,44.0
2026-01-12,BROOD02,7.0
2026-01-12,FRIS01,3.0
2026-01-12,FRIS02,1.0
2026-01-12,FRIS03,3.0
2026-01-12,KOF01,0.098
2026-01-12,VLEES01,7.0
2026-01-12,WIJN01,1.2
2026-01-12,WIJN02,0.75
2026-01-12,WIJN03,0.15
2026-01-12,ZUI01,1.05
2026-01-13,AARD01,3.64
2026-01-13,BIER01,9.0
2026-01-13,BIER02,6.0
2026-01-13,BROOD01,65.0
2026-01-13,BROOD02,10.0
2026-01-13,FRIS01,4.0
2026-01-13,FRIS02,5.0
2026-01-13,FRIS03,2.0
2026-01-13,KOF01,0.188
2026-01-13,VLEES01,10.0
2026-01-13,WIJN01,0.6
2026-01-13,WIJN02,1.35
2026-01-13,WIJN03,0.9
2026-01-13,ZUI01,1.65
2026-01-14,AARD01,5.74
2026-01-14,BIER01,8.5
2026-01-14,BIER02,4.0
2026-01-14,BROOD01,75.0
2026-01-14,BROOD02,10.0
2026-01-14,FRIS01,8.0
2026-01-14,FRIS02,10.0
2026-01-14,FRIS03,2.25
2026-01-14,KOF01,0.202
2026-01-14,VLEES01,10.0
2026-01-14,WIJN01,0.9
2026-01-14,WIJN02,1.2
2026-01-14,WIJN03,0.3
2026-01-14,ZUI01,2.7
2026-01-15,AARD01,4.34
2026-01-15,BIER01,4.25
2026-01-15,BIER02,3.0
2026-01-15,BROOD01,82.0
2026-01-15,BROOD02,7.0
2026-01-15,FRIS01,9.0
2026-01-15,FRIS02,7.0
2026-01-15,FRIS03,2.75
2026-01-15,KOF01,0.068
2026-01-15,VLEES01,7.0
2026-01-15,WIJN01,1.5
2026-01-15,WIJN02,1.95
2026-01-15,WIJN03,0.75
2026-01-15,ZUI01,0.6
2026-01-16,AARD01,4.62
2026-01-16,BIER01,9.75
2026-01-16,BIER02,16.0
2026-01-16,BROOD01,40.0
2026-01-16,BROOD02,12.0
2026-01-16,FRIS01,12.0
2026-01-16,FRIS02,14.0
2026-01-16,FRIS03,4.5
2026-01-16,KOF01,0.188
2026-01-16,VLEES01,12.0
2026-01-16,WIJN01,2.55
2026-01-16,WIJN02,2.25
2026-01-16,WIJN03,0.75
2026-01-16,ZUI01,2.25
2026-01-17,AARD01,6.72
2026-01-17,BIER01,16.75
2026-01-17,BIER02,14.0
2026-01-17,BROOD01,100.0
2026-01-17,BROOD02,18.0
2026-01-17,FRIS01,20.0
2026-01-17,FRIS02,16.0
2026-01-17,FRIS03,4.0
2026-01-17,KOF01,0.172
2026-01-17,VLEES01,18.0
2026-01-17,WIJN01,2.4
2026-01-17,WIJN02,2.55
2026-01-17,WIJN03,0.6
2026-01-17,ZUI01,2.1
2026-01-18,AARD01,3.36
2026-01-18,BIER01,9.0
2026-01-18,BIER02,2.0
2026-01-18,BROOD01,180.0
2026-01-18,BROOD02,6.0
2026-01-18,FRIS01,9.0
2026-01-18,FRIS02,8.0
2026-01-18,FRIS03,5.25
2026-01-18,KOF01,0.27
2026-01-18,VLEES01,6.0
2026-01-18,WIJN01,2.4
2026-01-18,WIJN02,2.25
2026-01-18,WIJN03,1.2
2026-01-18,ZUI01,3.0
2026-01-19,AARD01,4.9
2026-01-19,BIER01,5.75
2026-01-19,BIER02,3.0
2026-01-19,BROOD01,59.0
2026-01-19,BROOD02,10.0
2026-01-19,FRIS01,11.0
2026-01-19,FRIS02,10.0
2026-01-19,FRIS03,2.25
2026-01-19,KOF01,0.21
2026-01-19,VLEES01,10.0
2026-01-19,WIJN01,0.45
2026-01-19,WIJN02,0.9
2026-01-19,WIJN03,0.15
2026-01-19,ZUI01,2.55
2026-01-20,AARD01,2.8
2026-01-20,BIER01,4.75
2026-01-20,BIER02,6.0
2026-01-20,BROOD01,64.0
2026-01-20,BROOD02,9.0
2026-01-20,FRIS01,13.0
2026-01-20,FRIS02,14.0
2026-01-20,FRIS03,1.0
2026-01-20,KOF01,0.098
2026-01-20,VLEES01,9.0
2026-01-20,WIJN01,0.6
2026-01-20,WIJN02,0.9
2026-01-20,WIJN03,0.75
2026-01-20,ZUI01,0.9
2026-01-21,AARD01,3.92
2026-01-21,BIER01,11.5
2026-01-21,BIER02,13.0
2026-01-21,BROOD01,87.0
2026-01-21,BROOD02,5.0
2026-01-21,FRIS01,12.0
2026-01-21,FRIS02,16.0
2026-01-21,FRIS03,1.75
2026-01-21,KOF01,0.337
2026-01-21,VLEES01,5.0
2026-01-21,WIJN01,1.35
2026-01-21,WIJN02,1.5
2026-01-21,WIJN03,1.05
2026-01-21,ZUI01,4.2
2026-01-22,AARD01,6.58
2026-01-22,BIER01,11.25
2026-01-22,BIER02,14.0
2026-01-22,BROOD01,118.0
2026-01-22,BROOD02,15.0
2026-01-22,FRIS01,12.0
2026-01-22,FRIS02,12.0
2026-01-22,FRIS03,1.5
2026-01-22,KOF01,0.112
2026-01-22,VLEES01,15.0
2026-01-22,WIJN01,1.95
2026-01-22,WIJN02,0.6
2026-01-22,WIJN03,0.75
2026-01-22,ZUI01,1.2
2026-01-23,AARD01,4.34
2026-01-23,BIER01,15.25
2026-01-23,BIER02,8.0
2026-01-23,BROOD01,84.0
2026-01-23,BROOD02,14.0
2026-01-23,FRIS01,18.0
2026-01-23,FRIS02,10.0
2026-01-23,FRIS03,3.25
2026-01-23,KOF01,0.225
2026-01-23,VLEES01,14.0
2026-01-23,WIJN01,3.0
2026-01-23,WIJN02,1.95
2026-01-23,WIJN03,1.5
2026-01-23,ZUI01,1.8
2026-01-24,AARD01,4.76
2026-01-24,BIER01,12.75
2026-01-24,BIER02,12.0
2026-01-24,BROOD01,95.0
2026-01-24,BROOD02,8.0
2026-01-24,FRIS01,16.0
2026-01-24,FRIS02,13.0
2026-01-24,FRIS03,3.75
2026-01-24,KOF01,0.322
2026-01-24,VLEES01,8.0
2026-01-24,WIJN01,3.0
2026-01-24,WIJN02,2.7
2026-01-24,WIJN03,1.5
2026-01-24,ZUI01,2.7
2026-01-25,AARD01,6.16
2026-01-25,BIER01,13.5
2026-01-25,BIER02,14.0
2026-01-25,BROOD01,114.0
2026-01-25,BROOD02,12.0
2026-01-25,FRIS01,15.0
2026-01-25,FRIS02,16.0
2026-01-25,FRIS03,6.0
2026-01-25,KOF01,0.36
2026-01-25,VLEES01,12.0
2026-01-25,WIJN01,3.15
2026-01-25,WIJN02,2.1
2026-01-25,WIJN03,0.45
2026-01-25,ZUI01,4.5
2026-01-26,AARD01,3.22
2026-01-26,BIER01,7.25
2026-01-26,BIER02,5.0
2026-01-26,BROOD01,63.0
2026-01-26,BROOD02,4.0
2026-01-26,FRIS01,8.0
2026-01-26,FRIS02,2.0
2026-01-26,FRIS03,3.0
2026-01-26,KOF01,0.098
2026-01-26,VLEES01,4.0
2026-01-26,WIJN01,1.2
2026-01-26,WIJN02,0.15
2026-01-26,WIJN03,0.15
2026-01-26,ZUI01,0.75
2026-01-27,AARD01,4.06
2026-01-27,BIER01,4.0
2026-01-27,BIER02,6.0
2026-01-27,BROOD01,53.0
2026-01-27,BROOD02,10.0
2026-01-27,FRIS01,15.0
2026-01-27,FRIS02,6.0
2026-01-27,FRIS03,2.0
2026-01-27,KOF01,0.165
2026-01-27,VLEES01,10.0
2026-01-27,WIJN01,1.35
2026-01-27,WIJN02,1.35
2026-01-27,WIJN03,0.3
2026-01-27,ZUI01,1.8
2026-01-28,AARD01,4.76
2026-01-28,BIER01,7.0
2026-01-28,BIER02,5.0
2026-01-28,BROOD01,105.0
2026-01-28,BROOD02,12.0
2026-01-28,FRIS01,11.0
2026-01-28,FRIS02,9.0
2026-01-28,FRIS03,2.0
2026-01-28,KOF01,0.158
2026-01-28,VLEES01,12.0
2026-01-28,WIJN01,1.2
2026-01-28,WIJN02,1.5
2026-01-28,WIJN03,1.05
2026-01-28,ZUI01,1.35
2026-01-29,AARD01,4.34
2026-01-29,BIER01,8.25
2026-01-29,BIER02,5.0
2026-01-29,BROOD01,107.0
2026-01-29,BROOD02,3.0
2026-01-29,FRIS01,22.0
2026-01-29,FRIS02,6.0
2026-01-29,FRIS03,2.5
2026-01-29,KOF01,0.225
2026-01-29,VLEES01,3.0
2026-01-29,WIJN01,0.75
2026-01-29,WIJN02,0.9
2026-01-29,WIJN03,0.9
2026-01-29,ZUI01,2.4
2026-01-30,AARD01,5.88
2026-01-30,BIER01,10.0
2026-01-30,BIER02,11.0
2026-01-30,BROOD01,142.0
2026-01-30,BROOD02,11.0
2026-01-30,FRIS01,16.0
2026-01-30,FRIS02,13.0
2026-01-30,FRIS03,1.75
2026-01-30,KOF01,0.24
2026-01-30,VLEES01,11.0
2026-01-30,WIJN01,2.7
2026-01-30,WIJN02,1.95
2026-01-30,WIJN03,0.45
2026-01-30,ZUI01,2.55
2026-01-31,AARD01,8.54
2026-01-31,BIER01,22.25
2026-01-31,BIER02,18.0
2026-01-31,BROOD01,117.0
2026-01-31,BROOD02,24.0
2026-01-31,FRIS01,20.0
2026-01-31,FRIS02,26.0
2026-01-31,FRIS03,3.0
2026-01-31,KOF01,0.135
2026-01-31,VLEES01,24.0
2026-01-31,WIJN01,2.25
2026-01-31,WIJN02,2.4
2026-01-31,WIJN03,2.55
2026-01-31,ZUI01,1.65
2026-02-01,AARD01,9.24
2026-02-01,BIER01,9.25
2026-02-01,BIER02,7.0
2026-02-01,BROOD01,221.0
2026-02-01,BROOD02,16.0
2026-02-01,FRIS01,26.0
2026-02-01,FRIS02,20.0
2026-02-01,FRIS03,4.75
2026-02-01,KOF01,0.337
2026-02-01,VLEES01,16.0
2026-02-01,WIJN01,1.95
2026-02-01,WIJN02,1.95
2026-02-01,WIJN03,0.45
2026-02-01,ZUI01,2.4
2026-02-02,AARD01,2.52
2026-02-02,BIER01,12.5
2026-02-02,BIER02,8.0
2026-02-02,BROOD01,46.0
2026-02-02,BROOD02,5.0
2026-02-02,FRIS01,10.0
2026-02-02,FRIS02,6.0
2026-02-02,FRIS03,1.75
2026-02-02,KOF01,0.12
2026-02-02,VLEES01,5.0
2026-02-02,WIJN01,0.45
2026-02-02,WIJN02,1.2
2026-02-02,WIJN03,0.6
2026-02-02,ZUI01,1.05
2026-02-03,AARD01,4.34
2026-02-03,BIER01,6.0
2026-02-03,BROOD01,63.0
2026-02-03,BROOD02,8.0
2026-02-03,FRIS01,12.0
2026-02-03,FRIS02,10.0
2026-02-03,FRIS03,1.5
2026-02-03,KOF01,0.128
2026-02-03,VLEES01,8.0
2026-02-03,WIJN01,1.2
2026-02-03,WIJN02,0.3
2026-02-03,WIJN03,0.6
2026-02-03,ZUI01,1.2
2026-02-04,AARD01,5.6
2026-02-04,BIER01,9.75
2026-02-04,BIER02,10.0
2026-02-04,BROOD01,93.0
2026-02-04,BROOD02,10.0
2026-02-04,FRIS01,19.0
2026-02-04,FRIS02,4.0
2026-02-04,FRIS03,2.5
2026-02-04,KOF01,0.172
2026-02-04,VLEES01,10.0
2026-02-04,WIJN01,2.25
2026-02-04,WIJN02,2.7
2026-02-04,WIJN03,0.45
2026-02-04,ZUI01,1.8
2026-02-05,AARD01,6.3
2026-02-05,BIER01,16.0
2026-02-05,BIER02,9.0
2026-02-05,BROOD01,103.0
2026-02-05,BROOD02,17.0
2026-02-05,FRIS01,4.0
2026-02-05,FRIS02,9.0
2026-02-05,FRIS03,2.0
2026-02-05,KOF01,0.105
2026-02-05,VLEES01,17.0
2026-02-05,WIJN01,0.9
2026-02-05,WIJN02,0.6
2026-02-05,WIJN03,0.6
2026-02-05,ZUI01,1.05
2026-02-06,AARD01,4.76
2026-02-06,BIER01,13.0
2026-02-06,BIER02,12.0
2026-02-06,BROOD01,109.0
2026-02-06,BROOD02,10.0
2026-02-06,FRIS01,22.0
2026-02-06,FRIS02,15.0
2026-02-06,FRIS03,3.5
2026-02-06,KOF01,0.27
2026-02-06,VLEES01,10.0
2026-02-06,WIJN01,4.95
2026-02-06,WIJN02,2.4
2026-02-06,WIJN03,0.75
2026-02-06,ZUI01,2.25
2026-02-07,AARD01,10.5
2026-02-07,BIER01,21.75
2026-02-07,BIER02,15.0
2026-02-07,BROOD01,155.0
2026-02-07,BROOD02,23.0
2026-02-07,FRIS01,20.0
2026-02-07,FRIS02,23.0
2026-02-07,FRIS03,2.75
2026-02-07,KOF01,0.382
2026-02-07,VLEES01,23.0
2026-02-07,WIJN01,4.2
2026-02-07,WIJN02,4.95
2026-02-07,WIJN03,1.2
2026-02-07,ZUI01,4.05
2026-02-08,AARD01,10.08
2026-02-08,BIER01,19.25
2026-02-08,BIER02,9.0
2026-02-08,BROOD01,172.0
2026-02-08,BROOD02,21.0
2026-02-08,FRIS01,19.0
2026-02-08,FRIS02,35.0
2026-02-08,FRIS03,5.25
2026-02-08,KOF01,0.397
2026-02-08,VLEES01,21.0
2026-02-08,WIJN01,1.35
2026-02-08,WIJN02,4.8
2026-02-08,WIJN03,0.6
2026-02-08,ZUI01,3.45
2026-02-09,AARD01,3.78
2026-02-09,BIER01,6.25
2026-02-09,BIER02,12.0
2026-02-09,BROOD01,68.0
2026-02-09,BROOD02,10.0
2026-02-09,FRIS01,9.0
2026-02-09,FRIS02,9.0
2026-02-09,FRIS03,2.75
2026-02-09,KOF01,0.18
2026-02-09,VLEES01,10.0
2026-02-09,WIJN01,1.65
2026-02-09,WIJN02,0.9
2026-02-09,WIJN03,0.3
2026-02-09,ZUI01,1.65
2026-02-10,AARD01,1.26
2026-02-10,BIER01,6.0
2026-02-10,BIER02,8.0
2026-02-10,BROOD01,66.0
2026-02-10,BROOD02,4.0
2026-02-10,FRIS01,13.0
2026-02-10,FRIS02,9.0
2026-02-10,FRIS03,2.0
2026-02-10,KOF01,0.218
2026-02-10,VLEES01,4.0
2026-02-10,WIJN01,2.55
2026-02-10,WIJN02,0.75
2026-02-10,WIJN03,0.9
2026-02-10,ZUI01,2.4
2026-02-11,AARD01,3.64
2026-02-11,BIER01,8.25
2026-02-11,BIER02,8.0
2026-02-11,BROOD01,96.0
2026-02-11,BROOD02,13.0
2026-02-11,FRIS01,15.0
2026-02-11,FRIS02,13.0
2026-02-11,FRIS03,1.0
2026-02-11,KOF01,0.135
2026-02-11,VLEES01,13.0
2026-02-11,WIJN01,1.95
2026-02-11,WIJN02,1.2
2026-02-11,WIJN03,0.6
2026-02-11,ZUI01,1.5
2026-02-12,AARD01,3.92
2026-02-12,BIER01,8.5
2026-02-12,BIER02,4.0
2026-02-12,BROOD01,130.0
2026-02-12,BROOD02,6.0
2026-02-12,FRIS01,17.0
2026-02-12,FRIS02,9.0
2026-02-12,FRIS03,1.25
2026-02-12,KOF01,0.172
2026-02-12,VLEES01,6.0
2026-02-12,WIJN01,0.9
2026-02-12,WIJN02,1.2
2026-02-12,WIJN03,0.3
2026-02-12,ZUI01,1.35
2026-02-13,AARD01,7.98
2026-02-13,BIER01,25.0
2026-02-13,BIER02,10.0
2026-02-13,BROOD01,87.0
2026-02-13,BROOD02,16.0
2026-02-13,FRIS01,15.0
2026-02-13,FRIS02,24.0
2026-02-13,FRIS03,6.25
2026-02-13,KOF01,0.337
2026-02-13,VLEES01,16.0
2026-02-13,WIJN01,3.45
2026-02-13,WIJN02,1.95
2026-02-13,WIJN03,0.3
2026-02-13,ZUI01,3.6
2026-02-14,AARD01,8.82
2026-02-14,BIER01,17.5
2026-02-14,BIER02,33.0
2026-02-14,BROOD01,187.0
2026-02-14,BROOD02,30.0
2026-02-14,FRIS01,18.0
2026-02-14,FRIS02,31.0
2026-02-14,FRIS03,4.5
2026-02-14,KOF01,0.548
2026-02-14,VLEES01,30.0
2026-02-14,WIJN01,4.8
2026-02-14,WIJN02,3.0
2026-02-14,WIJN03,0.6
2026-02-14,ZUI01,4.5
2026-02-15,AARD01,7.42
2026-02-15,BIER01,9.75
2026-02-15,BIER02,5.0
2026-02-15,BROOD01,150.0
2026-02-15,BROOD02,15.0
2026-02-15,FRIS01,15.0
2026-02-15,FRIS02,10.0
2026-02-15,FRIS03,3.5
2026-02-15,KOF01,0.248
2026-02-15,VLEES01,15.0
2026-02-15,WIJN01,2.25
2026-02-15,WIJN02,2.85
2026-02-15,WIJN03,0.75
2026-02-15,ZUI01,2.25
2026-02-16,AARD01,2.8
2026-02-16,BIER01,2.75
2026-02-16,BIER02,2.0
2026-02-16,BROOD01,68.0
2026-02-16,BROOD02,7.0
2026-02-16,FRIS01,7.0
2026-02-16,FRIS02,6.0
2026-02-16,FRIS03,1.5
2026-02-16,KOF01,0.142
2026-02-16,VLEES01,7.0
2026-02-16,WIJN01,1.8
2026-02-16,WIJN02,0.3
2026-02-16,WIJN03,0.3
2026-02-16,ZUI01,0.75
2026-02-17,AARD01,4.48
2026-02-17,BIER01,9.25
2026-02-17,BIER02,5.0
2026-02-17,BROOD01,68.0
2026-02-17,BROOD02,9.0
2026-02-17,FRIS01,6.0
2026-02-17,FRIS02,10.0
2026-02-17,FRIS03,1.75
2026-02-17,KOF01,0.15
2026-02-17,VLEES01,9.0
2026-02-17,WIJN01,1.65
2026-02-17,WIJN02,0.3
2026-02-17,WIJN03,0.3
2026-02-17,ZUI01,1.2
2026-02-18,AARD01,6.02
2026-02-18,BIER01,11.25
2026-02-18,BIER02,7.0
2026-02-18,BROOD01,122.0
2026-02-18,BROOD02,17.0
2026-02-18,FRIS01,19.0
2026-02-18,FRIS02,18.0
2026-02-18,FRIS03,3.5
2026-02-18,KOF01,0.375
2026-02-18,VLEES01,17.0
2026-02-18,WIJN01,2.1
2026-02-18,WIJN02,1.5
2026-02-18,WIJN03,0.6
2026-02-18,ZUI01,4.2
2026-02-19,AARD01,7.98
2026-02-19,BIER01,13.5
2026-02-19,BIER02,9.0
2026-02-19,BROOD01,78.0
2026-02-19,BROOD02,15.0
2026-02-19,FRIS01,20.0
2026-02-19,FRIS02,15.0
2026-02-19,FRIS03,3.75
2026-02-19,KOF01,0.3
2026-02-19,VLEES01,15.0
2026-02-19,WIJN01,1.2
2026-02-19,WIJN02,2.85
2026-02-19,WIJN03,0.9
2026-02-19,ZUI01,3.6
2026-02-20,AARD01,8.12
2026-02-20,BIER01,17.75
2026-02-20,BIER02,20.0
2026-02-20,BROOD01,152.0
2026-02-20,BROOD02,21.0
2026-02-20,FRIS01,13.0
2026-02-20,FRIS02,14.0
2026-02-20,FRIS03,4.25
2026-02-20,KOF01,0.397
2026-02-20,VLEES01,21.0
2026-02-20,WIJN01,2.4
2026-02-20,WIJN02,1.95
2026-02-20,WIJN03,1.05
2026-02-20,ZUI01,2.85
2026-02-21,AARD01,9.24
2026-02-21,BIER01,18.25
2026-02-21,BIER02,11.0
2026-02-21,BROOD01,139.0
2026-02-21,BROOD02,26.0
2026-02-21,FRIS01,15.0
2026-02-21,FRIS02,24.0
2026-02-21,FRIS03,5.0
2026-02-21,KOF01,0.308
2026-02-21,VLEES01,26.0
2026-02-21,WIJN01,3.75
2026-02-21,WIJN02,3.3
2026-02-21,WIJN03,1.05
2026-02-21,ZUI01,2.85
2026-02-22,AARD01,4.2
2026-02-22,BIER01,7.75
2026-02-22,BIER02,6.0
2026-02-22,BROOD01,84.0
2026-02-22,BROOD02,9.0
2026-02-22,FRIS01,17.0
2026-02-22,FRIS02,14.0
2026-02-22,FRIS03,2.75
2026-02-22,KOF01,0.255
2026-02-22,VLEES01,9.0
2026-02-22,WIJN01,1.2
2026-02-22,WIJN02,1.05
2026-02-22,WIJN03,1.35
2026-02-22,ZUI01,2.55
2026-02-23,AARD01,5.6
2026-02-23,BIER01,5.5
2026-02-23,BROOD01,53.0
2026-02-23,BROOD02,11.0
2026-02-23,FRIS01,6.0
2026-02-23,FRIS02,11.0
2026-02-23,FRIS03,2.5
2026-02-23,KOF01,0.09
2026-02-23,VLEES01,11.0
2026-02-23,WIJN01,1.5
2026-02-23,WIJN03,0.15
2026-02-23,ZUI01,0.6
2026-02-24,AARD01,5.18
2026-02-24,BIER01,6.25
2026-02-24,BIER02,6.0
2026-02-24,BROOD01,127.0
2026-02-24,BROOD02,11.0
2026-02-24,FRIS01,5.0
2026-02-24,FRIS02,16.0
2026-02-24,FRIS03,5.0
2026-02-24,KOF01,0.27
2026-02-24,VLEES01,11.0
2026-02-24,WIJN01,1.35
2026-02-24,WIJN02,1.35
2026-02-24,ZUI01,2.1
2026-02-25,AARD01,7.98
2026-02-25,BIER01,8.25
2026-02-25,BIER02,8.0
2026-02-25,BROOD01,130.0
2026-02-25,BROOD02,15.0
2026-02-25,FRIS01,16.0
2026-02-25,FRIS02,16.0
2026-02-25,FRIS03,3.25
2026-02-25,KOF01,0.21
2026-02-25,VLEES01,15.0
2026-02-25,WIJN01,1.8
2026-02-25,WIJN02,1.65
2026-02-25,WIJN03,1.05
2026-02-25,ZUI01,2.1
2026-02-26,AARD01,6.3
2026-02-26,BIER01,9.25
2026-02-26,BIER02,7.0
2026-02-26,BROOD01,140.0
2026-02-26,BROOD02,16.0
2026-02-26,FRIS01,9.0
2026-02-26,FRIS02,17.0
2026-02-26,FRIS03,0.75
2026-02-26,KOF01,0.285
2026-02-26,VLEES01,16.0
2026-02-26,WIJN01,1.2
2026-02-26,WIJN02,2.25
2026-02-26,WIJN03,0.3
2026-02-26,ZUI01,4.2
2026-02-27,AARD01,7.7
2026-02-27,BIER01,19.5
2026-02-27,BIER02,8.0
2026-02-27,BROOD01,117.0
2026-02-27,BROOD02,25.0
2026-02-27,FRIS01,21.0
2026-02-27,FRIS02,19.0
2026-02-27,FRIS03,5.0
2026-02-27,KOF01,0.195
2026-02-27,VLEES01,25.0
2026-02-27,WIJN01,3.15
2026-02-27,WIJN02,1.95
2026-02-27,WIJN03,1.8
2026-02-27,ZUI01,2.25
2026-02-28,AARD01,9.24
2026-02-28,BIER01,22.75
2026-02-28,BIER02,17.0
2026-02-28,BROOD01,120.0
2026-02-28,BROOD02,18.0
2026-02-28,FRIS01,13.0
2026-02-28,FRIS02,15.0
2026-02-28,FRIS03,2.5
2026-02-28,KOF01,0.308
2026-02-28,VLEES01,18.0
2026-02-28,WIJN01,4.05
2026-02-28,WIJN02,3.9
2026-02-28,WIJN03,1.95
2026-02-28,ZUI01,3.3
2026-03-01,AARD01,3.92
2026-03-01,BIER01,11.5
2026-03-01,BIER02,9.0
2026-03-01,BROOD01,95.0
2026-03-01,BROOD02,15.0
2026-03-01,FRIS01,16.0
2026-03-01,FRIS02,19.0
2026-03-01,FRIS03,5.25
2026-03-01,KOF01,0.352
2026-03-01,VLEES01,15.0
2026-03-01,WIJN01,1.5
2026-03-01,WIJN02,1.5
2026-03-01,WIJN03,1.2
2026-03-01,ZUI01,3.6
2026-03-02,AARD01,4.48
2026-03-02,BIER01,11.0
2026-03-02,BIER02,5.0
2026-03-02,BROOD01,74.0
2026-03-02,BROOD02,11.0
2026-03-02,FRIS01,6.0
2026-03-02,FRIS02,6.0
2026-03-02,FRIS03,1.25
2026-03-02,KOF01,0.15
2026-03-02,VLEES01,11.0
2026-03-02,WIJN01,1.35
2026-03-02,WIJN02,1.5
2026-03-02,WIJN03,0.75
2026-03-02,ZUI01,1.8
2026-03-03,AARD01,4.9
2026-03-03,BIER01,9.0
2026-03-03,BIER02,11.0
2026-03-03,BROOD01,159.0
2026-03-03,BROOD02,11.0
2026-03-03,FRIS01,7.0
2026-03-03,FRIS02,17.0
2026-03-03,FRIS03,1.0
2026-03-03,KOF01,0.188
2026-03-03,VLEES01,11.0
2026-03-03,WIJN01,1.5
2026-03-03,WIJN02,2.1
2026-03-03,WIJN03,0.75
2026-03-03,ZUI01,1.65
2026-03-04,AARD01,7.98
2026-03-04,BIER01,9.5
2026-03-04,BIER02,8.0
2026-03-04,BROOD01,81.0
2026-03-04,BROOD02,15.0
2026-03-04,FRIS01,22.0
2026-03-04,FRIS02,18.0
2026-03-04,FRIS03,1.75
2026-03-04,KOF01,0.277
2026-03-04,VLEES01,15.0
2026-03-04,WIJN01,3.15
2026-03-04,WIJN02,1.05
2026-03-04,WIJN03,0.3
2026-03-04,ZUI01,2.4
2026-03-05,AARD01,5.04
2026-03-05,BIER01,7.0
2026-03-05,BIER02,5.0
2026-03-05,BROOD01,68.0
2026-03-05,BROOD02,13.0
2026-03-05,FRIS01,17.0
2026-03-05,FRIS02,13.0
2026-03-05,FRIS03,4.5
2026-03-05,KOF01,0.202
2026-03-05,VLEES01,13.0
2026-03-05,WIJN01,1.65
2026-03-05,WIJN02,1.2
2026-03-05,WIJN03,0.6
2026-03-05,ZUI01,2.4
2026-03-06,AARD01,7.84
2026-03-06,BIER01,17.0
2026-03-06,BIER02,12.0
2026-03-06,BROOD01,112.0
2026-03-06,BROOD02,18.0
2026-03-06,FRIS01,15.0
2026-03-06,FRIS02,19.0
2026-03-06,FRIS03,3.5
2026-03-06,KOF01,0.308
2026-03-06,VLEES01,18.0
2026-03-06,WIJN01,4.65
2026-03-06,WIJN02,3.9
2026-03-06,WIJN03,0.75
2026-03-06,ZUI01,2.1
2026-03-07,AARD01,7.84
2026-03-07,BIER01,25.75
2026-03-07,BIER02,16.0
2026-03-07,BROOD01,161.0
2026-03-07,BROOD02,18.0
2026-03-07,FRIS01,21.0
2026-03-07,FRIS02,17.0
2026-03-07,FRIS03,4.0
2026-03-07,KOF01,0.368
2026-03-07,VLEES01,18.0
2026-03-07,WIJN01,1.95
2026-03-07,WIJN02,3.0
2026-03-07,WIJN03,1.5
2026-03-07,ZUI01,2.85
2026-03-08,AARD01,5.74
2026-03-08,BIER01,11.0
2026-03-08,BIER02,5.0
2026-03-08,BROOD01,120.0
2026-03-08,BROOD02,20.0
2026-03-08,FRIS01,14.0
2026-03-08,FRIS02,13.0
2026-03-08,FRIS03,4.75
2026-03-08,KOF01,0.33
2026-03-08,VLEES01,20.0
2026-03-08,WIJN01,0.9
2026-03-08,WIJN02,0.75
2026-03-08,WIJN03,0.6
2026-03-08,ZUI01,3.0
2026-03-09,AARD01,2.8
2026-03-09,BIER01,2.5
2026-03-09,BIER02,3.0
2026-03-09,BROOD01,90.0
2026-03-09,BROOD02,8.0
2026-03-09,FRIS01,6.0
2026-03-09,FRIS02,7.0
2026-03-09,FRIS03,2.5
2026-03-09,KOF01,0.158
2026-03-09,VLEES01,8.0
2026-03-09,WIJN01,1.2
2026-03-09,WIJN02,0.75
2026-03-09,WIJN03,0.15
2026-03-09,ZUI01,1.8
2026-03-10,AARD01,7.0
2026-03-10,BIER01,17.5
2026-03-10,BIER02,10.0
2026-03-10,BROOD01,195.0
2026-03-10,BROOD02,20.0
2026-03-10,FRIS01,5.0
2026-03-10,FRIS02,28.0
2026-03-10,FRIS03,3.0
2026-03-10,KOF01,0.315
2026-03-10,VLEES01,20.0
2026-03-10,WIJN01,2.1
2026-03-10,WIJN02,1.5
2026-03-10,WIJN03,0.6
2026-03-10,ZUI01,3.6
2026-03-11,AARD01,5.18
2026-03-11,BIER01,9.75
2026-03-11,BIER02,9.0
2026-03-11,BROOD01,119.0
2026-03-11,BROOD02,8.0
2026-03-11,FRIS01,14.0
2026-03-11,FRIS02,11.0
2026-03-11,FRIS03,2.75
2026-03-11,KOF01,0.3
2026-03-11,VLEES01,8.0
2026-03-11,WIJN01,1.05
2026-03-11,WIJN02,1.2
2026-03-11,WIJN03,0.3
2026-03-11,ZUI01,3.15
2026-03-12,AARD01,4.9
2026-03-12,BIER01,8.75
2026-03-12,BIER02,8.0
2026-03-12,BROOD01,90.0
2026-03-12,BROOD02,14.0
2026-03-12,FRIS01,12.0
2026-03-12,FRIS02,11.0
2026-03-12,FRIS03,2.0
2026-03-12,KOF01,0.24
2026-03-12,VLEES01,14.0
2026-03-12,WIJN01,1.2
2026-03-12,WIJN02,1.8
2026-03-12,WIJN03,0.75
2026-03-12,ZUI01,1.8
2026-03-13,AARD01,11.48
2026-03-13,BIER01,20.25
2026-03-13,BIER02,14.0
2026-03-13,BROOD01,91.0
2026-03-13,BROOD02,34.0
2026-03-13,FRIS01,25.0
2026-03-13,FRIS02,16.0
2026-03-13,FRIS03,4.25
2026-03-13,KOF01,0.21
2026-03-13,VLEES01,34.0
2026-03-13,WIJN01,4.65
2026-03-13,WIJN02,3.45
2026-03-13,WIJN03,1.95
2026-03-13,ZUI01,2.1
2026-03-14,AARD01,8.26
2026-03-14,BIER01,22.5
2026-03-14,BIER02,19.0
2026-03-14,BROOD01,148.0
2026-03-14,BROOD02,13.0
2026-03-14,FRIS01,16.0
2026-03-14,FRIS02,28.0
2026-03-14,FRIS03,4.25
2026-03-14,KOF01,0.322
2026-03-14,VLEES01,13.0
2026-03-14,WIJN01,3.15
2026-03-14,WIJN02,4.05
2026-03-14,WIJN03,0.75
2026-03-14,ZUI01,3.6
2026-03-15,AARD01,5.32
2026-03-15,BIER01,7.75
2026-03-15,BIER02,11.0
2026-03-15,BROOD01,109.0
2026-03-15,BROOD02,13.0
2026-03-15,FRIS01,14.0
2026-03-15,FRIS02,27.0
2026-03-15,FRIS03,4.5
2026-03-15,KOF01,0.375
2026-03-15,VLEES01,13.0
2026-03-15,WIJN01,2.4
2026-03-15,WIJN02,2.1
2026-03-15,WIJN03,0.45
2026-03-15,ZUI01,3.45
2026-03-16,AARD01,3.36
2026-03-16,BIER01,7.75
2026-03-16,BIER02,7.0
2026-03-16,BROOD01,82.0
2026-03-16,BROOD02,12.0
2026-03-16,FRIS01,6.0
2026-03-16,FRIS02,9.0
2026-03-16,FRIS03,2.25
2026-03-16,KOF01,0.218
2026-03-16,VLEES01,12.0
2026-03-16,WIJN01,0.9
2026-03-16,WIJN02,1.05
2026-03-16,WIJN03,0.3
2026-03-16,ZUI01,1.95
2026-03-17,AARD01,5.04
2026-03-17,BIER01,8.0
2026-03-17,BIER02,7.0
2026-03-17,BROOD01,82.0
2026-03-17,BROOD02,13.0
2026-03-17,FRIS01,7.0
2026-03-17,FRIS02,10.0
2026-03-17,FRIS03,2.0
2026-03-17,KOF01,0.165
2026-03-17,VLEES01,13.0
2026-03-17,WIJN01,0.9
2026-03-17,WIJN02,0.6
2026-03-17,WIJN03,0.3
2026-03-17,ZUI01,2.1
2026-03-18,AARD01,3.64
2026-03-18,BIER01,10.75
2026-03-18,BIER02,12.0
2026-03-18,BROOD01,121.0
2026-03-18,BROOD02,9.0
2026-03-18,FRIS01,8.0
2026-03-18,FRIS02,13.0
2026-03-18,FRIS03,3.5
2026-03-18,KOF01,0.172
2026-03-18,VLEES01,9.0
2026-03-18,WIJN01,2.1
2026-03-18,WIJN02,0.6
2026-03-18,WIJN03,1.5
2026-03-18,ZUI01,2.4
2026-03-19,AARD01,7.84
2026-03-19,BIER01,16.25
2026-03-19,BIER02,11.0
2026-03-19,BROOD01,160.0
2026-03-19,BROOD02,13.0
2026-03-19,FRIS01,20.0
2026-03-19,FRIS02,17.0
2026-03-19,FRIS03,3.25
2026-03-19,KOF01,0.188
2026-03-19,VLEES01,13.0
2026-03-19,WIJN01,3.45
2026-03-19,WIJN02,2.4
2026-03-19,WIJN03,0.9
2026-03-19,ZUI01,1.8
2026-03-20,AARD01,7.56
2026-03-20,BIER01,26.25
2026-03-20,BIER02,27.0
2026-03-20,BROOD01,177.0
2026-03-20,BROOD02,16.0
2026-03-20,FRIS01,24.0
2026-03-20,FRIS02,23.0
2026-03-20,FRIS03,6.75
2026-03-20,KOF01,0.255
2026-03-20,VLEES01,16.0
2026-03-20,WIJN01,4.2
2026-03-20,WIJN02,5.4
2026-03-20,WIJN03,1.05
2026-03-20,ZUI01,2.25
2026-03-21,AARD01,13.3
2026-03-21,BIER01,23.5
2026-03-21,BIER02,22.0
2026-03-21,BROOD01,96.0
2026-03-21,BROOD02,36.0
2026-03-21,FRIS01,19.0
2026-03-21,FRIS02,21.0
2026-03-21,FRIS03,3.0
2026-03-21,KOF01,0.308
2026-03-21,VLEES01,36.0
2026-03-21,WIJN01,3.9
2026-03-21,WIJN02,4.95
2026-03-21,WIJN03,1.5
2026-03-21,ZUI01,3.3
2026-03-22,AARD01,7.0
2026-03-22,BIER01,15.25
2026-03-22,BIER02,14.0
2026-03-22,BROOD01,116.0
2026-03-22,BROOD02,20.0
2026-03-22,FRIS01,12.0
2026-03-22,FRIS02,23.0
2026-03-22,FRIS03,4.25
2026-03-22,KOF01,0.375
2026-03-22,VLEES01,20.0
2026-03-22,WIJN01,1.05
2026-03-22,WIJN02,2.25
2026-03-22,WIJN03,0.45
2026-03-22,ZUI01,3.75
2026-03-23,AARD01,5.18
2026-03-23,BIER01,9.5
2026-03-23,BIER02,4.0
2026-03-23,BROOD01,106.0
2026-03-23,BROOD02,13.0
2026-03-23,FRIS01,12.0
2026-03-23,FRIS02,6.0
2026-03-23,FRIS03,1.5
2026-03-23,KOF01,0.158
2026-03-23,VLEES01,13.0
2026-03-23,WIJN01,1.95
2026-03-23,WIJN02,1.65
2026-03-23,WIJN03,0.45
2026-03-23,ZUI01,1.95
2026-03-24,AARD01,6.58
2026-03-24,BIER01,9.0
2026-03-24,BIER02,6.0
2026-03-24,BROOD01,100.0
2026-03-24,BROOD02,13.0
2026-03-24,FRIS01,10.0
2026-03-24,FRIS02,13.0
2026-03-24,FRIS03,2.25
2026-03-24,KOF01,0.255
2026-03-24,VLEES01,13.0
2026-03-24,WIJN01,2.1
2026-03-24,WIJN02,1.5
2026-03-24,WIJN03,0.6
2026-03-24,ZUI01,2.1
2026-03-25,AARD01,4.76
2026-03-25,BIER01,8.5
2026-03-25,BIER02,8.0
2026-03-25,BROOD01,138.0
2026-03-25,BROOD02,10.0
2026-03-25,FRIS01,28.0
2026-03-25,FRIS02,19.0
2026-03-25,FRIS03,3.25
2026-03-25,KOF01,0.27
2026-03-25,VLEES01,10.0
2026-03-25,WIJN01,2.55
2026-03-25,WIJN02,1.35
2026-03-25,WIJN03,0.6
2026-03-25,ZUI01,2.4
2026-03-26,AARD01,7.42
2026-03-26,BIER01,9.5
2026-03-26,BIER02,5.0
2026-03-26,BROOD01,90.0
2026-03-26,BROOD02,24.0
2026-03-26,FRIS01,11.0
2026-03-26,FRIS02,21.0
2026-03-26,FRIS03,2.0
2026-03-26,KOF01,0.255
2026-03-26,VLEES01,24.0
2026-03-26,WIJN01,0.9
2026-03-26,WIJN02,0.45
2026-03-26,WIJN03,0.45
2026-03-26,ZUI01,1.65
2026-03-27,AARD01,7.14
2026-03-27,BIER01,24.5
2026-03-27,BIER02,18.0
2026-03-27,BROOD01,145.0
2026-03-27,BROOD02,21.0
2026-03-27,FRIS01,23.0
2026-03-27,FRIS02,30.0
2026-03-27,FRIS03,2.5
2026-03-27,KOF01,0.33
2026-03-27,VLEES01,21.0
2026-03-27,WIJN01,4.05
2026-03-27,WIJN02,3.0
2026-03-27,WIJN03,1.65
2026-03-27,ZUI01,3.15
2026-03-28,AARD01,10.64
2026-03-28,BIER01,21.25
2026-03-28,BIER02,22.0
2026-03-28,BROOD01,280.0
2026-03-28,BROOD02,34.0
2026-03-28,FRIS01,21.0
2026-03-28,FRIS02,21.0
2026-03-28,FRIS03,6.0
2026-03-28,KOF01,0.405
2026-03-28,VLEES01,34.0
2026-03-28,WIJN01,5.1
2026-03-28,WIJN02,3.6
2026-03-28,WIJN03,1.65
2026-03-28,ZUI01,4.2
2026-03-29,AARD01,4.2
2026-03-29,BIER01,9.5
2026-03-29,BIER02,6.0
2026-03-29,BROOD01,209.0
2026-03-29,BROOD02,13.0
2026-03-29,FRIS01,14.0
2026-03-29,FRIS02,14.0
2026-03-29,FRIS03,5.5
2026-03-29,KOF01,0.405
2026-03-29,VLEES01,13.0
2026-03-29,WIJN01,1.8
2026-03-29,WIJN02,1.95
2026-03-29,WIJN03,0.9
2026-03-29,ZUI01,4.95
2026-03-30,AARD01,4.06
2026-03-30,BIER01,7.0
2026-03-30,BIER02,6.0
2026-03-30,BROOD01,61.0
2026-03-30,BROOD02,6.0
2026-03-30,FRIS01,6.0
2026-03-30,FRIS02,11.0
2026-03-30,FRIS03,2.0
2026-03-30,KOF01,0.172
2026-03-30,VLEES01,6.0
2026-03-30,WIJN01,1.2
2026-03-30,WIJN02,1.5
2026-03-30,WIJN03,0.45
2026-03-30,ZUI01,0.75
2026-03-31,AARD01,4.62
2026-03-31,BIER01,14.75
2026-03-31,BIER02,15.0
2026-03-31,BROOD01,115.0
2026-03-31,BROOD02,11.0
2026-03-31,FRIS01,18.0
2026-03-31,FRIS02,16.0
2026-03-31,FRIS03,3.5
2026-03-31,KOF01,0.292
2026-03-31,VLEES01,11.0
2026-03-31,WIJN01,1.35
2026-03-31,WIJN02,2.7
2026-03-31,WIJN03,1.2
2026-03-31,ZUI01,2.4
2026-04-01,AARD01,6.3
2026-04-01,BIER01,12.0
2026-04-01,BIER02,8.0
2026-04-01,BROOD01,128.0
2026-04-01,BROOD02,13.0
2026-04-01,FRIS01,13.0
2026-04-01,FRIS02,6.0
2026-04-01,FRIS03,6.25
2026-04-01,KOF01,0.225
2026-04-01,VLEES01,13.0
2026-04-01,WIJN01,0.9
2026-04-01,WIJN02,2.55
2026-04-01,WIJN03,1.05
2026-04-01,ZUI01,1.2
2026-04-02,AARD01,5.18
2026-04-02,BIER01,16.25
2026-04-02,BIER02,3.0
2026-04-02,BROOD01,149.0
2026-04-02,BROOD02,12.0
2026-04-02,FRIS01,16.0
2026-04-02,FRIS02,16.0
2026-04-02,FRIS03,4.25
2026-04-02,KOF01,0.255
2026-04-02,VLEES01,12.0
2026-04-02,WIJN01,1.65
2026-04-02,WIJN02,1.8
2026-04-02,ZUI01,3.9
2026-04-03,AARD01,9.66
2026-04-03,BIER01,22.5
2026-04-03,BIER02,23.0
2026-04-03,BROOD01,143.0
2026-04-03,BROOD02,27.0
2026-04-03,FRIS01,23.0
2026-04-03,FRIS02,27.0
2026-04-03,FRIS03,4.0
2026-04-03,KOF01,0.33
2026-04-03,VLEES01,27.0
2026-04-03,WIJN01,4.05
2026-04-03,WIJN02,4.35
2026-04-03,WIJN03,1.8
2026-04-03,ZUI01,2.1
2026-04-04,AARD01,9.1
2026-04-04,BIER01,18.25
2026-04-04,BIER02,15.0
2026-04-04,BROOD01,121.0
2026-04-04,BROOD02,21.0
2026-04-04,FRIS01,20.0
2026-04-04,FRIS02,15.0
2026-04-04,FRIS03,3.5
2026-04-04,KOF01,0.315
2026-04-04,VLEES01,21.0
2026-04-04,WIJN01,3.6
2026-04-04,WIJN02,3.15
2026-04-04,WIJN03,1.65
2026-04-04,ZUI01,2.25
2026-04-05,AARD01,5.46
2026-04-05,BIER01,11.75
2026-04-05,BIER02,9.0
2026-04-05,BROOD01,189.0
2026-04-05,BROOD02,15.0
2026-04-05,FRIS01,16.0
2026-04-05,FRIS02,10.0
2026-04-05,FRIS03,4.25
2026-04-05,KOF01,0.428
2026-04-05,VLEES01,15.0
2026-04-05,WIJN01,1.65
2026-04-05,WIJN02,1.95
2026-04-05,WIJN03,0.6
2026-04-05,ZUI01,3.9
2026-04-06,AARD01,5.32
2026-04-06,BIER01,7.75
2026-04-06,BIER02,8.0
2026-04-06,BROOD01,105.0
2026-04-06,BROOD02,14.0
2026-04-06,FRIS01,13.0
2026-04-06,FRIS02,16.0
2026-04-06,FRIS03,1.0
2026-04-06,KOF01,0.158
2026-04-06,VLEES01,14.0
2026-04-06,WIJN01,2.55
2026-04-06,WIJN02,0.9
2026-04-06,WIJN03,0.6
2026-04-06,ZUI01,1.65
2026-04-07,AARD01,5.88
2026-04-07,BIER01,6.25
2026-04-07,BIER02,8.0
2026-04-07,BROOD01,90.0
2026-04-07,BROOD02,13.0
2026-04-07,FRIS01,1.0
2026-04-07,FRIS02,12.0
2026-04-07,FRIS03,0.25
2026-04-07,KOF01,0.142
2026-04-07,VLEES01,13.0
2026-04-07,WIJN01,1.2
2026-04-07,WIJN02,0.75
2026-04-07,WIJN03,0.3
2026-04-07,ZUI01,1.65
2026-04-08,AARD01,4.2
2026-04-08,BIER01,9.25
2026-04-08,BIER02,7.0
2026-04-08,BROOD01,89.0
2026-04-08,BROOD02,7.0
2026-04-08,FRIS01,18.0
2026-04-08,FRIS02,9.0
2026-04-08,FRIS03,3.5
2026-04-08,KOF01,0.195
2026-04-08,VLEES01,7.0
2026-04-08,WIJN01,1.05
2026-04-08,WIJN02,1.95
2026-04-08,WIJN03,0.45
2026-04-08,ZUI01,1.95
2026-04-09,AARD01,6.86
2026-04-09,BIER01,11.0
2026-04-09,BIER02,8.0
2026-04-09,BROOD01,154.0
2026-04-09,BROOD02,20.0
2026-04-09,FRIS01,15.0
2026-04-09,FRIS02,13.0
2026-04-09,FRIS03,3.75
2026-04-09,KOF01,0.292
2026-04-09,VLEES01,20.0
2026-04-09,WIJN01,1.8
2026-04-09,WIJN02,1.2
2026-04-09,WIJN03,0.3
2026-04-09,ZUI01,2.85
2026-04-10,AARD01,11.9
2026-04-10,BIER01,31.25
2026-04-10,BIER02,25.0
2026-04-10,BROOD01,214.0
2026-04-10,BROOD02,23.0
2026-04-10,FRIS01,40.0
2026-04-10,FRIS02,29.0
2026-04-10,FRIS03,5.5
2026-04-10,KOF01,0.502
2026-04-10,VLEES01,23.0
2026-04-10,WIJN01,5.25
2026-04-10,WIJN02,4.5
2026-04-10,WIJN03,1.2
2026-04-10,ZUI01,5.1
2026-04-11,AARD01,4.62
2026-04-11,BIER01,12.0
2026-04-11,BIER02,10.0
2026-04-11,BROOD01,112.0
2026-04-11,BROOD02,13.0
2026-04-11,FRIS01,16.0
2026-04-11,FRIS02,22.0
2026-04-11,FRIS03,4.75
2026-04-11,KOF01,0.262
2026-04-11,VLEES01,13.0
2026-04-11,WIJN01,2.1
2026-04-11,WIJN02,2.85
2026-04-11,WIJN03,1.8
2026-04-11,ZUI01,2.7
2026-04-12,AARD01,3.5
2026-04-12,BIER01,11.5
2026-04-12,BIER02,9.0
2026-04-12,BROOD01,191.0
2026-04-12,BROOD02,7.0
2026-04-12,FRIS01,25.0
2026-04-12,FRIS02,31.0
2026-04-12,FRIS03,6.25
2026-04-12,KOF01,0.375
2026-04-12,VLEES01,7.0
2026-04-12,WIJN01,3.15
2026-04-12,WIJN02,2.55
2026-04-12,WIJN03,1.2
2026-04-12,ZUI01,4.05
2026-04-13,AARD01,2.52
2026-04-13,BIER01,4.75
2026-04-13,BIER02,4.0
2026-04-13,BROOD01,97.0
2026-04-13,BROOD02,7.0
2026-04-13,FRIS01,15.0
2026-04-13,FRIS02,7.0
2026-04-13,FRIS03,1.75
2026-04-13,KOF01,0.188
2026-04-13,VLEES01,7.0
2026-04-13,WIJN01,0.45
2026-04-13,WIJN02,0.9
2026-04-13,WIJN03,0.6
2026-04-13,ZUI01,1.8
2026-04-14,AARD01,6.02
2026-04-14,BIER01,14.25
2026-04-14,BIER02,11.0
2026-04-14,BROOD01,135.0
2026-04-14,BROOD02,14.0
2026-04-14,FRIS01,15.0
2026-04-14,FRIS02,16.0
2026-04-14,FRIS03,5.5
2026-04-14,KOF01,0.15
2026-04-14,VLEES01,14.0
2026-04-14,WIJN01,1.8
2026-04-14,WIJN02,2.85
2026-04-14,WIJN03,0.6
2026-04-14,ZUI01,1.35
2026-04-15,AARD01,5.46
2026-04-15,BIER01,10.25
2026-04-15,BIER02,6.0
2026-04-15,BROOD01,167.0
2026-04-15,BROOD02,17.0
2026-04-15,FRIS01,15.0
2026-04-15,FRIS02,12.0
2026-04-15,FRIS03,2.0
2026-04-15,KOF01,0.352
2026-04-15,VLEES01,17.0
2026-04-15,WIJN01,0.9
2026-04-15,WIJN02,1.5
2026-04-15,WIJN03,0.15
2026-04-15,ZUI01,4.05
2026-04-16,AARD01,4.48
2026-04-16,BIER01,7.75
2026-04-16,BIER02,3.0
2026-04-16,BROOD01,96.0
2026-04-16,BROOD02,14.0
2026-04-16,FRIS01,13.0
2026-04-16,FRIS02,17.0
2026-04-16,FRIS03,5.25
2026-04-16,KOF01,0.225
2026-04-16,VLEES01,14.0
2026-04-16,WIJN01,2.1
2026-04-16,WIJN02,1.35
2026-04-16,WIJN03,0.45
2026-04-16,ZUI01,2.7
2026-04-17,AARD01,11.48
2026-04-17,BIER01,33.75
2026-04-17,BIER02,26.0
2026-04-17,BROOD01,213.0
2026-04-17,BROOD02,23.0
2026-04-17,FRIS01,28.0
2026-04-17,FRIS02,20.0
2026-04-17,FRIS03,6.25
2026-04-17,KOF01,0.352
2026-04-17,VLEES01,23.0
2026-04-17,WIJN01,5.85
2026-04-17,WIJN02,2.7
2026-04-17,WIJN03,2.4
2026-04-17,ZUI01,3.45
2026-04-18,AARD01,11.48
2026-04-18,BIER01,29.75
2026-04-18,BIER02,28.0
2026-04-18,BROOD01,177.0
2026-04-18,BROOD02,30.0
2026-04-18,FRIS01,43.0
2026-04-18,FRIS02,26.0
2026-04-18,FRIS03,4.25
2026-04-18,KOF01,0.345
2026-04-18,VLEES01,30.0
2026-04-18,WIJN01,7.2
2026-04-18,WIJN02,3.45
2026-04-18,WIJN03,1.05
2026-04-18,ZUI01,2.85
2026-04-19,AARD01,8.68
2026-04-19,BIER01,13.0
2026-04-19,BIER02,12.0
2026-04-19,BROOD01,197.0
2026-04-19,BROOD02,19.0
2026-04-19,FRIS01,23.0
2026-04-19,FRIS02,25.0
2026-04-19,FRIS03,7.75
2026-04-19,KOF01,0.532
2026-04-19,VLEES01,19.0
2026-04-19,WIJN01,1.8
2026-04-19,WIJN02,4.5
2026-04-19,WIJN03,1.8
2026-04-19,ZUI01,6.15
2026-04-20,AARD01,4.48
2026-04-20,BIER01,6.0
2026-04-20,BIER02,6.0
2026-04-20,BROOD01,118.0
2026-04-20,BROOD02,15.0
2026-04-20,FRIS01,25.0
2026-04-20,FRIS02,21.0
2026-04-20,FRIS03,2.25
2026-04-20,KOF01,0.202
2026-04-20,VLEES01,15.0
2026-04-20,WIJN01,1.35
2026-04-20,WIJN02,1.05
2026-04-20,WIJN03,0.45
2026-04-20,ZUI01,1.65
2026-04-21,AARD01,4.62
2026-04-21,BIER01,8.0
2026-04-21,BIER02,6.0
2026-04-21,BROOD01,126.0
2026-04-21,BROOD02,11.0
2026-04-21,FRIS01,10.0
2026-04-21,FRIS02,9.0
2026-04-21,FRIS03,3.25
2026-04-21,KOF01,0.292
2026-04-21,VLEES01,11.0
2026-04-21,WIJN01,1.5
2026-04-21,WIJN02,0.75
2026-04-21,WIJN03,1.05
2026-04-21,ZUI01,3.0
2026-04-22,AARD01,7.56
2026-04-22,BIER01,12.0
2026-04-22,BIER02,13.0
2026-04-22,BROOD01,162.0
2026-04-22,BROOD02,29.0
2026-04-22,FRIS01,18.0
2026-04-22,FRIS02,15.0
2026-04-22,FRIS03,7.0
2026-04-22,KOF01,0.262
2026-04-22,VLEES01,29.0
2026-04-22,WIJN01,1.65
2026-04-22,WIJN02,2.1
2026-04-22,WIJN03,0.9
2026-04-22,ZUI01,1.95
2026-04-23,AARD01,11.76
2026-04-23,BIER01,14.5
2026-04-23,BIER02,7.0
2026-04-23,BROOD01,180.0
2026-04-23,BROOD02,34.0
2026-04-23,FRIS01,24.0
2026-04-23,FRIS02,25.0
2026-04-23,FRIS03,3.5
2026-04-23,KOF01,0.285
2026-04-23,VLEES01,34.0
2026-04-23,WIJN01,5.1
2026-04-23,WIJN02,1.95
2026-04-23,WIJN03,1.5
2026-04-23,ZUI01,2.55
2026-04-24,AARD01,13.3
2026-04-24,BIER01,21.0
2026-04-24,BIER02,23.0
2026-04-24,BROOD01,236.0
2026-04-24,BROOD02,34.0
2026-04-24,FRIS01,32.0
2026-04-24,FRIS02,37.0
2026-04-24,FRIS03,6.25
2026-04-24,KOF01,0.69
2026-04-24,VLEES01,34.0
2026-04-24,WIJN01,5.25
2026-04-24,WIJN02,5.25
2026-04-24,WIJN03,2.1
2026-04-24,ZUI01,6.45
2026-04-25,AARD01,12.88
2026-04-25,BIER01,27.0
2026-04-25,BIER02,31.0
2026-04-25,BROOD01,120.0
2026-04-25,BROOD02,28.0
2026-04-25,FRIS01,15.0
2026-04-25,FRIS02,26.0
2026-04-25,FRIS03,5.75
2026-04-25,KOF01,0.45
2026-04-25,VLEES01,28.0
2026-04-25,WIJN01,4.95
2026-04-25,WIJN02,3.15
2026-04-25,WIJN03,1.35
2026-04-25,ZUI01,5.25
2026-04-26,AARD01,4.62
2026-04-26,BIER01,13.25
2026-04-26,BIER02,8.0
2026-04-26,BROOD01,131.0
2026-04-26,BROOD02,10.0
2026-04-26,FRIS01,17.0
2026-04-26,FRIS02,11.0
2026-04-26,FRIS03,4.5
2026-04-26,KOF01,0.225
2026-04-26,VLEES01,10.0
2026-04-26,WIJN01,1.8
2026-04-26,WIJN02,1.65
2026-04-26,WIJN03,0.75
2026-04-26,ZUI01,2.4
2026-04-27,AARD01,11.62
2026-04-27,BIER01,23.5
2026-04-27,BIER02,12.0
2026-04-27,BROOD01,209.0
2026-04-27,BROOD02,21.0
2026-04-27,FRIS01,21.0
2026-04-27,FRIS02,30.0
2026-04-27,FRIS03,4.0
2026-04-27,KOF01,0.548
2026-04-27,VLEES01,21.0
2026-04-27,WIJN01,4.05
2026-04-27,WIJN02,3.45
2026-04-27,WIJN03,1.95
2026-04-27,ZUI01,5.4
2026-04-28,AARD01,6.58
2026-04-28,BIER01,11.75
2026-04-28,BIER02,12.0
2026-04-28,BROOD01,176.0
2026-04-28,BROOD02,14.0
2026-04-28,FRIS01,13.0
2026-04-28,FRIS02,20.0
2026-04-28,FRIS03,3.5
2026-04-28,KOF01,0.172
2026-04-28,VLEES01,14.0
2026-04-28,WIJN01,2.4
2026-04-28,WIJN02,1.5
2026-04-28,WIJN03,0.9
2026-04-28,ZUI01,1.8
2026-04-29,AARD01,5.04
2026-04-29,BIER01,10.25
2026-04-29,BIER02,15.0
2026-04-29,BROOD01,179.0
2026-04-29,BROOD02,11.0
2026-04-29,FRIS01,17.0
2026-04-29,FRIS02,16.0
2026-04-29,FRIS03,4.0
2026-04-29,KOF01,0.345
2026-04-29,VLEES01,11.0
2026-04-29,WIJN01,2.4
2026-04-29,WIJN02,1.65
2026-04-29,WIJN03,0.75
2026-04-29,ZUI01,3.0
2026-04-30,AARD01,6.3
2026-04-30,BIER01,20.25
2026-04-30,BIER02,15.0
2026-04-30,BROOD01,124.0
2026-04-30,BROOD02,8.0
2026-04-30,FRIS01,14.0
2026-04-30,FRIS02,17.0
2026-04-30,FRIS03,4.25
2026-04-30,KOF01,0.337
2026-04-30,VLEES01,8.0
2026-04-30,WIJN01,3.3
2026-04-30,WIJN02,2.4
2026-04-30,WIJN03,0.9
2026-04-30,ZUI01,2.85
2026-05-01,AARD01,12.32
2026-05-01,BIER01,33.25
2026-05-01,BIER02,35.0
2026-05-01,BROOD01,130.0
2026-05-01,BROOD02,25.0
2026-05-01,FRIS01,29.0
2026-05-01,FRIS02,37.0
2026-05-01,FRIS03,5.75
2026-05-01,KOF01,0.308
2026-05-01,VLEES01,25.0
2026-05-01,WIJN01,5.7
2026-05-01,WIJN02,4.5
2026-05-01,WIJN03,1.95
2026-05-01,ZUI01,3.45
2026-05-02,AARD01,10.36
2026-05-02,BIER01,19.25
2026-05-02,BIER02,16.0
2026-05-02,BROOD01,133.0
2026-05-02,BROOD02,27.0
2026-05-02,FRIS01,20.0
2026-05-02,FRIS02,14.0
2026-05-02,FRIS03,5.25
2026-05-02,KOF01,0.24
2026-05-02,VLEES01,27.0
2026-05-02,WIJN01,2.4
2026-05-02,WIJN02,4.5
2026-05-02,WIJN03,1.8
2026-05-02,ZUI01,2.1
2026-05-03,AARD01,9.66
2026-05-03,BIER01,17.5
2026-05-03,BIER02,17.0
2026-05-03,BROOD01,210.0
2026-05-03,BROOD02,17.0
2026-05-03,FRIS01,26.0
2026-05-03,FRIS02,23.0
2026-05-03,FRIS03,7.0
2026-05-03,KOF01,0.525
2026-05-03,VLEES01,17.0
2026-05-03,WIJN01,2.4
2026-05-03,WIJN02,2.1
2026-05-03,WIJN03,0.9
2026-05-03,ZUI01,4.65
2026-05-04,AARD01,6.02
2026-05-04,BIER01,9.25
2026-05-04,BIER02,21.0
2026-05-04,BROOD01,91.0
2026-05-04,BROOD02,10.0
2026-05-04,FRIS01,15.0
2026-05-04,FRIS02,16.0
2026-05-04,FRIS03,2.75
2026-05-04,KOF01,0.248
2026-05-04,VLEES01,10.0
2026-05-04,WIJN01,1.2
2026-05-04,WIJN02,2.4
2026-05-04,WIJN03,0.3
2026-05-04,ZUI01,1.35
2026-05-05,AARD01,8.68
2026-05-05,BIER01,10.25
2026-05-05,BIER02,5.0
2026-05-05,BROOD01,171.0
2026-05-05,BROOD02,26.0
2026-05-05,FRIS01,12.0
2026-05-05,FRIS02,19.0
2026-05-05,FRIS03,1.75
2026-05-05,KOF01,0.232
2026-05-05,VLEES01,26.0
2026-05-05,WIJN01,3.45
2026-05-05,WIJN02,2.25
2026-05-05,WIJN03,0.45
2026-05-05,ZUI01,3.0
2026-05-06,AARD01,6.44
2026-05-06,BIER01,11.0
2026-05-06,BIER02,14.0
2026-05-06,BROOD01,158.0
2026-05-06,BROOD02,26.0
2026-05-06,FRIS01,26.0
2026-05-06,FRIS02,18.0
2026-05-06,FRIS03,2.25
2026-05-06,KOF01,0.218
2026-05-06,VLEES01,26.0
2026-05-06,WIJN01,1.95
2026-05-06,WIJN02,3.0
2026-05-06,WIJN03,0.9
2026-05-06,ZUI01,3.0
2026-05-07,AARD01,8.26
2026-05-07,BIER01,14.75
2026-05-07,BIER02,7.0
2026-05-07,BROOD01,182.0
2026-05-07,BROOD02,27.0
2026-05-07,FRIS01,16.0
2026-05-07,FRIS02,15.0
2026-05-07,FRIS03,6.0
2026-05-07,KOF01,0.292
2026-05-07,VLEES01,27.0
2026-05-07,WIJN01,1.95
2026-05-07,WIJN02,1.8
2026-05-07,WIJN03,0.15
2026-05-07,ZUI01,2.55
2026-05-08,AARD01,7.84
2026-05-08,BIER01,16.25
2026-05-08,BIER02,13.0
2026-05-08,BROOD01,86.0
2026-05-08,BROOD02,24.0
2026-05-08,FRIS01,22.0
2026-05-08,FRIS02,15.0
2026-05-08,FRIS03,4.5
2026-05-08,KOF01,0.277
2026-05-08,VLEES01,24.0
2026-05-08,WIJN01,3.6
2026-05-08,WIJN02,3.15
2026-05-08,WIJN03,1.35
2026-05-08,ZUI01,3.0
2026-05-09,AARD01,10.08
2026-05-09,BIER01,19.0
2026-05-09,BIER02,14.0
2026-05-09,BROOD01,130.0
2026-05-09,BROOD02,24.0
2026-05-09,FRIS01,15.0
2026-05-09,FRIS02,27.0
2026-05-09,FRIS03,3.25
2026-05-09,KOF01,0.322
2026-05-09,VLEES01,24.0
2026-05-09,WIJN01,4.05
2026-05-09,WIJN02,3.3
2026-05-09,WIJN03,1.2
2026-05-09,ZUI01,2.55
2026-05-10,AARD01,7.56
2026-05-10,BIER01,17.75
2026-05-10,BIER02,7.0
2026-05-10,BROOD01,172.0
2026-05-10,BROOD02,10.0
2026-05-10,FRIS01,16.0
2026-05-10,FRIS02,16.0
2026-05-10,FRIS03,3.5
2026-05-10,KOF01,0.277
2026-05-10,VLEES01,10.0
2026-05-10,WIJN01,3.15
2026-05-10,WIJN02,2.25
2026-05-10,WIJN03,0.6
2026-05-10,ZUI01,3.3
2026-05-11,AARD01,7.98
2026-05-11,BIER01,7.75
2026-05-11,BIER02,14.0
2026-05-11,BROOD01,112.0
2026-05-11,BROOD02,23.0
2026-05-11,FRIS01,16.0
2026-05-11,FRIS02,17.0
2026-05-11,FRIS03,2.0
2026-05-11,KOF01,0.158
2026-05-11,VLEES01,23.0
2026-05-11,WIJN01,2.25
2026-05-11,WIJN02,1.65
2026-05-11,WIJN03,1.5
2026-05-11,ZUI01,2.1
2026-05-12,AARD01,7.98
2026-05-12,BIER01,12.75
2026-05-12,BIER02,11.0
2026-05-12,BROOD01,143.0
2026-05-12,BROOD02,21.0
2026-05-12,FRIS01,20.0
2026-05-12,FRIS02,17.0
2026-05-12,FRIS03,2.25
2026-05-12,KOF01,0.27
2026-05-12,VLEES01,21.0
2026-05-12,WIJN01,2.85
2026-05-12,WIJN02,0.9
2026-05-12,WIJN03,1.05
2026-05-12,ZUI01,3.6
2026-05-13,AARD01,5.46
2026-05-13,BIER01,13.5
2026-05-13,BIER02,7.0
2026-05-13,BROOD01,183.0
2026-05-13,BROOD02,14.0
2026-05-13,FRIS01,14.0
2026-05-13,FRIS02,13.0
2026-05-13,FRIS03,5.0
2026-05-13,KOF01,0.337
2026-05-13,VLEES01,14.0
2026-05-13,WIJN01,1.95
2026-05-13,WIJN02,1.95
2026-05-13,WIJN03,0.75
2026-05-13,ZUI01,3.3
2026-05-14,AARD01,13.44
2026-05-14,BIER01,20.25
2026-05-14,BIER02,19.0
2026-05-14,BROOD01,202.0
2026-05-14,BROOD02,16.0
2026-05-14,FRIS01,20.0
2026-05-14,FRIS02,17.0
2026-05-14,FRIS03,4.5
2026-05-14,KOF01,0.368
2026-05-14,VLEES01,16.0
2026-05-14,WIJN01,1.8
2026-05-14,WIJN02,2.25
2026-05-14,WIJN03,1.65
2026-05-14,ZUI01,2.85
2026-05-15,AARD01,11.76
2026-05-15,BIER01,28.5
2026-05-15,BIER02,27.0
2026-05-15,BROOD01,207.0
2026-05-15,BROOD02,30.0
2026-05-15,FRIS01,31.0
2026-05-15,FRIS02,32.0
2026-05-15,FRIS03,7.5
2026-05-15,KOF01,0.442
2026-05-15,VLEES01,30.0
2026-05-15,WIJN01,9.15
2026-05-15,WIJN02,4.95
2026-05-15,WIJN03,2.25
2026-05-15,ZUI01,5.4
2026-05-16,AARD01,15.54
2026-05-16,BIER01,27.5
2026-05-16,BIER02,23.0
2026-05-16,BROOD01,236.0
2026-05-16,BROOD02,44.0
2026-05-16,FRIS01,32.0
2026-05-16,FRIS02,39.0
2026-05-16,FRIS03,6.5
2026-05-16,KOF01,0.562
2026-05-16,VLEES01,44.0
2026-05-16,WIJN01,4.95
2026-05-16,WIJN02,5.85
2026-05-16,WIJN03,1.2
2026-05-16,ZUI01,6.75
2026-05-17,AARD01,9.52
2026-05-17,BIER01,17.75
2026-05-17,BIER02,11.0
2026-05-17,BROOD01,166.0
2026-05-17,BROOD02,22.0
2026-05-17,FRIS01,23.0
2026-05-17,FRIS02,24.0
2026-05-17,FRIS03,4.75
2026-05-17,KOF01,0.622
2026-05-17,VLEES01,22.0
2026-05-17,WIJN01,1.8
2026-05-17,WIJN02,2.4
2026-05-17,WIJN03,0.9
2026-05-17,ZUI01,6.3
2026-05-18,AARD01,5.88
2026-05-18,BIER01,12.75
2026-05-18,BIER02,3.0
2026-05-18,BROOD01,117.0
2026-05-18,BROOD02,14.0
2026-05-18,FRIS01,12.0
2026-05-18,FRIS02,16.0
2026-05-18,FRIS03,4.0
2026-05-18,KOF01,0.21
2026-05-18,VLEES01,14.0
2026-05-18,WIJN01,2.7
2026-05-18,WIJN02,1.65
2026-05-18,WIJN03,0.45
2026-05-18,ZUI01,2.7
2026-05-19,AARD01,6.16
2026-05-19,BIER01,13.25
2026-05-19,BIER02,9.0
2026-05-19,BROOD01,131.0
2026-05-19,BROOD02,13.0
2026-05-19,FRIS01,11.0
2026-05-19,FRIS02,16.0
2026-05-19,FRIS03,4.5
2026-05-19,KOF01,0.292
2026-05-19,VLEES01,13.0
2026-05-19,WIJN01,0.75
2026-05-19,WIJN02,1.5
2026-05-19,WIJN03,1.2
2026-05-19,ZUI01,3.15
2026-05-20,AARD01,5.04
2026-05-20,BIER01,11.25
2026-05-20,BIER02,16.0
2026-05-20,BROOD01,175.0
2026-05-20,BROOD02,10.0
2026-05-20,FRIS01,18.0
2026-05-20,FRIS02,15.0
2026-05-20,FRIS03,3.0
2026-05-20,KOF01,0.308
2026-05-20,VLEES01,10.0
2026-05-20,WIJN01,2.55
2026-05-20,WIJN02,1.95
2026-05-20,WIJN03,0.9
2026-05-20,ZUI01,2.4
2026-05-21,AARD01,11.34
2026-05-21,BIER01,17.25
2026-05-21,BIER02,19.0
2026-05-21,BROOD01,126.0
2026-05-21,BROOD02,36.0
2026-05-21,FRIS01,23.0
2026-05-21,FRIS02,22.0
2026-05-21,FRIS03,4.0
2026-05-21,KOF01,0.397
2026-05-21,VLEES01,36.0
2026-05-21,WIJN01,4.2
2026-05-21,WIJN02,3.45
2026-05-21,WIJN03,1.2
2026-05-21,ZUI01,3.9
2026-05-22,AARD01,14.14
2026-05-22,BIER01,32.75
2026-05-22,BIER02,42.0
2026-05-22,BROOD01,207.0
2026-05-22,BROOD02,26.0
2026-05-22,FRIS01,23.0
2026-05-22,FRIS02,42.0
2026-05-22,FRIS03,8.25
2026-05-22,KOF01,0.36
2026-05-22,VLEES01,26.0
2026-05-22,WIJN01,5.4
2026-05-22,WIJN02,5.4
2026-05-22,WIJN03,2.4
2026-05-22,ZUI01,3.75
2026-05-23,AARD01,8.26
2026-05-23,BIER01,19.0
2026-05-23,BIER02,17.0
2026-05-23,BROOD01,154.0
2026-05-23,BROOD02,18.0
2026-05-23,FRIS01,22.0
2026-05-23,FRIS02,28.0
2026-05-23,FRIS03,3.75
2026-05-23,KOF01,0.48
2026-05-23,VLEES01,18.0
2026-05-23,WIJN01,2.55
2026-05-23,WIJN02,4.5
2026-05-23,WIJN03,1.05
2026-05-23,ZUI01,4.8
2026-05-24,AARD01,8.54
2026-05-24,BIER01,27.0
2026-05-24,BIER02,8.0
2026-05-24,BROOD01,165.0
2026-05-24,BROOD02,20.0
2026-05-24,FRIS01,14.0
2026-05-24,FRIS02,29.0
2026-05-24,FRIS03,4.25
2026-05-24,KOF01,0.397
2026-05-24,VLEES01,20.0
2026-05-24,WIJN01,3.45
2026-05-24,WIJN02,1.65
2026-05-24,WIJN03,0.9
2026-05-24,ZUI01,4.05
2026-05-25,AARD01,6.86
2026-05-25,BIER01,15.0
2026-05-25,BIER02,6.0
2026-05-25,BROOD01,173.0
2026-05-25,BROOD02,17.0
2026-05-25,FRIS01,15.0
2026-05-25,FRIS02,10.0
2026-05-25,FRIS03,2.25
2026-05-25,KOF01,0.285
2026-05-25,VLEES01,17.0
2026-05-25,WIJN01,1.35
2026-05-25,WIJN02,1.65
2026-05-25,WIJN03,0.45
2026-05-25,ZUI01,3.15
2026-05-26,AARD01,7.98
2026-05-26,BIER01,10.75
2026-05-26,BIER02,14.0
2026-05-26,BROOD01,132.0
2026-05-26,BROOD02,12.0
2026-05-26,FRIS01,13.0
2026-05-26,FRIS02,12.0
2026-05-26,FRIS03,2.25
2026-05-26,KOF01,0.277
2026-05-26,VLEES01,12.0
2026-05-26,WIJN01,1.5
2026-05-26,WIJN02,1.8
2026-05-26,WIJN03,0.6
2026-05-26,ZUI01,2.55
2026-05-27,AARD01,6.16
2026-05-27,BIER01,3.5
2026-05-27,BIER02,5.0
2026-05-27,BROOD01,120.0
2026-05-27,BROOD02,15.0
2026-05-27,FRIS01,11.0
2026-05-27,FRIS02,17.0
2026-05-27,FRIS03,2.75
2026-05-27,KOF01,0.308
2026-05-27,VLEES01,15.0
2026-05-27,WIJN01,1.65
2026-05-27,WIJN02,1.35
2026-05-27,WIJN03,0.6
2026-05-27,ZUI01,1.95
2026-05-28,AARD01,9.66
2026-05-28,BIER01,19.5
2026-05-28,BIER02,15.0
2026-05-28,BROOD01,229.0
2026-05-28,BROOD02,28.0
2026-05-28,FRIS01,20.0
2026-05-28,FRIS02,22.0
2026-05-28,FRIS03,7.75
2026-05-28,KOF01,0.352
2026-05-28,VLEES01,28.0
2026-05-28,WIJN01,3.3
2026-05-28,WIJN02,3.0
2026-05-28,WIJN03,1.35
2026-05-28,ZUI01,3.9
2026-05-29,AARD01,16.94
2026-05-29,BIER01,42.75
2026-05-29,BIER02,29.0
2026-05-29,BROOD01,210.0
2026-05-29,BROOD02,29.0
2026-05-29,FRIS01,48.0
2026-05-29,FRIS02,32.0
2026-05-29,FRIS03,7.75
2026-05-29,KOF01,0.562
2026-05-29,VLEES01,29.0
2026-05-29,WIJN01,7.5
2026-05-29,WIJN02,5.85
2026-05-29,WIJN03,3.15
2026-05-29,ZUI01,6.0
2026-05-30,AARD01,12.18
2026-05-30,BIER01,26.5
2026-05-30,BIER02,30.0
2026-05-30,BROOD01,210.0
2026-05-30,BROOD02,44.0
2026-05-30,FRIS01,27.0
2026-05-30,FRIS02,22.0
2026-05-30,FRIS03,6.25
2026-05-30,KOF01,0.382
2026-05-30,VLEES01,44.0
2026-05-30,WIJN01,3.75
2026-05-30,WIJN02,4.2
2026-05-30,WIJN03,1.65
2026-05-30,ZUI01,3.75
2026-05-31,AARD01,10.22
2026-05-31,BIER01,14.25
2026-05-31,BIER02,15.0
2026-05-31,BROOD01,187.0
2026-05-31,BROOD02,17.0
2026-05-31,FRIS01,11.0
2026-05-31,FRIS02,24.0
2026-05-31,FRIS03,7.0
2026-05-31,KOF01,0.45
2026-05-31,VLEES01,17.0
2026-05-31,WIJN01,2.7
2026-05-31,WIJN02,1.2
2026-05-31,WIJN03,1.2
2026-05-31,ZUI01,5.4
2026-06-01,AARD01,6.58
2026-06-01,BIER01,11.75
2026-06-01,BIER02,12.0
2026-06-01,BROOD01,130.0
2026-06-01,BROOD02,18.0
2026-06-01,FRIS01,8.0
2026-06-01,FRIS02,10.0
2026-06-01,FRIS03,4.0
2026-06-01,KOF01,0.202
2026-06-01,VLEES01,18.0
2026-06-01,WIJN01,2.25
2026-06-01,WIJN02,4.05
2026-06-01,WIJN03,0.9
2026-06-01,ZUI01,1.65
2026-06-02,AARD01,10.92
2026-06-02,BIER01,12.25
2026-06-02,BIER02,8.0
2026-06-02,BROOD01,184.0
2026-06-02,BROOD02,30.0
2026-06-02,FRIS01,22.0
2026-06-02,FRIS02,20.0
2026-06-02,FRIS03,5.0
2026-06-02,KOF01,0.308
2026-06-02,VLEES01,30.0
2026-06-02,WIJN01,2.4
2026-06-02,WIJN02,2.55
2026-06-02,WIJN03,1.35
2026-06-02,ZUI01,2.1
2026-06-03,AARD01,8.54
2026-06-03,BIER01,19.0
2026-06-03,BIER02,17.0
2026-06-03,BROOD01,216.0
2026-06-03,BROOD02,16.0
2026-06-03,FRIS01,24.0
2026-06-03,FRIS02,25.0
2026-06-03,FRIS03,7.75
2026-06-03,KOF01,0.352
2026-06-03,VLEES01,16.0
2026-06-03,WIJN01,4.35
2026-06-03,WIJN02,3.45
2026-06-03,WIJN03,0.9
2026-06-03,ZUI01,3.6
2026-06-04,AARD01,5.74
2026-06-04,BIER01,14.5
2026-06-04,BIER02,4.0
2026-06-04,BROOD01,162.0
2026-06-04,BROOD02,26.0
2026-06-04,FRIS01,24.0
2026-06-04,FRIS02,26.0
2026-06-04,FRIS03,2.75
2026-06-04,KOF01,0.262
2026-06-04,VLEES01,26.0
2026-06-04,WIJN01,1.95
2026-06-04,WIJN02,1.65
2026-06-04,WIJN03,0.45
2026-06-04,ZUI01,2.85
2026-06-05,AARD01,16.94
2026-06-05,BIER01,37.25
2026-06-05,BIER02,30.0
2026-06-05,BROOD01,311.0
2026-06-05,BROOD02,42.0
2026-06-05,FRIS01,37.0
2026-06-05,FRIS02,38.0
2026-06-05,FRIS03,10.0
2026-06-05,KOF01,0.727
2026-06-05,VLEES01,42.0
2026-06-05,WIJN01,7.05
2026-06-05,WIJN02,7.35
2026-06-05,WIJN03,3.6
2026-06-05,ZUI01,7.5
2026-06-06,AARD01,16.66
2026-06-06,BIER01,31.25
2026-06-06,BIER02,52.0
2026-06-06,BROOD01,257.0
2026-06-06,BROOD02,45.0
2026-06-06,FRIS01,43.0
2026-06-06,FRIS02,31.0
2026-06-06,FRIS03,5.0
2026-06-06,KOF01,0.382
2026-06-06,VLEES01,45.0
2026-06-06,WIJN01,4.8
2026-06-06,WIJN02,4.8
2026-06-06,WIJN03,2.4
2026-06-06,ZUI01,3.0
2026-06-07,AARD01,8.96
2026-06-07,BIER01,14.0
2026-06-07,BIER02,13.0
2026-06-07,BROOD01,209.0
2026-06-07,BROOD02,18.0
2026-06-07,FRIS01,19.0
2026-06-07,FRIS02,25.0
2026-06-07,FRIS03,5.0
2026-06-07,KOF01,0.36
2026-06-07,VLEES01,18.0
2026-06-07,WIJN01,3.15
2026-06-07,WIJN02,2.7
2026-06-07,WIJN03,0.75
2026-06-07,ZUI01,4.65
2026-06-08,AARD01,4.9
2026-06-08,BIER01,11.5
2026-06-08,BIER02,14.0
2026-06-08,BROOD01,135.0
2026-06-08,BROOD02,19.0
2026-06-08,FRIS01,15.0
2026-06-08,FRIS02,12.0
2026-06-08,FRIS03,3.25
2026-06-08,KOF01,0.24
2026-06-08,VLEES01,19.0
2026-06-08,WIJN01,1.65
2026-06-08,WIJN02,2.85
2026-06-08,WIJN03,1.2
2026-06-08,ZUI01,1.95
2026-06-09,AARD01,10.5
2026-06-09,BIER01,12.25
2026-06-09,BIER02,11.0
2026-06-09,BROOD01,206.0
2026-06-09,BROOD02,24.0
2026-06-09,FRIS01,19.0
2026-06-09,FRIS02,10.0
2026-06-09,FRIS03,3.25
2026-06-09,KOF01,0.255
2026-06-09,VLEES01,24.0
2026-06-09,WIJN01,2.4
2026-06-09,WIJN02,3.0
2026-06-09,WIJN03,0.15
2026-06-09,ZUI01,3.0
2026-06-10,AARD01,10.22
2026-06-10,BIER01,23.5
2026-06-10,BIER02,19.0
2026-06-10,BROOD01,247.0
2026-06-10,BROOD02,18.0
2026-06-10,FRIS01,19.0
2026-06-10,FRIS02,27.0
2026-06-10,FRIS03,8.5
2026-06-10,KOF01,0.457
2026-06-10,VLEES01,18.0
2026-06-10,WIJN01,3.15
2026-06-10,WIJN02,3.6
2026-06-10,WIJN03,1.05
2026-06-10,ZUI01,4.05
2026-06-11,AARD01,12.18
2026-06-11,BIER01,17.75
2026-06-11,BIER02,15.0
2026-06-11,BROOD01,207.0
2026-06-11,BROOD02,30.0
2026-06-11,FRIS01,29.0
2026-06-11,FRIS02,27.0
2026-06-11,FRIS03,7.0
2026-06-11,KOF01,0.405
2026-06-11,VLEES01,30.0
2026-06-11,WIJN01,5.55
2026-06-11,WIJN02,3.3
2026-06-11,WIJN03,1.2
2026-06-11,ZUI01,4.35
2026-06-12,AARD01,12.04
2026-06-12,BIER01,30.0
2026-06-12,BIER02,31.0
2026-06-12,BROOD01,188.0
2026-06-12,BROOD02,26.0
2026-06-12,FRIS01,26.0
2026-06-12,FRIS02,23.0
2026-06-12,FRIS03,6.0
2026-06-12,KOF01,0.518
2026-06-12,VLEES01,26.0
2026-06-12,WIJN01,6.15
2026-06-12,WIJN02,6.6
2026-06-12,WIJN03,3.3
2026-06-12,ZUI01,4.95
2026-06-13,AARD01,18.48
2026-06-13,BIER01,51.0
2026-06-13,BIER02,51.0
2026-06-13,BROOD01,291.0
2026-06-13,BROOD02,44.0
2026-06-13,FRIS01,39.0
2026-06-13,FRIS02,61.0
2026-06-13,FRIS03,9.75
2026-06-13,KOF01,0.69
2026-06-13,VLEES01,44.0
2026-06-13,WIJN01,9.45
2026-06-13,WIJN02,5.25
2026-06-13,WIJN03,2.55
2026-06-13,ZUI01,8.1
2026-06-14,AARD01,11.9
2026-06-14,BIER01,20.5
2026-06-14,BIER02,26.0
2026-06-14,BROOD01,335.0
2026-06-14,BROOD02,39.0
2026-06-14,FRIS01,35.0
2026-06-14,FRIS02,52.0
2026-06-14,FRIS03,8.0
2026-06-14,KOF01,0.72
2026-06-14,VLEES01,39.0
2026-06-14,WIJN01,6.0
2026-06-14,WIJN02,3.15
2026-06-14,WIJN03,2.25
2026-06-14,ZUI01,8.4
2026-06-15,AARD01,7.98
2026-06-15,BIER01,11.0
2026-06-15,BIER02,8.0
2026-06-15,BROOD01,157.0
2026-06-15,BROOD02,12.0
2026-06-15,FRIS01,12.0
2026-06-15,FRIS02,16.0
2026-06-15,FRIS03,3.0
2026-06-15,KOF01,0.21
2026-06-15,VLEES01,12.0
2026-06-15,WIJN01,1.65
2026-06-15,WIJN02,2.25
2026-06-15,WIJN03,1.2
2026-06-15,ZUI01,2.55
2026-06-16,AARD01,9.38
2026-06-16,BIER01,11.75
2026-06-16,BIER02,13.0
2026-06-16,BROOD01,170.0
2026-06-16,BROOD02,28.0
2026-06-16,FRIS01,13.0
2026-06-16,FRIS02,27.0
2026-06-16,FRIS03,3.25
2026-06-16,KOF01,0.39
2026-06-16,VLEES01,28.0
2026-06-16,WIJN01,2.7
2026-06-16,WIJN02,2.4
2026-06-16,WIJN03,0.45
2026-06-16,ZUI01,4.2
2026-06-17,AARD01,8.12
2026-06-17,BIER01,15.0
2026-06-17,BIER02,7.0
2026-06-17,BROOD01,216.0
2026-06-17,BROOD02,15.0
2026-06-17,FRIS01,19.0
2026-06-17,FRIS02,17.0
2026-06-17,FRIS03,4.75
2026-06-17,KOF01,0.375
2026-06-17,VLEES01,15.0
2026-06-17,WIJN01,2.85
2026-06-17,WIJN02,1.8
2026-06-17,WIJN03,1.35
2026-06-17,ZUI01,4.2
2026-06-18,AARD01,7.7
2026-06-18,BIER01,11.25
2026-06-18,BIER02,9.0
2026-06-18,BROOD01,200.0
2026-06-18,BROOD02,21.0
2026-06-18,FRIS01,18.0
2026-06-18,FRIS02,22.0
2026-06-18,FRIS03,2.0
2026-06-18,KOF01,0.368
2026-06-18,VLEES01,21.0
2026-06-18,WIJN01,1.5
2026-06-18,WIJN02,2.55
2026-06-18,WIJN03,0.45
2026-06-18,ZUI01,2.85
2026-06-19,AARD01,17.78
2026-06-19,BIER01,45.75
2026-06-19,BIER02,31.0
2026-06-19,BROOD01,192.0
2026-06-19,BROOD02,48.0
2026-06-19,FRIS01,32.0
2026-06-19,FRIS02,27.0
2026-06-19,FRIS03,7.25
2026-06-19,KOF01,0.54
2026-06-19,VLEES01,48.0
2026-06-19,WIJN01,6.0
2026-06-19,WIJN02,6.0
2026-06-19,WIJN03,3.15
2026-06-19,ZUI01,5.55
2026-06-20,AARD01,13.44
2026-06-20,BIER01,28.25
2026-06-20,BIER02,25.0
2026-06-20,BROOD01,203.0
2026-06-20,BROOD02,27.0
2026-06-20,FRIS01,27.0
2026-06-20,FRIS02,37.0
2026-06-20,FRIS03,8.25
2026-06-20,KOF01,0.292
2026-06-20,VLEES01,27.0
2026-06-20,WIJN01,4.65
2026-06-20,WIJN02,3.0
2026-06-20,WIJN03,1.5
2026-06-20,ZUI01,3.3
2026-06-21,AARD01,7.98
2026-06-21,BIER01,13.75
2026-06-21,BIER02,11.0
2026-06-21,BROOD01,220.0
2026-06-21,BROOD02,22.0
2026-06-21,FRIS01,20.0
2026-06-21,FRIS02,22.0
2026-06-21,FRIS03,9.0
2026-06-21,KOF01,0.607
2026-06-21,VLEES01,22.0
2026-06-21,WIJN01,2.1
2026-06-21,WIJN02,1.35
2026-06-21,WIJN03,1.2
2026-06-21,ZUI01,5.25
2026-06-22,AARD01,4.9
2026-06-22,BIER01,13.25
2026-06-22,BIER02,4.0
2026-06-22,BROOD01,124.0
2026-06-22,BROOD02,10.0
2026-06-22,FRIS01,13.0
2026-06-22,FRIS02,16.0
2026-06-22,FRIS03,3.75
2026-06-22,KOF01,0.165
2026-06-22,VLEES01,10.0
2026-06-22,WIJN01,1.8
2026-06-22,WIJN02,3.3
2026-06-22,WIJN03,0.75
2026-06-22,ZUI01,1.5
2026-06-23,AARD01,8.12
2026-06-23,BIER01,17.25
2026-06-23,BIER02,9.0
2026-06-23,BROOD01,151.0
2026-06-23,BROOD02,32.0
2026-06-23,FRIS01,21.0
2026-06-23,FRIS02,25.0
2026-06-23,FRIS03,4.25
2026-06-23,KOF01,0.412
2026-06-23,VLEES01,32.0
2026-06-23,WIJN01,2.1
2026-06-23,WIJN02,3.3
2026-06-23,WIJN03,1.05
2026-06-23,ZUI01,4.65
2026-06-24,AARD01,11.62
2026-06-24,BIER01,14.5
2026-06-24,BIER02,11.0
2026-06-24,BROOD01,186.0
2026-06-24,BROOD02,34.0
2026-06-24,FRIS01,20.0
2026-06-24,FRIS02,22.0
2026-06-24,FRIS03,4.25
2026-06-24,KOF01,0.36
2026-06-24,VLEES01,34.0
2026-06-24,WIJN01,3.15
2026-06-24,WIJN02,2.55
2026-06-24,WIJN03,0.9
2026-06-24,ZUI01,4.05
2026-06-25,AARD01,15.68
2026-06-25,BIER01,30.75
2026-06-25,BIER02,20.0
2026-06-25,BROOD01,226.0
2026-06-25,BROOD02,34.0
2026-06-25,FRIS01,28.0
2026-06-25,FRIS02,20.0
2026-06-25,FRIS03,5.75
2026-06-25,KOF01,0.465
2026-06-25,VLEES01,34.0
2026-06-25,WIJN01,4.95
2026-06-25,WIJN02,3.9
2026-06-25,WIJN03,2.1
2026-06-25,ZUI01,5.55
2026-06-26,AARD01,12.46
2026-06-26,BIER01,39.25
2026-06-26,BIER02,44.0
2026-06-26,BROOD01,220.0
2026-06-26,BROOD02,28.0
2026-06-26,FRIS01,39.0
2026-06-26,FRIS02,24.0
2026-06-26,FRIS03,6.5
2026-06-26,KOF01,0.518
2026-06-26,VLEES01,28.0
2026-06-26,WIJN01,8.4
2026-06-26,WIJN02,5.1
2026-06-26,WIJN03,2.25
2026-06-26,ZUI01,4.05
2026-06-27,AARD01,14.7
2026-06-27,BIER01,32.5
2026-06-27,BIER02,41.0
2026-06-27,BROOD01,225.0
2026-06-27,BROOD02,33.0
2026-06-27,FRIS01,32.0
2026-06-27,FRIS02,34.0
2026-06-27,FRIS03,6.5
2026-06-27,KOF01,0.525
2026-06-27,VLEES01,33.0
2026-06-27,WIJN01,5.25
2026-06-27,WIJN02,6.15
2026-06-27,WIJN03,1.5
2026-06-27,ZUI01,5.1
2026-06-28,AARD01,15.54
2026-06-28,BIER01,19.5
2026-06-28,BIER02,25.0
2026-06-28,BROOD01,267.0
2026-06-28,BROOD02,33.0
2026-06-28,FRIS01,33.0
2026-06-28,FRIS02,23.0
2026-06-28,FRIS03,6.5
2026-06-28,KOF01,0.472
2026-06-28,VLEES01,33.0
2026-06-28,WIJN01,4.8
2026-06-28,WIJN02,3.0
2026-06-28,WIJN03,1.35
2026-06-28,ZUI01,4.65
2026-06-29,AARD01,5.6
2026-06-29,BIER01,17.0
2026-06-29,BIER02,6.0
2026-06-29,BROOD01,88.0
2026-06-29,BROOD02,12.0
2026-06-29,FRIS01,13.0
2026-06-29,FRIS02,8.0
2026-06-29,FRIS03,3.75
2026-06-29,KOF01,0.27
2026-06-29,VLEES01,12.0
2026-06-29,WIJN01,1.35
2026-06-29,WIJN02,0.45
2026-06-29,WIJN03,0.9
2026-06-29,ZUI01,2.55
2026-06-30,AARD01,8.96
2026-06-30,BIER01,8.5
2026-06-30,BIER02,10.0
2026-06-30,BROOD01,161.0
2026-06-30,BROOD02,14.0
2026-06-30,FRIS01,16.0
2026-06-30,FRIS02,22.0
2026-06-30,FRIS03,2.75
2026-06-30,KOF01,0.232
2026-06-30,VLEES01,14.0
2026-06-30,WIJN01,3.6
2026-06-30,WIJN02,2.1
2026-06-30,WIJN03,0.6
2026-06-30,ZUI01,2.7
2026-07-01,AARD01,10.78
2026-07-01,BIER01,21.75
2026-07-01,BIER02,10.0
2026-07-01,BROOD01,194.0
2026-07-01,BROOD02,27.0
2026-07-01,FRIS01,21.0
2026-07-01,FRIS02,9.0
2026-07-01,FRIS03,6.0
2026-07-01,KOF01,0.39
2026-07-01,VLEES01,27.0
2026-07-01,WIJN01,2.55
2026-07-01,WIJN02,3.9
2026-07-01,WIJN03,0.6
2026-07-01,ZUI01,4.8
2026-07-02,AARD01,13.72
2026-07-02,BIER01,21.0
2026-07-02,BIER02,19.0
2026-07-02,BROOD01,191.0
2026-07-02,BROOD02,41.0
2026-07-02,FRIS01,35.0
2026-07-02,FRIS02,22.0
2026-07-02,FRIS03,7.25
2026-07-02,KOF01,0.472
2026-07-02,VLEES01,41.0
2026-07-02,WIJN01,3.3
2026-07-02,WIJN02,3.15
2026-07-02,WIJN03,0.9
2026-07-02,ZUI01,4.8
2026-07-03,AARD01,15.54
2026-07-03,BIER01,44.5
2026-07-03,BIER02,50.0
2026-07-03,BROOD01,348.0
2026-07-03,BROOD02,37.0
2026-07-03,FRIS01,42.0
2026-07-03,FRIS02,32.0
2026-07-03,FRIS03,12.0
2026-07-03,KOF01,0.69
2026-07-03,VLEES01,37.0
2026-07-03,WIJN01,10.2
2026-07-03,WIJN02,5.55
2026-07-03,WIJN03,2.4
2026-07-03,ZUI01,6.75
2026-07-04,AARD01,16.38
2026-07-04,BIER01,39.25
2026-07-04,BIER02,62.0
2026-07-04,BROOD01,269.0
2026-07-04,BROOD02,46.0
2026-07-04,FRIS01,45.0
2026-07-04,FRIS02,43.0
2026-07-04,FRIS03,9.5
2026-07-04,KOF01,0.645
2026-07-04,VLEES01,46.0
2026-07-04,WIJN01,9.75
2026-07-04,WIJN02,8.1
2026-07-04,WIJN03,4.05
2026-07-04,ZUI01,7.35
2026-07-05,AARD01,11.76
2026-07-05,BIER01,21.5
2026-07-05,BIER02,21.0
2026-07-05,BROOD01,302.0
2026-07-05,BROOD02,37.0
2026-07-05,FRIS01,37.0
2026-07-05,FRIS02,36.0
2026-07-05,FRIS03,7.75
2026-07-05,KOF01,0.652
2026-07-05,VLEES01,37.0
2026-07-05,WIJN01,5.4
2026-07-05,WIJN02,2.25
2026-07-05,WIJN03,0.75
2026-07-05,ZUI01,6.75
2026-07-06,AARD01,11.34
2026-07-06,BIER01,16.25
2026-07-06,BIER02,9.0
2026-07-06,BROOD01,123.0
2026-07-06,BROOD02,32.0
2026-07-06,FRIS01,20.0
2026-07-06,FRIS02,19.0
2026-07-06,FRIS03,3.0
2026-07-06,KOF01,0.24
2026-07-06,VLEES01,32.0
2026-07-06,WIJN01,2.1
2026-07-06,WIJN02,2.25
2026-07-06,WIJN03,0.75
2026-07-06,ZUI01,2.55
2026-07-07,AARD01,8.54
2026-07-07,BIER01,13.75
2026-07-07,BIER02,15.0
2026-07-07,BROOD01,157.0
2026-07-07,BROOD02,21.0
2026-07-07,FRIS01,8.0
2026-07-07,FRIS02,29.0
2026-07-07,FRIS03,4.5
2026-07-07,KOF01,0.315
2026-07-07,VLEES01,21.0
2026-07-07,WIJN01,2.25
2026-07-07,WIJN02,3.3
2026-07-07,WIJN03,0.45
2026-07-07,ZUI01,3.6
2026-07-08,AARD01,11.06
2026-07-08,BIER01,18.5
2026-07-08,BIER02,8.0
2026-07-08,BROOD01,202.0
2026-07-08,BROOD02,31.0
2026-07-08,FRIS01,26.0
2026-07-08,FRIS02,18.0
2026-07-08,FRIS03,5.0
2026-07-08,KOF01,0.352
2026-07-08,VLEES01,31.0
2026-07-08,WIJN01,3.3
2026-07-08,WIJN02,2.4
2026-07-08,WIJN03,1.8
2026-07-08,ZUI01,4.65
2026-07-09,AARD01,11.9
2026-07-09,BIER01,26.25
2026-07-09,BIER02,38.0
2026-07-09,BROOD01,268.0
2026-07-09,BROOD02,31.0
2026-07-09,FRIS01,56.0
2026-07-09,FRIS02,37.0
2026-07-09,FRIS03,5.75
2026-07-09,KOF01,0.607
2026-07-09,VLEES01,31.0
2026-07-09,WIJN01,4.2
2026-07-09,WIJN02,3.75
2026-07-09,WIJN03,1.8
2026-07-09,ZUI01,7.05
2026-07-10,AARD01,15.68
2026-07-10,BIER01,45.25
2026-07-10,BIER02,51.0
2026-07-10,BROOD01,224.0
2026-07-10,BROOD02,38.0
2026-07-10,FRIS01,40.0
2026-07-10,FRIS02,42.0
2026-07-10,FRIS03,4.25
2026-07-10,KOF01,0.518
2026-07-10,VLEES01,38.0
2026-07-10,WIJN01,5.25
2026-07-10,WIJN02,7.5
2026-07-10,WIJN03,3.9
2026-07-10,ZUI01,4.5
2026-07-11,AARD01,19.6
2026-07-11,BIER01,54.75
2026-07-11,BIER02,54.0
2026-07-11,BROOD01,312.0
2026-07-11,BROOD02,34.0
2026-07-11,FRIS01,44.0
2026-07-11,FRIS02,58.0
2026-07-11,FRIS03,10.5
2026-07-11,KOF01,0.788
2026-07-11,VLEES01,34.0
2026-07-11,WIJN01,6.3
2026-07-11,WIJN02,10.05
2026-07-11,WIJN03,4.5
2026-07-11,ZUI01,9.6
2026-07-12,AARD01,8.96
2026-07-12,BIER01,23.0
2026-07-12,BIER02,15.0
2026-07-12,BROOD01,185.0
2026-07-12,BROOD02,23.0
2026-07-12,FRIS01,25.0
2026-07-12,FRIS02,21.0
2026-07-12,FRIS03,6.5
2026-07-12,KOF01,0.502
2026-07-12,VLEES01,23.0
2026-07-12,WIJN01,5.25
2026-07-12,WIJN02,2.55
2026-07-12,WIJN03,1.2
2026-07-12,ZUI01,4.05
2026-07-13,AARD01,7.14
2026-07-13,BIER01,12.5
2026-07-13,BIER02,7.0
2026-07-13,BROOD01,142.0
2026-07-13,BROOD02,12.0
2026-07-13,FRIS01,14.0
2026-07-13,FRIS02,8.0
2026-07-13,FRIS03,3.25
2026-07-13,KOF01,0.202
2026-07-13,VLEES01,12.0
2026-07-13,WIJN01,1.2
2026-07-13,WIJN02,1.2
2026-07-13,ZUI01,1.35
2026-07-14,AARD01,8.4
2026-07-14,BIER01,10.25
2026-07-14,BIER02,15.0
2026-07-14,BROOD01,137.0
2026-07-14,BROOD02,28.0
2026-07-14,FRIS01,9.0
2026-07-14,FRIS02,24.0
2026-07-14,FRIS03,4.25
2026-07-14,KOF01,0.322
2026-07-14,VLEES01,28.0
2026-07-14,WIJN01,2.55
2026-07-14,WIJN02,2.7
2026-07-14,WIJN03,1.05
2026-07-14,ZUI01,3.9
2026-07-15,AARD01,11.34
2026-07-15,BIER01,13.0
2026-07-15,BIER02,12.0
2026-07-15,BROOD01,215.0
2026-07-15,BROOD02,28.0
2026-07-15,FRIS01,27.0
2026-07-15,FRIS02,21.0
2026-07-15,FRIS03,5.5
2026-07-15,KOF01,0.442
2026-07-15,VLEES01,28.0
2026-07-15,WIJN01,3.9
2026-07-15,WIJN02,3.15
2026-07-15,WIJN03,0.45
2026-07-15,ZUI01,4.5
2026-07-16,AARD01,7.56
2026-07-16,BIER01,18.25
2026-07-16,BIER02,20.0
2026-07-16,BROOD01,194.0
2026-07-16,BROOD02,23.0
2026-07-16,FRIS01,23.0
2026-07-16,FRIS02,17.0
2026-07-16,FRIS03,6.75
2026-07-16,KOF01,0.285
2026-07-16,VLEES01,23.0
2026-07-16,WIJN01,3.6
2026-07-16,WIJN02,3.75
2026-07-16,WIJN03,1.5
2026-07-16,ZUI01,3.6
2026-07-17,AARD01,19.18
2026-07-17,BIER01,45.5
2026-07-17,BIER02,56.0
2026-07-17,BROOD01,312.0
2026-07-17,BROOD02,38.0
2026-07-17,FRIS01,54.0
2026-07-17,FRIS02,53.0
2026-07-17,FRIS03,10.75
2026-07-17,KOF01,0.698
2026-07-17,VLEES01,38.0
2026-07-17,WIJN01,7.2
2026-07-17,WIJN02,7.95
2026-07-17,WIJN03,4.2
2026-07-17,ZUI01,4.2
2026-07-18,AARD01,21.0
2026-07-18,BIER01,57.25
2026-07-18,BIER02,52.0
2026-07-18,BROOD01,247.0
2026-07-18,BROOD02,51.0
2026-07-18,FRIS01,64.0
2026-07-18,FRIS02,65.0
2026-07-18,FRIS03,10.75
2026-07-18,KOF01,0.908
2026-07-18,VLEES01,51.0
2026-07-18,WIJN01,9.0
2026-07-18,WIJN02,5.85
2026-07-18,WIJN03,2.25
2026-07-18,ZUI01,8.55
2026-07-19,AARD01,9.38
2026-07-19,BIER01,23.0
2026-07-19,BIER02,19.0
2026-07-19,BROOD01,319.0
2026-07-19,BROOD02,27.0
2026-07-19,FRIS01,35.0
2026-07-19,FRIS02,38.0
2026-07-19,FRIS03,8.75
2026-07-19,KOF01,0.615
2026-07-19,VLEES01,27.0
2026-07-19,WIJN01,4.65
2026-07-19,WIJN02,4.65
2026-07-19,WIJN03,0.6
2026-07-19,ZUI01,6.9
2026-07-20,AARD01,8.54
2026-07-20,BIER01,12.75
2026-07-20,BIER02,22.0
2026-07-20,BROOD01,155.0
2026-07-20,BROOD02,20.0
2026-07-20,FRIS01,18.0
2026-07-20,FRIS02,25.0
2026-07-20,FRIS03,4.25
2026-07-20,KOF01,0.172
2026-07-20,VLEES01,20.0
2026-07-20,WIJN01,4.2
2026-07-20,WIJN02,2.1
2026-07-20,WIJN03,1.95
2026-07-20,ZUI01,0.9
2026-07-21,AARD01,9.66
2026-07-21,BIER01,12.5
2026-07-21,BIER02,5.0
2026-07-21,BROOD01,170.0
2026-07-21,BROOD02,24.0
2026-07-21,FRIS01,18.0
2026-07-21,FRIS02,7.0
2026-07-21,FRIS03,4.75
2026-07-21,KOF01,0.345
2026-07-21,VLEES01,24.0
2026-07-21,WIJN01,1.5
2026-07-21,WIJN02,1.8
2026-07-21,WIJN03,1.05
2026-07-21,ZUI01,4.05
2026-07-22,AARD01,9.52
2026-07-22,BIER01,20.5
2026-07-22,BIER02,14.0
2026-07-22,BROOD01,177.0
2026-07-22,BROOD02,21.0
2026-07-22,FRIS01,14.0
2026-07-22,FRIS02,19.0
2026-07-22,FRIS03,6.5
2026-07-22,KOF01,0.33
2026-07-22,VLEES01,21.0
2026-07-22,WIJN01,3.0
2026-07-22,WIJN02,3.75
2026-07-22,WIJN03,1.05
2026-07-22,ZUI01,3.75
2026-07-23,AARD01,11.06
2026-07-23,BIER01,25.25
2026-07-23,BIER02,22.0
2026-07-23,BROOD01,236.0
2026-07-23,BROOD02,31.0
2026-07-23,FRIS01,17.0
2026-07-23,FRIS02,17.0
2026-07-23,FRIS03,7.5
2026-07-23,KOF01,0.457
2026-07-23,VLEES01,31.0
2026-07-23,WIJN01,2.55
2026-07-23,WIJN02,1.2
2026-07-23,WIJN03,0.75
2026-07-23,ZUI01,4.95
2026-07-24,AARD01,16.8
2026-07-24,BIER01,43.0
2026-07-24,BIER02,44.0
2026-07-24,BROOD01,270.0
2026-07-24,BROOD02,44.0
2026-07-24,FRIS01,30.0
2026-07-24,FRIS02,32.0
2026-07-24,FRIS03,10.75
2026-07-24,KOF01,0.63
2026-07-24,VLEES01,44.0
2026-07-24,WIJN01,5.4
2026-07-24,WIJN02,7.65
2026-07-24,WIJN03,1.35
2026-07-24,ZUI01,6.75
2026-07-25,AARD01,18.76
2026-07-25,BIER01,40.5
2026-07-25,BIER02,31.0
2026-07-25,BROOD01,203.0
2026-07-25,BROOD02,42.0
2026-07-25,FRIS01,37.0
2026-07-25,FRIS02,54.0
2026-07-25,FRIS03,10.0
2026-07-25,KOF01,0.45
2026-07-25,VLEES01,42.0
2026-07-25,WIJN01,6.15
2026-07-25,WIJN02,6.75
2026-07-25,WIJN03,2.85
2026-07-25,ZUI01,4.8
2026-07-26,AARD01,10.08
2026-07-26,BIER01,13.0
2026-07-26,BIER02,19.0
2026-07-26,BROOD01,201.0
2026-07-26,BROOD02,21.0
2026-07-26,FRIS01,20.0
2026-07-26,FRIS02,35.0
2026-07-26,FRIS03,5.25
2026-07-26,KOF01,0.607
2026-07-26,VLEES01,21.0
2026-07-26,WIJN01,2.25
2026-07-26,WIJN02,2.4
2026-07-26,WIJN03,0.9
2026-07-26,ZUI01,6.75
2026-07-27,AARD01,9.38
2026-07-27,BIER01,16.0
2026-07-27,BIER02,13.0
2026-07-27,BROOD01,139.0
2026-07-27,BROOD02,22.0
2026-07-27,FRIS01,32.0
2026-07-27,FRIS02,18.0
2026-07-27,FRIS03,3.25
2026-07-27,KOF01,0.292
2026-07-27,VLEES01,22.0
2026-07-27,WIJN01,2.1
2026-07-27,WIJN02,1.8
2026-07-27,WIJN03,0.45
2026-07-27,ZUI01,2.85
2026-07-28,AARD01,9.66
2026-07-28,BIER01,15.25
2026-07-28,BIER02,12.0
2026-07-28,BROOD01,213.0
2026-07-28,BROOD02,30.0
2026-07-28,FRIS01,18.0
2026-07-28,FRIS02,32.0
2026-07-28,FRIS03,5.5
2026-07-28,KOF01,0.382
2026-07-28,VLEES01,30.0
2026-07-28,WIJN01,4.2
2026-07-28,WIJN02,2.85
2026-07-28,WIJN03,0.9
2026-07-28,ZUI01,3.3
2026-07-29,AARD01,9.8
2026-07-29,BIER01,10.25
2026-07-29,BIER02,10.0
2026-07-29,BROOD01,181.0
2026-07-29,BROOD02,27.0
2026-07-29,FRIS01,16.0
2026-07-29,FRIS02,32.0
2026-07-29,FRIS03,6.75
2026-07-29,KOF01,0.45
2026-07-29,VLEES01,27.0
2026-07-29,WIJN01,3.45
2026-07-29,WIJN02,3.0
2026-07-29,WIJN03,1.05
2026-07-29,ZUI01,4.2
2026-07-30,AARD01,8.12
2026-07-30,BIER01,19.25
2026-07-30,BIER02,20.0
2026-07-30,BROOD01,216.0
2026-07-30,BROOD02,18.0
2026-07-30,FRIS01,24.0
2026-07-30,FRIS02,24.0
2026-07-30,FRIS03,3.25
2026-07-30,KOF01,0.442
2026-07-30,VLEES01,18.0
2026-07-30,WIJN01,3.15
2026-07-30,WIJN02,3.45
2026-07-30,WIJN03,0.45
2026-07-30,ZUI01,3.45
2026-07-31,AARD01,16.8
2026-07-31,BIER01,30.75
2026-07-31,BIER02,21.0
2026-07-31,BROOD01,220.0
2026-07-31,BROOD02,35.0
2026-07-31,FRIS01,43.0
2026-07-31,FRIS02,24.0
2026-07-31,FRIS03,10.5
2026-07-31,KOF01,0.548
2026-07-31,VLEES01,35.0
2026-07-31,WIJN01,6.15
2026-07-31,WIJN02,6.3
2026-07-31,WIJN03,3.45
2026-07-31,ZUI01,4.95
2026-08-01,AARD01,14.84
2026-08-01,BIER01,40.5
2026-08-01,BIER02,45.0
2026-08-01,BROOD01,208.0
2026-08-01,BROOD02,43.0
2026-08-01,FRIS01,36.0
2026-08-01,FRIS02,33.0
2026-08-01,FRIS03,4.0
2026-08-01,KOF01,0.382
2026-08-01,VLEES01,43.0
2026-08-01,WIJN01,5.7
2026-08-01,WIJN02,5.55
2026-08-01,WIJN03,1.5
2026-08-01,ZUI01,3.15
2026-08-02,AARD01,15.96
2026-08-02,BIER01,23.0
2026-08-02,BIER02,27.0
2026-08-02,BROOD01,427.0
2026-08-02,BROOD02,29.0
2026-08-02,FRIS01,48.0
2026-08-02,FRIS02,42.0
2026-08-02,FRIS03,15.25
2026-08-02,KOF01,0.75
2026-08-02,VLEES01,29.0
2026-08-02,WIJN01,5.1
2026-08-02,WIJN02,3.3
2026-08-02,WIJN03,1.8
2026-08-02,ZUI01,8.1
2026-08-03,AARD01,7.0
2026-08-03,BIER01,16.5
2026-08-03,BIER02,8.0
2026-08-03,BROOD01,111.0
2026-08-03,BROOD02,18.0
2026-08-03,FRIS01,10.0
2026-08-03,FRIS02,22.0
2026-08-03,FRIS03,3.25
2026-08-03,KOF01,0.142
2026-08-03,VLEES01,18.0
2026-08-03,WIJN01,2.4
2026-08-03,WIJN02,3.15
2026-08-03,WIJN03,0.9
2026-08-03,ZUI01,1.05
2026-08-04,AARD01,12.6
2026-08-04,BIER01,18.0
2026-08-04,BIER02,20.0
2026-08-04,BROOD01,178.0
2026-08-04,BROOD02,33.0
2026-08-04,FRIS01,29.0
2026-08-04,FRIS02,17.0
2026-08-04,FRIS03,3.75
2026-08-04,KOF01,0.368
2026-08-04,VLEES01,33.0
2026-08-04,WIJN01,4.2
2026-08-04,WIJN02,3.6
2026-08-04,WIJN03,1.05
2026-08-04,ZUI01,4.65
2026-08-05,AARD01,10.5
2026-08-05,BIER01,19.5
2026-08-05,BIER02,15.0
2026-08-05,BROOD01,135.0
2026-08-05,BROOD02,27.0
2026-08-05,FRIS01,35.0
2026-08-05,FRIS02,18.0
2026-08-05,FRIS03,6.0
2026-08-05,KOF01,0.397
2026-08-05,VLEES01,27.0
2026-08-05,WIJN01,4.65
2026-08-05,WIJN02,1.65
2026-08-05,WIJN03,1.65
2026-08-05,ZUI01,4.5
2026-08-06,AARD01,14.42
2026-08-06,BIER01,22.25
2026-08-06,BIER02,21.0
2026-08-06,BROOD01,294.0
2026-08-06,BROOD02,39.0
2026-08-06,FRIS01,24.0
2026-08-06,FRIS02,40.0
2026-08-06,FRIS03,8.25
2026-08-06,KOF01,0.57
2026-08-06,VLEES01,39.0
2026-08-06,WIJN01,6.9
2026-08-06,WIJN02,2.55
2026-08-06,WIJN03,1.5
2026-08-06,ZUI01,6.0
2026-08-07,AARD01,20.16
2026-08-07,BIER01,39.25
2026-08-07,BIER02,54.0
2026-08-07,BROOD01,299.0
2026-08-07,BROOD02,44.0
2026-08-07,FRIS01,58.0
2026-08-07,FRIS02,32.0
2026-08-07,FRIS03,6.25
2026-08-07,KOF01,0.518
2026-08-07,VLEES01,44.0
2026-08-07,WIJN01,6.6
2026-08-07,WIJN02,8.25
2026-08-07,WIJN03,2.1
2026-08-07,ZUI01,5.85
2026-08-08,AARD01,19.04
2026-08-08,BIER01,39.0
2026-08-08,BIER02,41.0
2026-08-08,BROOD01,255.0
2026-08-08,BROOD02,37.0
2026-08-08,FRIS01,39.0
2026-08-08,FRIS02,34.0
2026-08-08,FRIS03,7.5
2026-08-08,KOF01,0.585
2026-08-08,VLEES01,37.0
2026-08-08,WIJN01,10.2
2026-08-08,WIJN02,7.05
2026-08-08,WIJN03,3.6
2026-08-08,ZUI01,5.4
2026-08-09,AARD01,11.9
2026-08-09,BIER01,11.5
2026-08-09,BIER02,7.0
2026-08-09,BROOD01,309.0
2026-08-09,BROOD02,30.0
2026-08-09,FRIS01,22.0
2026-08-09,FRIS02,30.0
2026-08-09,FRIS03,8.25
2026-08-09,KOF01,0.615
2026-08-09,VLEES01,30.0
2026-08-09,WIJN01,2.25
2026-08-09,WIJN02,2.55
2026-08-09,WIJN03,0.9
2026-08-09,ZUI01,7.8
2026-08-10,AARD01,7.28
2026-08-10,BIER01,11.0
2026-08-10,BIER02,6.0
2026-08-10,BROOD01,168.0
2026-08-10,BROOD02,17.0
2026-08-10,FRIS01,21.0
2026-08-10,FRIS02,19.0
2026-08-10,FRIS03,5.25
2026-08-10,KOF01,0.42
2026-08-10,VLEES01,17.0
2026-08-10,WIJN01,1.2
2026-08-10,WIJN02,1.05
2026-08-10,WIJN03,0.45
2026-08-10,ZUI01,4.05
2026-08-11,AARD01,8.82
2026-08-11,BIER01,13.75
2026-08-11,BIER02,14.0
2026-08-11,BROOD01,173.0
2026-08-11,BROOD02,14.0
2026-08-11,FRIS01,16.0
2026-08-11,FRIS02,28.0
2026-08-11,FRIS03,5.5
2026-08-11,KOF01,0.322
2026-08-11,VLEES01,14.0
2026-08-11,WIJN01,3.15
2026-08-11,WIJN02,2.25
2026-08-11,WIJN03,0.9
2026-08-11,ZUI01,2.7
2026-08-12,AARD01,9.1
2026-08-12,BIER01,18.5
2026-08-12,BIER02,6.0
2026-08-12,BROOD01,191.0
2026-08-12,BROOD02,24.0
2026-08-12,FRIS01,25.0
2026-08-12,FRIS02,26.0
2026-08-12,FRIS03,6.5
2026-08-12,KOF01,0.405
2026-08-12,VLEES01,24.0
2026-08-12,WIJN01,1.05
2026-08-12,WIJN02,3.0
2026-08-12,WIJN03,2.1
2026-08-12,ZUI01,4.5
2026-08-13,AARD01,12.04
2026-08-13,BIER01,16.5
2026-08-13,BIER02,10.0
2026-08-13,BROOD01,248.0
2026-08-13,BROOD02,31.0
2026-08-13,FRIS01,26.0
2026-08-13,FRIS02,38.0
2026-08-13,FRIS03,4.5
2026-08-13,KOF01,0.368
2026-08-13,VLEES01,31.0
2026-08-13,WIJN01,3.9
2026-08-13,WIJN02,3.15
2026-08-13,WIJN03,1.5
2026-08-13,ZUI01,4.05
2026-08-14,AARD01,18.62
2026-08-14,BIER01,45.5
2026-08-14,BIER02,50.0
2026-08-14,BROOD01,260.0
2026-08-14,BROOD02,33.0
2026-08-14,FRIS01,39.0
2026-08-14,FRIS02,39.0
2026-08-14,FRIS03,9.75
2026-08-14,KOF01,0.57
2026-08-14,VLEES01,33.0
2026-08-14,WIJN01,8.1
2026-08-14,WIJN02,5.7
2026-08-14,WIJN03,2.7
2026-08-14,ZUI01,4.2
2026-08-15,AARD01,10.5
2026-08-15,BIER01,31.0
2026-08-15,BIER02,31.0
2026-08-15,BROOD01,139.0
2026-08-15,BROOD02,26.0
2026-08-15,FRIS01,29.0
2026-08-15,FRIS02,33.0
2026-08-15,FRIS03,5.0
2026-08-15,KOF01,0.33
2026-08-15,VLEES01,26.0
2026-08-15,WIJN01,4.65
2026-08-15,WIJN02,4.5
2026-08-15,WIJN03,1.35
2026-08-15,ZUI01,4.05
2026-08-16,AARD01,8.26
2026-08-16,BIER01,20.5
2026-08-16,BIER02,15.0
2026-08-16,BROOD01,254.0
2026-08-16,BROOD02,22.0
2026-08-16,FRIS01,23.0
2026-08-16,FRIS02,27.0
2026-08-16,FRIS03,8.75
2026-08-16,KOF01,0.682
2026-08-16,VLEES01,22.0
2026-08-16,WIJN01,4.35
2026-08-16,WIJN02,2.85
2026-08-16,WIJN03,0.45
2026-08-16,ZUI01,7.8
2026-08-17,AARD01,6.72
2026-08-17,BIER01,13.75
2026-08-17,BIER02,16.0
2026-08-17,BROOD01,138.0
2026-08-17,BROOD02,23.0
2026-08-17,FRIS01,13.0
2026-08-17,FRIS02,27.0
2026-08-17,FRIS03,4.25
2026-08-17,KOF01,0.225
2026-08-17,VLEES01,23.0
2026-08-17,WIJN01,3.0
2026-08-17,WIJN02,0.9
2026-08-17,WIJN03,0.9
2026-08-17,ZUI01,2.25
2026-08-18,AARD01,7.28
2026-08-18,BIER01,12.75
2026-08-18,BIER02,10.0
2026-08-18,BROOD01,129.0
2026-08-18,BROOD02,24.0
2026-08-18,FRIS01,19.0
2026-08-18,FRIS02,24.0
2026-08-18,FRIS03,3.0
2026-08-18,KOF01,0.218
2026-08-18,VLEES01,24.0
2026-08-18,WIJN01,3.15
2026-08-18,WIJN02,2.4
2026-08-18,WIJN03,0.6
2026-08-18,ZUI01,2.25
2026-08-19,AARD01,12.18
2026-08-19,BIER01,14.0
2026-08-19,BIER02,15.0
2026-08-19,BROOD01,193.0
2026-08-19,BROOD02,26.0
2026-08-19,FRIS01,16.0
2026-08-19,FRIS02,24.0
2026-08-19,FRIS03,5.5
2026-08-19,KOF01,0.33
2026-08-19,VLEES01,26.0
2026-08-19,WIJN01,2.25
2026-08-19,WIJN02,2.4
2026-08-19,WIJN03,0.3
2026-08-19,ZUI01,3.3
2026-08-20,AARD01,8.54
2026-08-20,BIER01,16.25
2026-08-20,BIER02,20.0
2026-08-20,BROOD01,204.0
2026-08-20,BROOD02,25.0
2026-08-20,FRIS01,19.0
2026-08-20,FRIS02,32.0
2026-08-20,FRIS03,5.0
2026-08-20,KOF01,0.465
2026-08-20,VLEES01,25.0
2026-08-20,WIJN01,5.1
2026-08-20,WIJN02,2.1
2026-08-20,WIJN03,0.75
2026-08-20,ZUI01,4.05
2026-08-21,AARD01,11.9
2026-08-21,BIER01,33.25
2026-08-21,BIER02,26.0
2026-08-21,BROOD01,275.0
2026-08-21,BROOD02,15.0
2026-08-21,FRIS01,33.0
2026-08-21,FRIS02,39.0
2026-08-21,FRIS03,7.75
2026-08-21,KOF01,0.518
2026-08-21,VLEES01,15.0
2026-08-21,WIJN01,7.35
2026-08-21,WIJN02,3.6
2026-08-21,WIJN03,1.8
2026-08-21,ZUI01,5.1
2026-08-22,AARD01,14.0
2026-08-22,BIER01,33.25
2026-08-22,BIER02,18.0
2026-08-22,BROOD01,340.0
2026-08-22,BROOD02,37.0
2026-08-22,FRIS01,27.0
2026-08-22,FRIS02,35.0
2026-08-22,FRIS03,10.25
2026-08-22,KOF01,0.548
2026-08-22,VLEES01,37.0
2026-08-22,WIJN01,5.4
2026-08-22,WIJN02,6.15
2026-08-22,WIJN03,1.35
2026-08-22,ZUI01,5.1
2026-08-23,AARD01,8.68
2026-08-23,BIER01,14.0
2026-08-23,BIER02,10.0
2026-08-23,BROOD01,134.0
2026-08-23,BROOD02,17.0
2026-08-23,FRIS01,13.0
2026-08-23,FRIS02,8.0
2026-08-23,FRIS03,4.25
2026-08-23,KOF01,0.375
2026-08-23,VLEES01,17.0
2026-08-23,WIJN01,2.1
2026-08-23,WIJN02,3.15
2026-08-23,WIJN03,0.6
2026-08-23,ZUI01,3.6
2026-08-24,AARD01,4.34
2026-08-24,BIER01,7.75
2026-08-24,BIER02,6.0
2026-08-24,BROOD01,100.0
2026-08-24,BROOD02,14.0
2026-08-24,FRIS01,16.0
2026-08-24,FRIS02,11.0
2026-08-24,FRIS03,3.5
2026-08-24,KOF01,0.18
2026-08-24,VLEES01,14.0
2026-08-24,WIJN01,0.75
2026-08-24,WIJN02,1.05
2026-08-24,WIJN03,0.45
2026-08-24,ZUI01,2.1
2026-08-25,AARD01,9.24
2026-08-25,BIER01,10.5
2026-08-25,BIER02,11.0
2026-08-25,BROOD01,121.0
2026-08-25,BROOD02,27.0
2026-08-25,FRIS01,15.0
2026-08-25,FRIS02,17.0
2026-08-25,FRIS03,3.25
2026-08-25,KOF01,0.285
2026-08-25,VLEES01,27.0
2026-08-25,WIJN01,2.4
2026-08-25,WIJN02,3.15
2026-08-25,WIJN03,0.75
2026-08-25,ZUI01,2.7
2026-08-26,AARD01,8.54
2026-08-26,BIER01,14.25
2026-08-26,BIER02,14.0
2026-08-26,BROOD01,121.0
2026-08-26,BROOD02,17.0
2026-08-26,FRIS01,19.0
2026-08-26,FRIS02,11.0
2026-08-26,FRIS03,4.0
2026-08-26,KOF01,0.308
2026-08-26,VLEES01,17.0
2026-08-26,WIJN01,1.8
2026-08-26,WIJN02,3.0
2026-08-26,WIJN03,1.2
2026-08-26,ZUI01,4.35
2026-08-27,AARD01,15.4
2026-08-27,BIER01,9.75
2026-08-27,BIER02,14.0
2026-08-27,BROOD01,222.0
2026-08-27,BROOD02,42.0
2026-08-27,FRIS01,25.0
2026-08-27,FRIS02,36.0
2026-08-27,FRIS03,4.5
2026-08-27,KOF01,0.352
2026-08-27,VLEES01,42.0
2026-08-27,WIJN01,5.1
2026-08-27,WIJN02,3.6
2026-08-27,WIJN03,0.3
2026-08-27,ZUI01,4.05
2026-08-28,AARD01,15.4
2026-08-28,BIER01,28.25
2026-08-28,BIER02,32.0
2026-08-28,BROOD01,206.0
2026-08-28,BROOD02,36.0
2026-08-28,FRIS01,31.0
2026-08-28,FRIS02,33.0
2026-08-28,FRIS03,5.5
2026-08-28,KOF01,0.465
2026-08-28,VLEES01,36.0
2026-08-28,WIJN01,7.05
2026-08-28,WIJN02,5.25
2026-08-28,WIJN03,2.1
2026-08-28,ZUI01,3.9
2026-08-29,AARD01,15.12
2026-08-29,BIER01,32.0
2026-08-29,BIER02,26.0
2026-08-29,BROOD01,166.0
2026-08-29,BROOD02,39.0
2026-08-29,FRIS01,40.0
2026-08-29,FRIS02,48.0
2026-08-29,FRIS03,3.75
2026-08-29,KOF01,0.3
2026-08-29,VLEES01,39.0
2026-08-29,WIJN01,7.05
2026-08-29,WIJN02,5.4
2026-08-29,WIJN03,1.95
2026-08-29,ZUI01,3.0
2026-08-30,AARD01,12.18
2026-08-30,BIER01,19.5
2026-08-30,BIER02,19.0
2026-08-30,BROOD01,281.0
2026-08-30,BROOD02,28.0
2026-08-30,FRIS01,28.0
2026-08-30,FRIS02,23.0
2026-08-30,FRIS03,9.25
2026-08-30,KOF01,0.69
2026-08-30,VLEES01,28.0
2026-08-30,WIJN01,2.4
2026-08-30,WIJN02,3.0
2026-08-30,WIJN03,0.75
2026-08-30,ZUI01,7.5
2026-08-31,AARD01,8.82
2026-08-31,BIER01,8.75
2026-08-31,BIER02,13.0
2026-08-31,BROOD01,171.0
2026-08-31,BROOD02,18.0
2026-08-31,FRIS01,9.0
2026-08-31,FRIS02,27.0
2026-08-31,FRIS03,5.75
2026-08-31,KOF01,0.232
2026-08-31,VLEES01,18.0
2026-08-31,WIJN01,0.9
2026-08-31,WIJN02,2.4
2026-08-31,WIJN03,0.45
2026-08-31,ZUI01,1.8
